19-Nov-25 09:17:07.440 - DEBUG enabled with showing of window True
19-Nov-25 09:17:07.452 * BETA logging flag enabled
19-Nov-25 09:17:07.452 - ***************************************************************
19-Nov-25 09:17:07.452 - Linux DOFLinx for Pinball and MAME Emulators - DOFLinx by DDH69
19-Nov-25 09:17:07.452 - Starting up - version 1.04 Beta 1
19-Nov-25 09:17:07.452 - ***************************************************************
19-Nov-25 09:17:07.453 - Linux OS on Arm64 processor with 64 bit operating system and 64 bit application
19-Nov-25 09:17:07.453 - If you like it, please make a donation here https://www.paypal.com/donate?hosted_button_id=YEPCTUYFX5KDE
19-Nov-25 09:17:07.454 - The guide can be found here https://doflinx.github.io/docs/
19-Nov-25 09:17:07.454 - For support come and visit the community here https://www.vpforums.org/index.php?showforum=104
19-Nov-25 09:17:07.454 - Pre-Reading DOFLinx.ini startup config file details
19-Nov-25 09:17:07.677 * Processing parameter 'DEBUG' with data '69' not in real-time
19-Nov-25 09:17:07.678 - DEBUG enabled with showing of window True
19-Nov-25 09:17:07.678 * Special logging flag enabled with window turned on
19-Nov-25 09:17:07.678 - DEBUG enabled with showing of window True
19-Nov-25 09:17:07.684 * Ultimate I/O board found - not fully implemented
19-Nov-25 09:17:07.735 - Discovery error with /dev/hidraw4
19-Nov-25 09:17:08.204 * System.IO.IOException: Broken pipe : '/dev/hidraw4'
   at System.IO.RandomAccess.WriteAtOffset(SafeFileHandle handle, ReadOnlySpan`1 buffer, Int64 fileOffset)
   at System.IO.Strategies.OSFileStreamStrategy.Write(ReadOnlySpan`1 buffer)
   at System.IO.Strategies.BufferedFileStreamStrategy.Flush(Boolean flushToDisk)
   at System.IO.Strategies.BufferedFileStreamStrategy.Dispose(Boolean disposing)
   at LDOFLinx.DLOutput.FindOutput() in K:\DOFLinx\LDOFLinx\DLOutput.vb:line 336
19-Nov-25 09:17:08.204 * Ultimate I/O board found - not fully implemented
19-Nov-25 09:17:08.255 - Discovery error with /dev/hidraw3
19-Nov-25 09:17:08.255 * System.IO.IOException: Broken pipe : '/dev/hidraw3'
   at System.IO.RandomAccess.WriteAtOffset(SafeFileHandle handle, ReadOnlySpan`1 buffer, Int64 fileOffset)
   at System.IO.Strategies.OSFileStreamStrategy.Write(ReadOnlySpan`1 buffer)
   at System.IO.Strategies.BufferedFileStreamStrategy.Flush(Boolean flushToDisk)
   at System.IO.Strategies.BufferedFileStreamStrategy.Dispose(Boolean disposing)
   at LDOFLinx.DLOutput.FindOutput() in K:\DOFLinx\LDOFLinx\DLOutput.vb:line 336
19-Nov-25 09:17:08.255 * Ultimate I/O board found - not fully implemented
19-Nov-25 09:17:08.306 - Discovery error with /dev/hidraw2
19-Nov-25 09:17:08.306 * System.IO.IOException: Broken pipe : '/dev/hidraw2'
   at System.IO.RandomAccess.WriteAtOffset(SafeFileHandle handle, ReadOnlySpan`1 buffer, Int64 fileOffset)
   at System.IO.Strategies.OSFileStreamStrategy.Write(ReadOnlySpan`1 buffer)
   at System.IO.Strategies.BufferedFileStreamStrategy.Flush(Boolean flushToDisk)
   at System.IO.Strategies.BufferedFileStreamStrategy.Dispose(Boolean disposing)
   at LDOFLinx.DLOutput.FindOutput() in K:\DOFLinx\LDOFLinx\DLOutput.vb:line 336
19-Nov-25 09:17:08.306 - No output devices found
19-Nov-25 09:17:08.308 * Starting monitoring of keyboard = /dev/input/by-path/platform-xhci-hcd.1-usb-0:1:1.0-event-kbd
19-Nov-25 09:17:08.308 * Starting monitoring of keyboard = /dev/input/by-path/platform-xhci-hcd.1-usb-0:2:1.0-event-kbd
19-Nov-25 09:17:08.309 - Reading DOFLinx.ini startup config file details
19-Nov-25 09:17:08.664 * Processing parameter 'DEBUG' with data '69' not in real-time
19-Nov-25 09:17:08.664 - DEBUG enabled with showing of window True
19-Nov-25 09:17:08.664 * Special logging flag enabled with window turned on
19-Nov-25 09:17:08.664 * Processing parameter 'COLOUR_FILE' with data './config/colours.ini' not in real-time
19-Nov-25 09:17:08.665 - Reading colour file named ./config/colours.ini
19-Nov-25 09:17:08.731 * Processing parameter 'PATH_MAME' with data './mame/' not in real-time
19-Nov-25 09:17:08.756 * Processing parameter 'PATH_PIXELCADE' with data './pixelcade/' not in real-time
19-Nov-25 09:17:08.762 - The path './pixelcade/' does not exist
19-Nov-25 09:17:08.762 * Processing parameter 'MAME_FOLDER' with data '/usr/games/' not in real-time
19-Nov-25 09:17:08.762 * Processing parameter 'PROCESSES' with data 'retroarch' not in real-time
19-Nov-25 09:17:08.763 * Processing parameter 'MAME_PROCESS' with data 'retroarch' not in real-time
19-Nov-25 09:17:08.763 * Processing parameter 'MAME_RETROARCH_NCI' with data '1' not in real-time
19-Nov-25 09:17:08.773 * Processing parameter 'PIXELCADE_LCD_USE_NETWORK_ADDRESS' with data '1' not in real-time
19-Nov-25 09:17:08.773 * Processing parameter 'PIXELCADE_MENU_HIGHSCORE' with data '1' not in real-time
19-Nov-25 09:17:08.774 * Processing parameter 'PIXELCADE_GAME_START_HIGHSCORE' with data '1' not in real-time
19-Nov-25 09:17:08.774 * Processing parameter 'RGB_STYLE' with data 'RANDOM' not in real-time
19-Nov-25 09:17:08.774 * Processing parameter 'RGB_TRIGGER' with data 'TIME' not in real-time
19-Nov-25 09:17:08.774 * Processing parameter 'RGB_MIN_TIME' with data '1000' not in real-time
19-Nov-25 09:17:08.814 * Processing parameter 'LINK_BUT_CN' with data '0000,Orange,6' not in real-time
19-Nov-25 09:17:08.817 * Processing parameter 'LINK_BUT_EX' with data '0000,Amber,1' not in real-time
19-Nov-25 09:17:08.817 * Processing parameter 'LINK_BUT_J1' with data '0000,Random,0' not in real-time
19-Nov-25 09:17:08.817 * Processing parameter 'LINK_BUT_ST' with data '0000,White,6' not in real-time
19-Nov-25 09:17:08.817 * Processing parameter 'LINK_BUT_RE' with data '0000,Orange_Red,61' not in real-time
19-Nov-25 09:17:08.817 * Processing parameter 'LINK_BUT_PS' with data '0000,Deep_Pink,25' not in real-time
19-Nov-25 09:17:08.817 * Processing parameter 'LINK_BUT_P1' with data '0000,Cyan,2' not in real-time
19-Nov-25 09:17:08.817 * Processing parameter 'LINK_BUT_P2' with data '0000,Orchid,3' not in real-time
19-Nov-25 09:17:08.817 * Processing parameter 'LINK_BUT_B1' with data '0000,Green,29' not in real-time
19-Nov-25 09:17:08.817 * Processing parameter 'LINK_BUT_B2' with data '0000,Red,56' not in real-time
19-Nov-25 09:17:08.818 * Processing parameter 'LINK_BUT_B3' with data '0000,Yellow,57' not in real-time
19-Nov-25 09:17:08.818 * Processing parameter 'LINK_BUT_B4' with data '0000,Blue,00' not in real-time
19-Nov-25 09:17:08.818 * Processing parameter 'LINK_BUT_B5' with data '0000,Blue,44' not in real-time
19-Nov-25 09:17:08.818 * Processing parameter 'LINK_BUT_B6' with data '0000,Blue,45' not in real-time
19-Nov-25 09:17:08.818 * Processing parameter 'LINK_BUT_CH' with data '0000,Deep_Pink,64' not in real-time
19-Nov-25 09:17:08.818 * Processing parameter 'LINK_BUT_MN' with data '0000,Yellow,15' not in real-time
19-Nov-25 09:17:08.818 - DEBUG enabled with showing of window True
19-Nov-25 09:17:15.783 - No pixelcade.ini or settings.ini file could be found in the PATH_PIXELCADE= location
19-Nov-25 09:17:15.798 * 
19-Nov-25 09:17:15.801 - /usr/games/retroarch for game names was not found
19-Nov-25 09:17:15.803 - Trigger thread starting
19-Nov-25 09:17:16.149 * No menu.ini found
19-Nov-25 09:18:20.655 - Processing incoming message - QUIT
19-Nov-25 09:18:20.655 - Processing parameter 'QUIT' with data '' in real-time
19-Nov-25 09:18:20.660 - Shutting down
19-Nov-25 09:18:20.662 - Program close
19-Nov-25 09:37:46.395 - DEBUG enabled with showing of window True
19-Nov-25 09:37:46.407 * BETA logging flag enabled
19-Nov-25 09:37:46.407 - ***************************************************************
19-Nov-25 09:37:46.407 - Linux DOFLinx for Pinball and MAME Emulators - DOFLinx by DDH69
19-Nov-25 09:37:46.407 - Starting up - version 1.04 Beta 1
19-Nov-25 09:37:46.407 - ***************************************************************
19-Nov-25 09:37:46.408 - Linux OS on Arm64 processor with 64 bit operating system and 64 bit application
19-Nov-25 09:37:46.408 - If you like it, please make a donation here https://www.paypal.com/donate?hosted_button_id=YEPCTUYFX5KDE
19-Nov-25 09:37:46.408 - The guide can be found here https://doflinx.github.io/docs/
19-Nov-25 09:37:46.409 - For support come and visit the community here https://www.vpforums.org/index.php?showforum=104
19-Nov-25 09:37:46.409 - Pre-Reading DOFLinx.ini startup config file details
19-Nov-25 09:37:46.446 * Processing parameter 'DEBUG' with data '69' not in real-time
19-Nov-25 09:37:46.447 - DEBUG enabled with showing of window True
19-Nov-25 09:37:46.447 * Special logging flag enabled with window turned on
19-Nov-25 09:37:46.447 - DEBUG enabled with showing of window True
19-Nov-25 09:37:46.460 - Opening device #1 Pinscape Pico ID#2 named Test Pico with 4 outputs
19-Nov-25 09:37:46.462 * Starting monitoring of keyboard = /dev/input/by-path/platform-xhci-hcd.1-usb-0:1:1.4-event-kbd
19-Nov-25 09:37:46.462 * Starting monitoring of keyboard = /dev/input/by-path/platform-xhci-hcd.1-usb-0:2:1.0-event-kbd
19-Nov-25 09:37:46.463 - Reading DOFLinx.ini startup config file details
19-Nov-25 09:37:46.464 * Processing parameter 'DEBUG' with data '69' not in real-time
19-Nov-25 09:37:46.464 - DEBUG enabled with showing of window True
19-Nov-25 09:37:46.464 * Special logging flag enabled with window turned on
19-Nov-25 09:37:46.464 * Processing parameter 'COLOUR_FILE' with data './config/colours.ini' not in real-time
19-Nov-25 09:37:46.465 - Reading colour file named ./config/colours.ini
19-Nov-25 09:37:46.479 * Processing parameter 'PATH_MAME' with data './mame/' not in real-time
19-Nov-25 09:37:46.481 * Processing parameter 'PATH_PIXELCADE' with data './pixelcade/' not in real-time
19-Nov-25 09:37:46.483 - The path './pixelcade/' does not exist
19-Nov-25 09:37:46.483 * Processing parameter 'MAME_FOLDER' with data '/usr/games/' not in real-time
19-Nov-25 09:37:46.483 * Processing parameter 'PROCESSES' with data 'retroarch' not in real-time
19-Nov-25 09:37:46.483 * Processing parameter 'MAME_PROCESS' with data 'retroarch' not in real-time
19-Nov-25 09:37:46.483 * Processing parameter 'MAME_RETROARCH_NCI' with data '1' not in real-time
19-Nov-25 09:37:46.494 * Processing parameter 'PIXELCADE_LCD_USE_NETWORK_ADDRESS' with data '1' not in real-time
19-Nov-25 09:37:46.494 * Processing parameter 'PIXELCADE_MENU_HIGHSCORE' with data '1' not in real-time
19-Nov-25 09:37:46.494 * Processing parameter 'PIXELCADE_GAME_START_HIGHSCORE' with data '1' not in real-time
19-Nov-25 09:37:46.494 * Processing parameter 'RGB_STYLE' with data 'RANDOM' not in real-time
19-Nov-25 09:37:46.494 * Processing parameter 'RGB_TRIGGER' with data 'TIME' not in real-time
19-Nov-25 09:37:46.494 * Processing parameter 'RGB_MIN_TIME' with data '1000' not in real-time
19-Nov-25 09:37:46.494 * Processing parameter 'LINK_BUT_CN' with data '0000,Orange,6' not in real-time
19-Nov-25 09:37:46.497 * Processing parameter 'LINK_BUT_EX' with data '0000,Amber,1' not in real-time
19-Nov-25 09:37:46.497 * Processing parameter 'LINK_BUT_J1' with data '0000,Random,0' not in real-time
19-Nov-25 09:37:46.497 * Processing parameter 'LINK_BUT_ST' with data '0000,White,6' not in real-time
19-Nov-25 09:37:46.498 * Processing parameter 'LINK_BUT_RE' with data '0000,Orange_Red,61' not in real-time
19-Nov-25 09:37:46.498 * Processing parameter 'LINK_BUT_PS' with data '0000,Deep_Pink,25' not in real-time
19-Nov-25 09:37:46.498 * Processing parameter 'LINK_BUT_P1' with data '0000,Cyan,2' not in real-time
19-Nov-25 09:37:46.498 * Processing parameter 'LINK_BUT_P2' with data '0000,Orchid,3' not in real-time
19-Nov-25 09:37:46.498 * Processing parameter 'LINK_BUT_B1' with data '0000,Green,29' not in real-time
19-Nov-25 09:37:46.498 * Processing parameter 'LINK_BUT_B2' with data '0000,Red,56' not in real-time
19-Nov-25 09:37:46.498 * Processing parameter 'LINK_BUT_B3' with data '0000,Yellow,57' not in real-time
19-Nov-25 09:37:46.498 * Processing parameter 'LINK_BUT_B4' with data '0000,Blue,00' not in real-time
19-Nov-25 09:37:46.498 * Processing parameter 'LINK_BUT_B5' with data '0000,Blue,44' not in real-time
19-Nov-25 09:37:46.498 * Processing parameter 'LINK_BUT_B6' with data '0000,Blue,45' not in real-time
19-Nov-25 09:37:46.498 * Processing parameter 'LINK_BUT_CH' with data '0000,Deep_Pink,64' not in real-time
19-Nov-25 09:37:46.498 * Processing parameter 'LINK_BUT_MN' with data '0000,Yellow,15' not in real-time
19-Nov-25 09:37:46.498 - DEBUG enabled with showing of window True
19-Nov-25 09:37:47.133 - No pixelcade.ini or settings.ini file could be found in the PATH_PIXELCADE= location
19-Nov-25 09:37:47.145 * 
19-Nov-25 09:37:47.146 - /usr/games/retroarch for game names was not found
19-Nov-25 09:37:47.148 - Trigger thread starting
19-Nov-25 09:37:47.515 * No menu.ini found
19-Nov-25 09:38:05.858 - Processing incoming message - QUIT
19-Nov-25 09:38:05.858 - Processing parameter 'QUIT' with data '' in real-time
19-Nov-25 09:38:05.859 - Shutting down
19-Nov-25 09:38:05.878 * USB write to /dev/hidraw2 with data 4,32,0,0,0,0,0,0,0,0,0,0,0,0,0,0,0,0,0,0,0,0,0,0,0,0,0,0,0,0,0,0,0,0,0,0,0,0,0,0,0,0,0,0,0,0,0,0,0,0,0,0,0,0,0,0,0,0,0,0,0,0,0,0,
19-Nov-25 09:38:05.882 - Program close
19-Nov-25 14:40:51.099 - DEBUG enabled with showing of window True
19-Nov-25 14:40:51.111 * BETA logging flag enabled
19-Nov-25 14:40:51.111 - ***************************************************************
19-Nov-25 14:40:51.111 - Linux DOFLinx for Pinball and MAME Emulators - DOFLinx by DDH69
19-Nov-25 14:40:51.111 - Starting up - version 1.04 Beta 1
19-Nov-25 14:40:51.111 - ***************************************************************
19-Nov-25 14:40:51.112 - Linux OS on Arm64 processor with 64 bit operating system and 64 bit application
19-Nov-25 14:40:51.112 - If you like it, please make a donation here https://www.paypal.com/donate?hosted_button_id=YEPCTUYFX5KDE
19-Nov-25 14:40:51.112 - The guide can be found here https://doflinx.github.io/docs/
19-Nov-25 14:40:51.112 - For support come and visit the community here https://www.vpforums.org/index.php?showforum=104
19-Nov-25 14:40:51.113 - Pre-Reading DOFLinx.ini startup config file details
19-Nov-25 14:40:51.144 * Processing parameter 'DEBUG' with data '69' not in real-time
19-Nov-25 14:40:51.144 - DEBUG enabled with showing of window True
19-Nov-25 14:40:51.144 * Special logging flag enabled with window turned on
19-Nov-25 14:40:51.144 - DEBUG enabled with showing of window True
19-Nov-25 14:40:51.157 - Opening device #1 Pinscape Pico ID#2 named Test Pico with 4 outputs
19-Nov-25 14:40:51.158 * Starting monitoring of keyboard = /dev/input/by-path/platform-xhci-hcd.1-usb-0:1:1.4-event-kbd
19-Nov-25 14:40:51.158 * Starting monitoring of keyboard = /dev/input/by-path/platform-xhci-hcd.1-usb-0:2:1.0-event-kbd
19-Nov-25 14:40:51.159 - Reading DOFLinx.ini startup config file details
19-Nov-25 14:40:51.159 * Processing parameter 'DEBUG' with data '69' not in real-time
19-Nov-25 14:40:51.159 - DEBUG enabled with showing of window True
19-Nov-25 14:40:51.159 * Special logging flag enabled with window turned on
19-Nov-25 14:40:51.159 * Processing parameter 'COLOUR_FILE' with data './config/colours.ini' not in real-time
19-Nov-25 14:40:51.160 - Reading colour file named ./config/colours.ini
19-Nov-25 14:40:51.162 * Processing parameter 'PATH_MAME' with data './mame/' not in real-time
19-Nov-25 14:40:51.163 * Processing parameter 'PATH_PIXELCADE' with data './pixelcade/' not in real-time
19-Nov-25 14:40:51.164 - The path './pixelcade/' does not exist
19-Nov-25 14:40:51.164 * Processing parameter 'MAME_FOLDER' with data '/usr/games/' not in real-time
19-Nov-25 14:40:51.164 * Processing parameter 'PROCESSES' with data 'retroarch' not in real-time
19-Nov-25 14:40:51.164 * Processing parameter 'MAME_PROCESS' with data 'retroarch' not in real-time
19-Nov-25 14:40:51.164 * Processing parameter 'MAME_RETROARCH_NCI' with data '1' not in real-time
19-Nov-25 14:40:51.175 * Processing parameter 'PIXELCADE_LCD_USE_NETWORK_ADDRESS' with data '1' not in real-time
19-Nov-25 14:40:51.175 * Processing parameter 'PIXELCADE_MENU_HIGHSCORE' with data '1' not in real-time
19-Nov-25 14:40:51.175 * Processing parameter 'PIXELCADE_GAME_START_HIGHSCORE' with data '1' not in real-time
19-Nov-25 14:40:51.175 * Processing parameter 'RGB_STYLE' with data 'RANDOM' not in real-time
19-Nov-25 14:40:51.175 * Processing parameter 'RGB_TRIGGER' with data 'TIME' not in real-time
19-Nov-25 14:40:51.175 * Processing parameter 'RGB_MIN_TIME' with data '1000' not in real-time
19-Nov-25 14:40:51.175 * Processing parameter 'LINK_BUT_CN' with data '0000,Orange,6' not in real-time
19-Nov-25 14:40:51.178 * Processing parameter 'LINK_BUT_EX' with data '0000,Amber,1' not in real-time
19-Nov-25 14:40:51.178 * Processing parameter 'LINK_BUT_J1' with data '0000,Random,0' not in real-time
19-Nov-25 14:40:51.178 * Processing parameter 'LINK_BUT_ST' with data '0000,White,6' not in real-time
19-Nov-25 14:40:51.178 * Processing parameter 'LINK_BUT_RE' with data '0000,Orange_Red,61' not in real-time
19-Nov-25 14:40:51.178 * Processing parameter 'LINK_BUT_PS' with data '0000,Deep_Pink,25' not in real-time
19-Nov-25 14:40:51.178 * Processing parameter 'LINK_BUT_P1' with data '0000,Cyan,2' not in real-time
19-Nov-25 14:40:51.178 * Processing parameter 'LINK_BUT_P2' with data '0000,Orchid,3' not in real-time
19-Nov-25 14:40:51.178 * Processing parameter 'LINK_BUT_B1' with data '0000,Green,29' not in real-time
19-Nov-25 14:40:51.178 * Processing parameter 'LINK_BUT_B2' with data '0000,Red,56' not in real-time
19-Nov-25 14:40:51.178 * Processing parameter 'LINK_BUT_B3' with data '0000,Yellow,57' not in real-time
19-Nov-25 14:40:51.178 * Processing parameter 'LINK_BUT_B4' with data '0000,Blue,00' not in real-time
19-Nov-25 14:40:51.178 * Processing parameter 'LINK_BUT_B5' with data '0000,Blue,44' not in real-time
19-Nov-25 14:40:51.178 * Processing parameter 'LINK_BUT_B6' with data '0000,Blue,45' not in real-time
19-Nov-25 14:40:51.178 * Processing parameter 'LINK_BUT_CH' with data '0000,Deep_Pink,64' not in real-time
19-Nov-25 14:40:51.178 * Processing parameter 'LINK_BUT_MN' with data '0000,Yellow,15' not in real-time
19-Nov-25 14:40:51.178 - DEBUG enabled with showing of window True
19-Nov-25 14:40:51.226 - No pixelcade.ini or settings.ini file could be found in the PATH_PIXELCADE= location
19-Nov-25 14:40:51.242 * 
19-Nov-25 14:40:51.244 - /usr/games/retroarch for game names was not found
19-Nov-25 14:40:51.245 - Trigger thread starting
19-Nov-25 14:40:51.253 * No menu.ini found
19-Nov-25 14:40:56.386 - Processing incoming message - QUIT
19-Nov-25 14:40:56.386 - Processing parameter 'QUIT' with data '' in real-time
19-Nov-25 14:40:56.388 - Shutting down
19-Nov-25 14:40:56.396 * USB write to /dev/hidraw2 with data 4,32,0,0,0,0,0,0,0,0,0,0,0,0,0,0,0,0,0,0,0,0,0,0,0,0,0,0,0,0,0,0,0,0,0,0,0,0,0,0,0,0,0,0,0,0,0,0,0,0,0,0,0,0,0,0,0,0,0,0,0,0,0,0,
19-Nov-25 14:40:56.400 - Program close
19-Nov-25 15:35:31.085 - DEBUG enabled with showing of window True
19-Nov-25 15:35:31.097 * BETA logging flag enabled
19-Nov-25 15:35:31.098 - ***************************************************************
19-Nov-25 15:35:31.098 - Linux DOFLinx for Pinball and MAME Emulators - DOFLinx by DDH69
19-Nov-25 15:35:31.098 - Starting up - version 1.04 Beta 1
19-Nov-25 15:35:31.098 - ***************************************************************
19-Nov-25 15:35:31.099 - Linux OS on Arm64 processor with 64 bit operating system and 64 bit application
19-Nov-25 15:35:31.099 - If you like it, please make a donation here https://www.paypal.com/donate?hosted_button_id=YEPCTUYFX5KDE
19-Nov-25 15:35:31.099 - The guide can be found here https://doflinx.github.io/docs/
19-Nov-25 15:35:31.099 - For support come and visit the community here https://www.vpforums.org/index.php?showforum=104
19-Nov-25 15:35:31.100 - Pre-Reading DOFLinx.ini startup config file details
19-Nov-25 15:35:31.131 * Processing parameter 'DEBUG' with data '69' not in real-time
19-Nov-25 15:35:31.132 - DEBUG enabled with showing of window True
19-Nov-25 15:35:31.132 * Special logging flag enabled with window turned on
19-Nov-25 15:35:31.132 - DEBUG enabled with showing of window True
19-Nov-25 15:35:31.138 * Ultimate I/O board found - not fully implemented
19-Nov-25 15:35:31.189 * Ultimate I/O board found - not fully implemented
19-Nov-25 15:35:31.240 - Discovery error with /dev/hidraw3
19-Nov-25 15:35:31.264 * System.IO.IOException: Broken pipe : '/dev/hidraw3'
   at System.IO.RandomAccess.WriteAtOffset(SafeFileHandle handle, ReadOnlySpan`1 buffer, Int64 fileOffset)
   at System.IO.Strategies.OSFileStreamStrategy.Write(ReadOnlySpan`1 buffer)
   at System.IO.Strategies.BufferedFileStreamStrategy.Flush(Boolean flushToDisk)
   at System.IO.Strategies.BufferedFileStreamStrategy.Dispose(Boolean disposing)
   at LDOFLinx.DLOutput.FindOutput() in K:\DOFLinx\LDOFLinx\DLOutput.vb:line 337
19-Nov-25 15:35:31.264 * Ultimate I/O board found - not fully implemented
19-Nov-25 15:35:31.316 - Discovery error with /dev/hidraw2
19-Nov-25 15:35:31.316 * System.IO.IOException: Broken pipe : '/dev/hidraw2'
   at System.IO.RandomAccess.WriteAtOffset(SafeFileHandle handle, ReadOnlySpan`1 buffer, Int64 fileOffset)
   at System.IO.Strategies.OSFileStreamStrategy.Write(ReadOnlySpan`1 buffer)
   at System.IO.Strategies.BufferedFileStreamStrategy.Flush(Boolean flushToDisk)
   at System.IO.Strategies.BufferedFileStreamStrategy.Dispose(Boolean disposing)
   at LDOFLinx.DLOutput.FindOutput() in K:\DOFLinx\LDOFLinx\DLOutput.vb:line 337
19-Nov-25 15:35:31.316 - No output devices found
19-Nov-25 15:35:31.318 * Starting monitoring of keyboard = /dev/input/by-path/platform-xhci-hcd.1-usb-0:1:1.0-event-kbd
19-Nov-25 15:35:31.318 * Starting monitoring of keyboard = /dev/input/by-path/platform-xhci-hcd.1-usb-0:2:1.0-event-kbd
19-Nov-25 15:35:31.319 - Reading DOFLinx.ini startup config file details
19-Nov-25 15:35:31.319 * Processing parameter 'DEBUG' with data '69' not in real-time
19-Nov-25 15:35:31.319 - DEBUG enabled with showing of window True
19-Nov-25 15:35:31.319 * Special logging flag enabled with window turned on
19-Nov-25 15:35:31.319 * Processing parameter 'COLOUR_FILE' with data './config/colours.ini' not in real-time
19-Nov-25 15:35:31.320 - Reading colour file named ./config/colours.ini
19-Nov-25 15:35:31.322 * Processing parameter 'PATH_MAME' with data './mame/' not in real-time
19-Nov-25 15:35:31.323 * Processing parameter 'PATH_PIXELCADE' with data './pixelcade/' not in real-time
19-Nov-25 15:35:31.324 - The path './pixelcade/' does not exist
19-Nov-25 15:35:31.324 * Processing parameter 'MAME_FOLDER' with data '/usr/games/' not in real-time
19-Nov-25 15:35:31.324 * Processing parameter 'PROCESSES' with data 'retroarch' not in real-time
19-Nov-25 15:35:31.324 * Processing parameter 'MAME_PROCESS' with data 'retroarch' not in real-time
19-Nov-25 15:35:31.324 * Processing parameter 'MAME_RETROARCH_NCI' with data '1' not in real-time
19-Nov-25 15:35:31.335 * Processing parameter 'PIXELCADE_LCD_USE_NETWORK_ADDRESS' with data '1' not in real-time
19-Nov-25 15:35:31.335 * Processing parameter 'PIXELCADE_MENU_HIGHSCORE' with data '1' not in real-time
19-Nov-25 15:35:31.335 * Processing parameter 'PIXELCADE_GAME_START_HIGHSCORE' with data '1' not in real-time
19-Nov-25 15:35:31.335 * Processing parameter 'RGB_STYLE' with data 'RANDOM' not in real-time
19-Nov-25 15:35:31.335 * Processing parameter 'RGB_TRIGGER' with data 'TIME' not in real-time
19-Nov-25 15:35:31.335 * Processing parameter 'RGB_MIN_TIME' with data '1000' not in real-time
19-Nov-25 15:35:31.335 * Processing parameter 'LINK_BUT_CN' with data '0000,Orange,6' not in real-time
19-Nov-25 15:35:31.338 * Processing parameter 'LINK_BUT_EX' with data '0000,Amber,1' not in real-time
19-Nov-25 15:35:31.338 * Processing parameter 'LINK_BUT_J1' with data '0000,Random,0' not in real-time
19-Nov-25 15:35:31.338 * Processing parameter 'LINK_BUT_ST' with data '0000,White,6' not in real-time
19-Nov-25 15:35:31.338 * Processing parameter 'LINK_BUT_RE' with data '0000,Orange_Red,61' not in real-time
19-Nov-25 15:35:31.338 * Processing parameter 'LINK_BUT_PS' with data '0000,Deep_Pink,25' not in real-time
19-Nov-25 15:35:31.338 * Processing parameter 'LINK_BUT_P1' with data '0000,Cyan,2' not in real-time
19-Nov-25 15:35:31.338 * Processing parameter 'LINK_BUT_P2' with data '0000,Orchid,3' not in real-time
19-Nov-25 15:35:31.338 * Processing parameter 'LINK_BUT_B1' with data '0000,Green,29' not in real-time
19-Nov-25 15:35:31.338 * Processing parameter 'LINK_BUT_B2' with data '0000,Red,56' not in real-time
19-Nov-25 15:35:31.338 * Processing parameter 'LINK_BUT_B3' with data '0000,Yellow,57' not in real-time
19-Nov-25 15:35:31.338 * Processing parameter 'LINK_BUT_B4' with data '0000,Blue,00' not in real-time
19-Nov-25 15:35:31.338 * Processing parameter 'LINK_BUT_B5' with data '0000,Blue,44' not in real-time
19-Nov-25 15:35:31.338 * Processing parameter 'LINK_BUT_B6' with data '0000,Blue,45' not in real-time
19-Nov-25 15:35:31.338 * Processing parameter 'LINK_BUT_CH' with data '0000,Deep_Pink,64' not in real-time
19-Nov-25 15:35:31.338 * Processing parameter 'LINK_BUT_MN' with data '0000,Yellow,15' not in real-time
19-Nov-25 15:35:31.338 - DEBUG enabled with showing of window True
19-Nov-25 15:35:31.385 - No pixelcade.ini or settings.ini file could be found in the PATH_PIXELCADE= location
19-Nov-25 15:35:31.395 * 
19-Nov-25 15:35:31.396 - /usr/games/retroarch for game names was not found
19-Nov-25 15:35:31.399 - Trigger thread starting
19-Nov-25 15:35:31.407 * No menu.ini found
19-Nov-25 15:38:02.720 - Processing incoming message - QUIT
19-Nov-25 15:38:02.720 - Processing parameter 'QUIT' with data '' in real-time
19-Nov-25 15:38:02.726 - Shutting down
19-Nov-25 15:38:02.728 - Program close
19-Nov-25 15:38:06.344 - DEBUG enabled with showing of window True
19-Nov-25 15:38:06.356 * BETA logging flag enabled
19-Nov-25 15:38:06.356 - ***************************************************************
19-Nov-25 15:38:06.356 - Linux DOFLinx for Pinball and MAME Emulators - DOFLinx by DDH69
19-Nov-25 15:38:06.356 - Starting up - version 1.04 Beta 1
19-Nov-25 15:38:06.356 - ***************************************************************
19-Nov-25 15:38:06.357 - Linux OS on Arm64 processor with 64 bit operating system and 64 bit application
19-Nov-25 15:38:06.357 - If you like it, please make a donation here https://www.paypal.com/donate?hosted_button_id=YEPCTUYFX5KDE
19-Nov-25 15:38:06.357 - The guide can be found here https://doflinx.github.io/docs/
19-Nov-25 15:38:06.357 - For support come and visit the community here https://www.vpforums.org/index.php?showforum=104
19-Nov-25 15:38:06.358 - Pre-Reading DOFLinx.ini startup config file details
19-Nov-25 15:38:06.389 * Processing parameter 'DEBUG' with data '69' not in real-time
19-Nov-25 15:38:06.390 - DEBUG enabled with showing of window True
19-Nov-25 15:38:06.390 * Special logging flag enabled with window turned on
19-Nov-25 15:38:06.390 - DEBUG enabled with showing of window True
19-Nov-25 15:38:06.402 - Opening device #1 Pinscape Pico ID#2 named Test Pico with 4 outputs
19-Nov-25 15:38:06.404 * Starting monitoring of keyboard = /dev/input/by-path/platform-xhci-hcd.1-usb-0:1:1.4-event-kbd
19-Nov-25 15:38:06.404 * Starting monitoring of keyboard = /dev/input/by-path/platform-xhci-hcd.1-usb-0:2:1.0-event-kbd
19-Nov-25 15:38:06.405 - Reading DOFLinx.ini startup config file details
19-Nov-25 15:38:06.405 * Processing parameter 'DEBUG' with data '69' not in real-time
19-Nov-25 15:38:06.405 - DEBUG enabled with showing of window True
19-Nov-25 15:38:06.405 * Special logging flag enabled with window turned on
19-Nov-25 15:38:06.405 * Processing parameter 'COLOUR_FILE' with data './config/colours.ini' not in real-time
19-Nov-25 15:38:06.406 - Reading colour file named ./config/colours.ini
19-Nov-25 15:38:06.408 * Processing parameter 'PATH_MAME' with data './mame/' not in real-time
19-Nov-25 15:38:06.409 * Processing parameter 'PATH_PIXELCADE' with data './pixelcade/' not in real-time
19-Nov-25 15:38:06.410 - The path './pixelcade/' does not exist
19-Nov-25 15:38:06.410 * Processing parameter 'MAME_FOLDER' with data '/usr/games/' not in real-time
19-Nov-25 15:38:06.410 * Processing parameter 'PROCESSES' with data 'retroarch' not in real-time
19-Nov-25 15:38:06.410 * Processing parameter 'MAME_PROCESS' with data 'retroarch' not in real-time
19-Nov-25 15:38:06.410 * Processing parameter 'MAME_RETROARCH_NCI' with data '1' not in real-time
19-Nov-25 15:38:06.421 * Processing parameter 'PIXELCADE_LCD_USE_NETWORK_ADDRESS' with data '1' not in real-time
19-Nov-25 15:38:06.421 * Processing parameter 'PIXELCADE_MENU_HIGHSCORE' with data '1' not in real-time
19-Nov-25 15:38:06.421 * Processing parameter 'PIXELCADE_GAME_START_HIGHSCORE' with data '1' not in real-time
19-Nov-25 15:38:06.421 * Processing parameter 'RGB_STYLE' with data 'RANDOM' not in real-time
19-Nov-25 15:38:06.421 * Processing parameter 'RGB_TRIGGER' with data 'TIME' not in real-time
19-Nov-25 15:38:06.421 * Processing parameter 'RGB_MIN_TIME' with data '1000' not in real-time
19-Nov-25 15:38:06.421 * Processing parameter 'LINK_BUT_CN' with data '0000,Orange,6' not in real-time
19-Nov-25 15:38:06.425 * Processing parameter 'LINK_BUT_EX' with data '0000,Amber,1' not in real-time
19-Nov-25 15:38:06.425 * Processing parameter 'LINK_BUT_J1' with data '0000,Random,0' not in real-time
19-Nov-25 15:38:06.425 * Processing parameter 'LINK_BUT_ST' with data '0000,White,6' not in real-time
19-Nov-25 15:38:06.425 * Processing parameter 'LINK_BUT_RE' with data '0000,Orange_Red,61' not in real-time
19-Nov-25 15:38:06.425 * Processing parameter 'LINK_BUT_PS' with data '0000,Deep_Pink,25' not in real-time
19-Nov-25 15:38:06.425 * Processing parameter 'LINK_BUT_P1' with data '0000,Cyan,2' not in real-time
19-Nov-25 15:38:06.425 * Processing parameter 'LINK_BUT_P2' with data '0000,Orchid,3' not in real-time
19-Nov-25 15:38:06.425 * Processing parameter 'LINK_BUT_B1' with data '0000,Green,29' not in real-time
19-Nov-25 15:38:06.425 * Processing parameter 'LINK_BUT_B2' with data '0000,Red,56' not in real-time
19-Nov-25 15:38:06.425 * Processing parameter 'LINK_BUT_B3' with data '0000,Yellow,57' not in real-time
19-Nov-25 15:38:06.425 * Processing parameter 'LINK_BUT_B4' with data '0000,Blue,00' not in real-time
19-Nov-25 15:38:06.425 * Processing parameter 'LINK_BUT_B5' with data '0000,Blue,44' not in real-time
19-Nov-25 15:38:06.425 * Processing parameter 'LINK_BUT_B6' with data '0000,Blue,45' not in real-time
19-Nov-25 15:38:06.425 * Processing parameter 'LINK_BUT_CH' with data '0000,Deep_Pink,64' not in real-time
19-Nov-25 15:38:06.425 * Processing parameter 'LINK_BUT_MN' with data '0000,Yellow,15' not in real-time
19-Nov-25 15:38:06.425 - DEBUG enabled with showing of window True
19-Nov-25 15:38:06.467 - No pixelcade.ini or settings.ini file could be found in the PATH_PIXELCADE= location
19-Nov-25 15:38:06.491 * 
19-Nov-25 15:38:06.493 - /usr/games/retroarch for game names was not found
19-Nov-25 15:38:06.495 - Trigger thread starting
19-Nov-25 15:38:06.503 * No menu.ini found
19-Nov-25 15:38:18.246 - Processing incoming message - QUIT
19-Nov-25 15:38:18.248 - Processing parameter 'QUIT' with data '' in real-time
19-Nov-25 15:38:18.250 - Shutting down
19-Nov-25 15:38:18.259 * USB write to /dev/hidraw2 with data 4,32,0,0,0,0,0,0,0,0,0,0,0,0,0,0,0,0,0,0,0,0,0,0,0,0,0,0,0,0,0,0,0,0,0,0,0,0,0,0,0,0,0,0,0,0,0,0,0,0,0,0,0,0,0,0,0,0,0,0,0,0,0,0,
19-Nov-25 15:38:18.261 - Program close
19-Nov-25 15:39:13.546 - DEBUG enabled with showing of window True
19-Nov-25 15:39:13.558 * BETA logging flag enabled
19-Nov-25 15:39:13.558 - ***************************************************************
19-Nov-25 15:39:13.558 - Linux DOFLinx for Pinball and MAME Emulators - DOFLinx by DDH69
19-Nov-25 15:39:13.558 - Starting up - version 1.04 Beta 1
19-Nov-25 15:39:13.558 - ***************************************************************
19-Nov-25 15:39:13.559 - Linux OS on Arm64 processor with 64 bit operating system and 64 bit application
19-Nov-25 15:39:13.559 - If you like it, please make a donation here https://www.paypal.com/donate?hosted_button_id=YEPCTUYFX5KDE
19-Nov-25 15:39:13.559 - The guide can be found here https://doflinx.github.io/docs/
19-Nov-25 15:39:13.559 - For support come and visit the community here https://www.vpforums.org/index.php?showforum=104
19-Nov-25 15:39:13.560 - Pre-Reading DOFLinx.ini startup config file details
19-Nov-25 15:39:13.590 * Processing parameter 'DEBUG' with data '69' not in real-time
19-Nov-25 15:39:13.591 - DEBUG enabled with showing of window True
19-Nov-25 15:39:13.591 * Special logging flag enabled with window turned on
19-Nov-25 15:39:13.591 - DEBUG enabled with showing of window True
19-Nov-25 15:39:13.599 * Ultimate I/O board found - not fully implemented
19-Nov-25 15:39:13.650 * Ultimate I/O board found - not fully implemented
19-Nov-25 15:39:13.700 - Discovery error with /dev/hidraw3
19-Nov-25 15:39:13.723 * System.IO.IOException: Broken pipe : '/dev/hidraw3'
   at System.IO.RandomAccess.WriteAtOffset(SafeFileHandle handle, ReadOnlySpan`1 buffer, Int64 fileOffset)
   at System.IO.Strategies.OSFileStreamStrategy.Write(ReadOnlySpan`1 buffer)
   at System.IO.Strategies.BufferedFileStreamStrategy.Flush(Boolean flushToDisk)
   at System.IO.Strategies.BufferedFileStreamStrategy.Dispose(Boolean disposing)
   at LDOFLinx.DLOutput.FindOutput() in K:\DOFLinx\LDOFLinx\DLOutput.vb:line 337
19-Nov-25 15:39:13.723 * Ultimate I/O board found - not fully implemented
19-Nov-25 15:39:13.774 - Discovery error with /dev/hidraw2
19-Nov-25 15:39:13.774 * System.IO.IOException: Broken pipe : '/dev/hidraw2'
   at System.IO.RandomAccess.WriteAtOffset(SafeFileHandle handle, ReadOnlySpan`1 buffer, Int64 fileOffset)
   at System.IO.Strategies.OSFileStreamStrategy.Write(ReadOnlySpan`1 buffer)
   at System.IO.Strategies.BufferedFileStreamStrategy.Flush(Boolean flushToDisk)
   at System.IO.Strategies.BufferedFileStreamStrategy.Dispose(Boolean disposing)
   at LDOFLinx.DLOutput.FindOutput() in K:\DOFLinx\LDOFLinx\DLOutput.vb:line 337
19-Nov-25 15:39:13.774 - No output devices found
19-Nov-25 15:39:13.776 * Starting monitoring of keyboard = /dev/input/by-path/platform-xhci-hcd.1-usb-0:1:1.0-event-kbd
19-Nov-25 15:39:13.776 * Starting monitoring of keyboard = /dev/input/by-path/platform-xhci-hcd.1-usb-0:2:1.0-event-kbd
19-Nov-25 15:39:13.777 - Reading DOFLinx.ini startup config file details
19-Nov-25 15:39:13.777 * Processing parameter 'DEBUG' with data '69' not in real-time
19-Nov-25 15:39:13.777 - DEBUG enabled with showing of window True
19-Nov-25 15:39:13.777 * Special logging flag enabled with window turned on
19-Nov-25 15:39:13.777 * Processing parameter 'COLOUR_FILE' with data './config/colours.ini' not in real-time
19-Nov-25 15:39:13.778 - Reading colour file named ./config/colours.ini
19-Nov-25 15:39:13.780 * Processing parameter 'PATH_MAME' with data './mame/' not in real-time
19-Nov-25 15:39:13.781 * Processing parameter 'PATH_PIXELCADE' with data './pixelcade/' not in real-time
19-Nov-25 15:39:13.781 - The path './pixelcade/' does not exist
19-Nov-25 15:39:13.781 * Processing parameter 'MAME_FOLDER' with data '/usr/games/' not in real-time
19-Nov-25 15:39:13.781 * Processing parameter 'PROCESSES' with data 'retroarch' not in real-time
19-Nov-25 15:39:13.781 * Processing parameter 'MAME_PROCESS' with data 'retroarch' not in real-time
19-Nov-25 15:39:13.782 * Processing parameter 'MAME_RETROARCH_NCI' with data '1' not in real-time
19-Nov-25 15:39:13.792 * Processing parameter 'PIXELCADE_LCD_USE_NETWORK_ADDRESS' with data '1' not in real-time
19-Nov-25 15:39:13.792 * Processing parameter 'PIXELCADE_MENU_HIGHSCORE' with data '1' not in real-time
19-Nov-25 15:39:13.792 * Processing parameter 'PIXELCADE_GAME_START_HIGHSCORE' with data '1' not in real-time
19-Nov-25 15:39:13.792 * Processing parameter 'RGB_STYLE' with data 'RANDOM' not in real-time
19-Nov-25 15:39:13.792 * Processing parameter 'RGB_TRIGGER' with data 'TIME' not in real-time
19-Nov-25 15:39:13.792 * Processing parameter 'RGB_MIN_TIME' with data '1000' not in real-time
19-Nov-25 15:39:13.792 * Processing parameter 'LINK_BUT_CN' with data '0000,Orange,6' not in real-time
19-Nov-25 15:39:13.795 * Processing parameter 'LINK_BUT_EX' with data '0000,Amber,1' not in real-time
19-Nov-25 15:39:13.795 * Processing parameter 'LINK_BUT_J1' with data '0000,Random,0' not in real-time
19-Nov-25 15:39:13.795 * Processing parameter 'LINK_BUT_ST' with data '0000,White,6' not in real-time
19-Nov-25 15:39:13.795 * Processing parameter 'LINK_BUT_RE' with data '0000,Orange_Red,61' not in real-time
19-Nov-25 15:39:13.795 * Processing parameter 'LINK_BUT_PS' with data '0000,Deep_Pink,25' not in real-time
19-Nov-25 15:39:13.795 * Processing parameter 'LINK_BUT_P1' with data '0000,Cyan,2' not in real-time
19-Nov-25 15:39:13.795 * Processing parameter 'LINK_BUT_P2' with data '0000,Orchid,3' not in real-time
19-Nov-25 15:39:13.795 * Processing parameter 'LINK_BUT_B1' with data '0000,Green,29' not in real-time
19-Nov-25 15:39:13.795 * Processing parameter 'LINK_BUT_B2' with data '0000,Red,56' not in real-time
19-Nov-25 15:39:13.795 * Processing parameter 'LINK_BUT_B3' with data '0000,Yellow,57' not in real-time
19-Nov-25 15:39:13.795 * Processing parameter 'LINK_BUT_B4' with data '0000,Blue,00' not in real-time
19-Nov-25 15:39:13.796 * Processing parameter 'LINK_BUT_B5' with data '0000,Blue,44' not in real-time
19-Nov-25 15:39:13.796 * Processing parameter 'LINK_BUT_B6' with data '0000,Blue,45' not in real-time
19-Nov-25 15:39:13.796 * Processing parameter 'LINK_BUT_CH' with data '0000,Deep_Pink,64' not in real-time
19-Nov-25 15:39:13.796 * Processing parameter 'LINK_BUT_MN' with data '0000,Yellow,15' not in real-time
19-Nov-25 15:39:13.796 - DEBUG enabled with showing of window True
19-Nov-25 15:39:13.837 - No pixelcade.ini or settings.ini file could be found in the PATH_PIXELCADE= location
19-Nov-25 15:39:13.849 * 
19-Nov-25 15:39:13.851 - /usr/games/retroarch for game names was not found
19-Nov-25 15:39:13.857 - Trigger thread starting
19-Nov-25 15:39:13.862 * No menu.ini found
19-Nov-25 15:43:07.724 - DEBUG enabled with showing of window True
19-Nov-25 15:43:07.737 * BETA logging flag enabled
19-Nov-25 15:43:07.737 - ***************************************************************
19-Nov-25 15:43:07.737 - Linux DOFLinx for Pinball and MAME Emulators - DOFLinx by DDH69
19-Nov-25 15:43:07.737 - Starting up - version 1.04 Beta 1
19-Nov-25 15:43:07.737 - ***************************************************************
19-Nov-25 15:43:07.738 - Linux OS on Arm64 processor with 64 bit operating system and 64 bit application
19-Nov-25 15:43:07.738 - If you like it, please make a donation here https://www.paypal.com/donate?hosted_button_id=YEPCTUYFX5KDE
19-Nov-25 15:43:07.738 - The guide can be found here https://doflinx.github.io/docs/
19-Nov-25 15:43:07.738 - For support come and visit the community here https://www.vpforums.org/index.php?showforum=104
19-Nov-25 15:43:07.739 - Pre-Reading DOFLinx.ini startup config file details
19-Nov-25 15:43:07.771 * Processing parameter 'DEBUG' with data '69' not in real-time
19-Nov-25 15:43:07.772 - DEBUG enabled with showing of window True
19-Nov-25 15:43:07.772 * Special logging flag enabled with window turned on
19-Nov-25 15:43:07.772 - DEBUG enabled with showing of window True
19-Nov-25 15:43:07.779 * Ultimate I/O board found - not fully implemented
19-Nov-25 15:43:07.779 * /dev/hidraw4
19-Nov-25 15:43:07.779 * B4 Write
19-Nov-25 15:43:07.779 * After Write
19-Nov-25 15:43:07.829 * Ultimate I/O board found - not fully implemented
19-Nov-25 15:43:07.829 * /dev/hidraw3
19-Nov-25 15:43:07.829 * B4 Write
19-Nov-25 15:43:07.829 * After Write
19-Nov-25 15:43:07.879 - Discovery error with /dev/hidraw3
19-Nov-25 15:43:07.901 * System.IO.IOException: Broken pipe : '/dev/hidraw3'
   at System.IO.RandomAccess.WriteAtOffset(SafeFileHandle handle, ReadOnlySpan`1 buffer, Int64 fileOffset)
   at System.IO.Strategies.OSFileStreamStrategy.Write(ReadOnlySpan`1 buffer)
   at System.IO.Strategies.BufferedFileStreamStrategy.Flush(Boolean flushToDisk)
   at System.IO.Strategies.BufferedFileStreamStrategy.Dispose(Boolean disposing)
   at LDOFLinx.DLOutput.FindOutput() in K:\DOFLinx\LDOFLinx\DLOutput.vb:line 340
19-Nov-25 15:43:07.901 * Ultimate I/O board found - not fully implemented
19-Nov-25 15:43:07.901 * /dev/hidraw2
19-Nov-25 15:43:07.901 * B4 Write
19-Nov-25 15:43:07.901 * After Write
19-Nov-25 15:43:07.951 - Discovery error with /dev/hidraw2
19-Nov-25 15:43:07.951 * System.IO.IOException: Broken pipe : '/dev/hidraw2'
   at System.IO.RandomAccess.WriteAtOffset(SafeFileHandle handle, ReadOnlySpan`1 buffer, Int64 fileOffset)
   at System.IO.Strategies.OSFileStreamStrategy.Write(ReadOnlySpan`1 buffer)
   at System.IO.Strategies.BufferedFileStreamStrategy.Flush(Boolean flushToDisk)
   at System.IO.Strategies.BufferedFileStreamStrategy.Dispose(Boolean disposing)
   at LDOFLinx.DLOutput.FindOutput() in K:\DOFLinx\LDOFLinx\DLOutput.vb:line 340
19-Nov-25 15:43:07.952 - No output devices found
19-Nov-25 15:43:07.953 * Starting monitoring of keyboard = /dev/input/by-path/platform-xhci-hcd.1-usb-0:1:1.0-event-kbd
19-Nov-25 15:43:07.953 * Starting monitoring of keyboard = /dev/input/by-path/platform-xhci-hcd.1-usb-0:2:1.0-event-kbd
19-Nov-25 15:43:07.954 - Reading DOFLinx.ini startup config file details
19-Nov-25 15:43:07.954 * Processing parameter 'DEBUG' with data '69' not in real-time
19-Nov-25 15:43:07.954 - DEBUG enabled with showing of window True
19-Nov-25 15:43:07.954 * Special logging flag enabled with window turned on
19-Nov-25 15:43:07.954 * Processing parameter 'COLOUR_FILE' with data './config/colours.ini' not in real-time
19-Nov-25 15:43:07.955 - Reading colour file named ./config/colours.ini
19-Nov-25 15:43:07.958 * Processing parameter 'PATH_MAME' with data './mame/' not in real-time
19-Nov-25 15:43:07.958 * Processing parameter 'PATH_PIXELCADE' with data './pixelcade/' not in real-time
19-Nov-25 15:43:07.959 - The path './pixelcade/' does not exist
19-Nov-25 15:43:07.959 * Processing parameter 'MAME_FOLDER' with data '/usr/games/' not in real-time
19-Nov-25 15:43:07.959 * Processing parameter 'PROCESSES' with data 'retroarch' not in real-time
19-Nov-25 15:43:07.959 * Processing parameter 'MAME_PROCESS' with data 'retroarch' not in real-time
19-Nov-25 15:43:07.959 * Processing parameter 'MAME_RETROARCH_NCI' with data '1' not in real-time
19-Nov-25 15:43:07.970 * Processing parameter 'PIXELCADE_LCD_USE_NETWORK_ADDRESS' with data '1' not in real-time
19-Nov-25 15:43:07.970 * Processing parameter 'PIXELCADE_MENU_HIGHSCORE' with data '1' not in real-time
19-Nov-25 15:43:07.970 * Processing parameter 'PIXELCADE_GAME_START_HIGHSCORE' with data '1' not in real-time
19-Nov-25 15:43:07.970 * Processing parameter 'RGB_STYLE' with data 'RANDOM' not in real-time
19-Nov-25 15:43:07.970 * Processing parameter 'RGB_TRIGGER' with data 'TIME' not in real-time
19-Nov-25 15:43:07.970 * Processing parameter 'RGB_MIN_TIME' with data '1000' not in real-time
19-Nov-25 15:43:07.970 * Processing parameter 'LINK_BUT_CN' with data '0000,Orange,6' not in real-time
19-Nov-25 15:43:07.973 * Processing parameter 'LINK_BUT_EX' with data '0000,Amber,1' not in real-time
19-Nov-25 15:43:07.973 * Processing parameter 'LINK_BUT_J1' with data '0000,Random,0' not in real-time
19-Nov-25 15:43:07.973 * Processing parameter 'LINK_BUT_ST' with data '0000,White,6' not in real-time
19-Nov-25 15:43:07.973 * Processing parameter 'LINK_BUT_RE' with data '0000,Orange_Red,61' not in real-time
19-Nov-25 15:43:07.973 * Processing parameter 'LINK_BUT_PS' with data '0000,Deep_Pink,25' not in real-time
19-Nov-25 15:43:07.973 * Processing parameter 'LINK_BUT_P1' with data '0000,Cyan,2' not in real-time
19-Nov-25 15:43:07.973 * Processing parameter 'LINK_BUT_P2' with data '0000,Orchid,3' not in real-time
19-Nov-25 15:43:07.973 * Processing parameter 'LINK_BUT_B1' with data '0000,Green,29' not in real-time
19-Nov-25 15:43:07.973 * Processing parameter 'LINK_BUT_B2' with data '0000,Red,56' not in real-time
19-Nov-25 15:43:07.973 * Processing parameter 'LINK_BUT_B3' with data '0000,Yellow,57' not in real-time
19-Nov-25 15:43:07.973 * Processing parameter 'LINK_BUT_B4' with data '0000,Blue,00' not in real-time
19-Nov-25 15:43:07.973 * Processing parameter 'LINK_BUT_B5' with data '0000,Blue,44' not in real-time
19-Nov-25 15:43:07.973 * Processing parameter 'LINK_BUT_B6' with data '0000,Blue,45' not in real-time
19-Nov-25 15:43:07.973 * Processing parameter 'LINK_BUT_CH' with data '0000,Deep_Pink,64' not in real-time
19-Nov-25 15:43:07.973 * Processing parameter 'LINK_BUT_MN' with data '0000,Yellow,15' not in real-time
19-Nov-25 15:43:07.973 - DEBUG enabled with showing of window True
19-Nov-25 15:43:08.014 - No pixelcade.ini or settings.ini file could be found in the PATH_PIXELCADE= location
19-Nov-25 15:43:08.023 * 
19-Nov-25 15:43:08.025 - /usr/games/retroarch for game names was not found
19-Nov-25 15:43:08.026 - Trigger thread starting
19-Nov-25 15:43:08.034 * No menu.ini found
19-Nov-25 15:47:12.181 - DEBUG enabled with showing of window True
19-Nov-25 15:47:12.193 * BETA logging flag enabled
19-Nov-25 15:47:12.193 - ***************************************************************
19-Nov-25 15:47:12.193 - Linux DOFLinx for Pinball and MAME Emulators - DOFLinx by DDH69
19-Nov-25 15:47:12.193 - Starting up - version 1.04 Beta 1
19-Nov-25 15:47:12.193 - ***************************************************************
19-Nov-25 15:47:12.195 - Linux OS on Arm64 processor with 64 bit operating system and 64 bit application
19-Nov-25 15:47:12.195 - If you like it, please make a donation here https://www.paypal.com/donate?hosted_button_id=YEPCTUYFX5KDE
19-Nov-25 15:47:12.195 - The guide can be found here https://doflinx.github.io/docs/
19-Nov-25 15:47:12.195 - For support come and visit the community here https://www.vpforums.org/index.php?showforum=104
19-Nov-25 15:47:12.196 - Pre-Reading DOFLinx.ini startup config file details
19-Nov-25 15:47:12.222 * Processing parameter 'DEBUG' with data '69' not in real-time
19-Nov-25 15:47:12.223 - DEBUG enabled with showing of window True
19-Nov-25 15:47:12.223 * Special logging flag enabled with window turned on
19-Nov-25 15:47:12.223 - DEBUG enabled with showing of window True
19-Nov-25 15:47:12.230 * Ultimate I/O board found - not fully implemented
19-Nov-25 15:47:12.231 * /dev/hidraw4
19-Nov-25 15:47:12.231 * B4 Write
19-Nov-25 15:47:12.231 * After Write
19-Nov-25 15:47:12.281 * After Read
19-Nov-25 15:47:12.281 * Ultimate I/O board found - not fully implemented
19-Nov-25 15:47:12.281 * /dev/hidraw3
19-Nov-25 15:47:12.281 * B4 Write
19-Nov-25 15:47:12.281 * After Write
19-Nov-25 15:47:12.331 * After Read
19-Nov-25 15:47:12.331 - Discovery error with /dev/hidraw3
19-Nov-25 15:47:12.355 * System.IO.IOException: Broken pipe : '/dev/hidraw3'
   at System.IO.RandomAccess.WriteAtOffset(SafeFileHandle handle, ReadOnlySpan`1 buffer, Int64 fileOffset)
   at System.IO.Strategies.OSFileStreamStrategy.Write(ReadOnlySpan`1 buffer)
   at System.IO.Strategies.BufferedFileStreamStrategy.Flush(Boolean flushToDisk)
   at System.IO.Strategies.BufferedFileStreamStrategy.Dispose(Boolean disposing)
   at LDOFLinx.DLOutput.FindOutput() in K:\DOFLinx\LDOFLinx\DLOutput.vb:line 341
19-Nov-25 15:47:12.355 * Ultimate I/O board found - not fully implemented
19-Nov-25 15:47:12.355 * /dev/hidraw2
19-Nov-25 15:47:12.355 * B4 Write
19-Nov-25 15:47:12.355 * After Write
19-Nov-25 15:47:12.405 * After Read
19-Nov-25 15:47:12.405 - Discovery error with /dev/hidraw2
19-Nov-25 15:47:12.405 * System.IO.IOException: Broken pipe : '/dev/hidraw2'
   at System.IO.RandomAccess.WriteAtOffset(SafeFileHandle handle, ReadOnlySpan`1 buffer, Int64 fileOffset)
   at System.IO.Strategies.OSFileStreamStrategy.Write(ReadOnlySpan`1 buffer)
   at System.IO.Strategies.BufferedFileStreamStrategy.Flush(Boolean flushToDisk)
   at System.IO.Strategies.BufferedFileStreamStrategy.Dispose(Boolean disposing)
   at LDOFLinx.DLOutput.FindOutput() in K:\DOFLinx\LDOFLinx\DLOutput.vb:line 341
19-Nov-25 15:47:12.406 - No output devices found
19-Nov-25 15:47:12.407 * Starting monitoring of keyboard = /dev/input/by-path/platform-xhci-hcd.1-usb-0:1:1.0-event-kbd
19-Nov-25 15:47:12.407 * Starting monitoring of keyboard = /dev/input/by-path/platform-xhci-hcd.1-usb-0:2:1.0-event-kbd
19-Nov-25 15:47:12.408 - Reading DOFLinx.ini startup config file details
19-Nov-25 15:47:12.408 * Processing parameter 'DEBUG' with data '69' not in real-time
19-Nov-25 15:47:12.408 - DEBUG enabled with showing of window True
19-Nov-25 15:47:12.408 * Special logging flag enabled with window turned on
19-Nov-25 15:47:12.408 * Processing parameter 'COLOUR_FILE' with data './config/colours.ini' not in real-time
19-Nov-25 15:47:12.409 - Reading colour file named ./config/colours.ini
19-Nov-25 15:47:12.412 * Processing parameter 'PATH_MAME' with data './mame/' not in real-time
19-Nov-25 15:47:12.412 * Processing parameter 'PATH_PIXELCADE' with data './pixelcade/' not in real-time
19-Nov-25 15:47:12.413 - The path './pixelcade/' does not exist
19-Nov-25 15:47:12.413 * Processing parameter 'MAME_FOLDER' with data '/usr/games/' not in real-time
19-Nov-25 15:47:12.413 * Processing parameter 'PROCESSES' with data 'retroarch' not in real-time
19-Nov-25 15:47:12.413 * Processing parameter 'MAME_PROCESS' with data 'retroarch' not in real-time
19-Nov-25 15:47:12.413 * Processing parameter 'MAME_RETROARCH_NCI' with data '1' not in real-time
19-Nov-25 15:47:12.424 * Processing parameter 'PIXELCADE_LCD_USE_NETWORK_ADDRESS' with data '1' not in real-time
19-Nov-25 15:47:12.424 * Processing parameter 'PIXELCADE_MENU_HIGHSCORE' with data '1' not in real-time
19-Nov-25 15:47:12.424 * Processing parameter 'PIXELCADE_GAME_START_HIGHSCORE' with data '1' not in real-time
19-Nov-25 15:47:12.424 * Processing parameter 'RGB_STYLE' with data 'RANDOM' not in real-time
19-Nov-25 15:47:12.424 * Processing parameter 'RGB_TRIGGER' with data 'TIME' not in real-time
19-Nov-25 15:47:12.424 * Processing parameter 'RGB_MIN_TIME' with data '1000' not in real-time
19-Nov-25 15:47:12.424 * Processing parameter 'LINK_BUT_CN' with data '0000,Orange,6' not in real-time
19-Nov-25 15:47:12.427 * Processing parameter 'LINK_BUT_EX' with data '0000,Amber,1' not in real-time
19-Nov-25 15:47:12.427 * Processing parameter 'LINK_BUT_J1' with data '0000,Random,0' not in real-time
19-Nov-25 15:47:12.427 * Processing parameter 'LINK_BUT_ST' with data '0000,White,6' not in real-time
19-Nov-25 15:47:12.427 * Processing parameter 'LINK_BUT_RE' with data '0000,Orange_Red,61' not in real-time
19-Nov-25 15:47:12.427 * Processing parameter 'LINK_BUT_PS' with data '0000,Deep_Pink,25' not in real-time
19-Nov-25 15:47:12.427 * Processing parameter 'LINK_BUT_P1' with data '0000,Cyan,2' not in real-time
19-Nov-25 15:47:12.427 * Processing parameter 'LINK_BUT_P2' with data '0000,Orchid,3' not in real-time
19-Nov-25 15:47:12.427 * Processing parameter 'LINK_BUT_B1' with data '0000,Green,29' not in real-time
19-Nov-25 15:47:12.427 * Processing parameter 'LINK_BUT_B2' with data '0000,Red,56' not in real-time
19-Nov-25 15:47:12.427 * Processing parameter 'LINK_BUT_B3' with data '0000,Yellow,57' not in real-time
19-Nov-25 15:47:12.427 * Processing parameter 'LINK_BUT_B4' with data '0000,Blue,00' not in real-time
19-Nov-25 15:47:12.427 * Processing parameter 'LINK_BUT_B5' with data '0000,Blue,44' not in real-time
19-Nov-25 15:47:12.427 * Processing parameter 'LINK_BUT_B6' with data '0000,Blue,45' not in real-time
19-Nov-25 15:47:12.427 * Processing parameter 'LINK_BUT_CH' with data '0000,Deep_Pink,64' not in real-time
19-Nov-25 15:47:12.427 * Processing parameter 'LINK_BUT_MN' with data '0000,Yellow,15' not in real-time
19-Nov-25 15:47:12.427 - DEBUG enabled with showing of window True
19-Nov-25 15:47:12.469 - No pixelcade.ini or settings.ini file could be found in the PATH_PIXELCADE= location
19-Nov-25 15:47:12.481 * 
19-Nov-25 15:47:12.483 - /usr/games/retroarch for game names was not found
19-Nov-25 15:47:12.484 - Trigger thread starting
19-Nov-25 15:47:12.493 * No menu.ini found
19-Nov-25 15:48:51.574 - Processing incoming message - QUIT
19-Nov-25 15:48:51.574 - Processing parameter 'QUIT' with data '' in real-time
19-Nov-25 15:48:51.577 - Shutting down
19-Nov-25 15:48:51.579 - Program close
19-Nov-25 16:06:56.234 - DEBUG enabled with showing of window True
19-Nov-25 16:06:56.249 * BETA logging flag enabled
19-Nov-25 16:06:56.249 - ***************************************************************
19-Nov-25 16:06:56.249 - Linux DOFLinx for Pinball and MAME Emulators - DOFLinx by DDH69
19-Nov-25 16:06:56.249 - Starting up - version 1.04 Beta 1
19-Nov-25 16:06:56.249 - ***************************************************************
19-Nov-25 16:06:56.251 - Linux OS on Arm64 processor with 64 bit operating system and 64 bit application
19-Nov-25 16:06:56.251 - If you like it, please make a donation here https://www.paypal.com/donate?hosted_button_id=YEPCTUYFX5KDE
19-Nov-25 16:06:56.251 - The guide can be found here https://doflinx.github.io/docs/
19-Nov-25 16:06:56.251 - For support come and visit the community here https://www.vpforums.org/index.php?showforum=104
19-Nov-25 16:06:56.252 - Pre-Reading DOFLinx.ini startup config file details
19-Nov-25 16:06:56.282 * Processing parameter 'DEBUG' with data '69' not in real-time
19-Nov-25 16:06:56.284 - DEBUG enabled with showing of window True
19-Nov-25 16:06:56.284 * Special logging flag enabled with window turned on
19-Nov-25 16:06:56.284 - DEBUG enabled with showing of window True
19-Nov-25 16:06:56.292 * Ultimate I/O board found - not fully implemented
19-Nov-25 16:06:56.292 * /dev/hidraw4
19-Nov-25 16:06:56.292 * After Config
19-Nov-25 16:06:56.294 * After Close
19-Nov-25 16:06:56.294 * Ultimate I/O board found - not fully implemented
19-Nov-25 16:06:56.294 * /dev/hidraw3
19-Nov-25 16:06:56.294 * After Config
19-Nov-25 16:06:56.296 - Discovery error with /dev/hidraw3
19-Nov-25 16:06:56.321 * System.IO.IOException: Broken pipe : '/dev/hidraw3'
   at System.IO.RandomAccess.WriteAtOffset(SafeFileHandle handle, ReadOnlySpan`1 buffer, Int64 fileOffset)
   at System.IO.Strategies.OSFileStreamStrategy.Write(ReadOnlySpan`1 buffer)
   at System.IO.Strategies.BufferedFileStreamStrategy.Flush(Boolean flushToDisk)
   at System.IO.Strategies.BufferedFileStreamStrategy.Dispose(Boolean disposing)
   at System.IO.Stream.Close()
   at LDOFLinx.DLOutput.FindOutput() in K:\DOFLinx\LDOFLinx\DLOutput.vb:line 336
19-Nov-25 16:06:56.321 * Ultimate I/O board found - not fully implemented
19-Nov-25 16:06:56.321 * /dev/hidraw2
19-Nov-25 16:06:56.321 * After Config
19-Nov-25 16:06:56.323 - Discovery error with /dev/hidraw2
19-Nov-25 16:06:56.323 * System.IO.IOException: Broken pipe : '/dev/hidraw2'
   at System.IO.RandomAccess.WriteAtOffset(SafeFileHandle handle, ReadOnlySpan`1 buffer, Int64 fileOffset)
   at System.IO.Strategies.OSFileStreamStrategy.Write(ReadOnlySpan`1 buffer)
   at System.IO.Strategies.BufferedFileStreamStrategy.Flush(Boolean flushToDisk)
   at System.IO.Strategies.BufferedFileStreamStrategy.Dispose(Boolean disposing)
   at System.IO.Stream.Close()
   at LDOFLinx.DLOutput.FindOutput() in K:\DOFLinx\LDOFLinx\DLOutput.vb:line 336
19-Nov-25 16:06:56.323 - No output devices found
19-Nov-25 16:06:56.325 * Starting monitoring of keyboard = /dev/input/by-path/platform-xhci-hcd.1-usb-0:1:1.0-event-kbd
19-Nov-25 16:06:56.325 * Starting monitoring of keyboard = /dev/input/by-path/platform-xhci-hcd.1-usb-0:2:1.0-event-kbd
19-Nov-25 16:06:56.326 - Reading DOFLinx.ini startup config file details
19-Nov-25 16:06:56.326 * Processing parameter 'DEBUG' with data '69' not in real-time
19-Nov-25 16:06:56.326 - DEBUG enabled with showing of window True
19-Nov-25 16:06:56.326 * Special logging flag enabled with window turned on
19-Nov-25 16:06:56.326 * Processing parameter 'COLOUR_FILE' with data './config/colours.ini' not in real-time
19-Nov-25 16:06:56.326 - Reading colour file named ./config/colours.ini
19-Nov-25 16:06:56.329 * Processing parameter 'PATH_MAME' with data './mame/' not in real-time
19-Nov-25 16:06:56.330 * Processing parameter 'PATH_PIXELCADE' with data './pixelcade/' not in real-time
19-Nov-25 16:06:56.330 - The path './pixelcade/' does not exist
19-Nov-25 16:06:56.330 * Processing parameter 'MAME_FOLDER' with data '/usr/games/' not in real-time
19-Nov-25 16:06:56.330 * Processing parameter 'PROCESSES' with data 'retroarch' not in real-time
19-Nov-25 16:06:56.330 * Processing parameter 'MAME_PROCESS' with data 'retroarch' not in real-time
19-Nov-25 16:06:56.330 * Processing parameter 'MAME_RETROARCH_NCI' with data '1' not in real-time
19-Nov-25 16:06:56.342 * Processing parameter 'PIXELCADE_LCD_USE_NETWORK_ADDRESS' with data '1' not in real-time
19-Nov-25 16:06:56.342 * Processing parameter 'PIXELCADE_MENU_HIGHSCORE' with data '1' not in real-time
19-Nov-25 16:06:56.342 * Processing parameter 'PIXELCADE_GAME_START_HIGHSCORE' with data '1' not in real-time
19-Nov-25 16:06:56.342 * Processing parameter 'RGB_STYLE' with data 'RANDOM' not in real-time
19-Nov-25 16:06:56.342 * Processing parameter 'RGB_TRIGGER' with data 'TIME' not in real-time
19-Nov-25 16:06:56.342 * Processing parameter 'RGB_MIN_TIME' with data '1000' not in real-time
19-Nov-25 16:06:56.343 * Processing parameter 'LINK_BUT_CN' with data '0000,Orange,6' not in real-time
19-Nov-25 16:06:56.346 * Processing parameter 'LINK_BUT_EX' with data '0000,Amber,1' not in real-time
19-Nov-25 16:06:56.346 * Processing parameter 'LINK_BUT_J1' with data '0000,Random,0' not in real-time
19-Nov-25 16:06:56.346 * Processing parameter 'LINK_BUT_ST' with data '0000,White,6' not in real-time
19-Nov-25 16:06:56.346 * Processing parameter 'LINK_BUT_RE' with data '0000,Orange_Red,61' not in real-time
19-Nov-25 16:06:56.346 * Processing parameter 'LINK_BUT_PS' with data '0000,Deep_Pink,25' not in real-time
19-Nov-25 16:06:56.347 * Processing parameter 'LINK_BUT_P1' with data '0000,Cyan,2' not in real-time
19-Nov-25 16:06:56.347 * Processing parameter 'LINK_BUT_P2' with data '0000,Orchid,3' not in real-time
19-Nov-25 16:06:56.347 * Processing parameter 'LINK_BUT_B1' with data '0000,Green,29' not in real-time
19-Nov-25 16:06:56.347 * Processing parameter 'LINK_BUT_B2' with data '0000,Red,56' not in real-time
19-Nov-25 16:06:56.347 * Processing parameter 'LINK_BUT_B3' with data '0000,Yellow,57' not in real-time
19-Nov-25 16:06:56.347 * Processing parameter 'LINK_BUT_B4' with data '0000,Blue,00' not in real-time
19-Nov-25 16:06:56.347 * Processing parameter 'LINK_BUT_B5' with data '0000,Blue,44' not in real-time
19-Nov-25 16:06:56.347 * Processing parameter 'LINK_BUT_B6' with data '0000,Blue,45' not in real-time
19-Nov-25 16:06:56.347 * Processing parameter 'LINK_BUT_CH' with data '0000,Deep_Pink,64' not in real-time
19-Nov-25 16:06:56.347 * Processing parameter 'LINK_BUT_MN' with data '0000,Yellow,15' not in real-time
19-Nov-25 16:06:56.347 - DEBUG enabled with showing of window True
19-Nov-25 16:06:56.393 - No pixelcade.ini or settings.ini file could be found in the PATH_PIXELCADE= location
19-Nov-25 16:06:56.408 * 
19-Nov-25 16:06:56.410 - /usr/games/retroarch for game names was not found
19-Nov-25 16:06:56.412 - Trigger thread starting
19-Nov-25 16:06:56.419 * No menu.ini found
19-Nov-25 16:08:32.956 - Processing incoming message - QUIT
19-Nov-25 16:08:32.956 - Processing parameter 'QUIT' with data '' in real-time
19-Nov-25 16:08:32.957 - Shutting down
19-Nov-25 16:08:32.960 - Program close
19-Nov-25 16:09:34.454 - DEBUG enabled with showing of window True
19-Nov-25 16:09:34.466 * BETA logging flag enabled
19-Nov-25 16:09:34.466 - ***************************************************************
19-Nov-25 16:09:34.466 - Linux DOFLinx for Pinball and MAME Emulators - DOFLinx by DDH69
19-Nov-25 16:09:34.466 - Starting up - version 1.04 Beta 1
19-Nov-25 16:09:34.466 - ***************************************************************
19-Nov-25 16:09:34.468 - Linux OS on Arm64 processor with 64 bit operating system and 64 bit application
19-Nov-25 16:09:34.468 - If you like it, please make a donation here https://www.paypal.com/donate?hosted_button_id=YEPCTUYFX5KDE
19-Nov-25 16:09:34.468 - The guide can be found here https://doflinx.github.io/docs/
19-Nov-25 16:09:34.468 - For support come and visit the community here https://www.vpforums.org/index.php?showforum=104
19-Nov-25 16:09:34.469 - Pre-Reading DOFLinx.ini startup config file details
19-Nov-25 16:09:34.495 * Processing parameter 'DEBUG' with data '69' not in real-time
19-Nov-25 16:09:34.496 - DEBUG enabled with showing of window True
19-Nov-25 16:09:34.496 * Special logging flag enabled with window turned on
19-Nov-25 16:09:34.496 - DEBUG enabled with showing of window True
19-Nov-25 16:09:34.504 * Ultimate I/O board found - not fully implemented
19-Nov-25 16:09:34.504 * /dev/hidraw4
19-Nov-25 16:09:34.504 * Ultimate I/O board found - not fully implemented
19-Nov-25 16:09:34.504 * /dev/hidraw3
19-Nov-25 16:09:34.504 * After Config
19-Nov-25 16:09:34.506 - Discovery error with /dev/hidraw3
19-Nov-25 16:09:34.528 * System.IO.IOException: Broken pipe : '/dev/hidraw3'
   at System.IO.RandomAccess.WriteAtOffset(SafeFileHandle handle, ReadOnlySpan`1 buffer, Int64 fileOffset)
   at System.IO.Strategies.OSFileStreamStrategy.Write(ReadOnlySpan`1 buffer)
   at System.IO.Strategies.BufferedFileStreamStrategy.Flush(Boolean flushToDisk)
   at System.IO.Strategies.BufferedFileStreamStrategy.Dispose(Boolean disposing)
   at System.IO.Stream.Close()
   at LDOFLinx.DLOutput.FindOutput() in K:\DOFLinx\LDOFLinx\DLOutput.vb:line 338
19-Nov-25 16:09:34.528 * Ultimate I/O board found - not fully implemented
19-Nov-25 16:09:34.528 * /dev/hidraw2
19-Nov-25 16:09:34.528 * After Config
19-Nov-25 16:09:34.529 - Discovery error with /dev/hidraw2
19-Nov-25 16:09:34.530 * System.IO.IOException: Broken pipe : '/dev/hidraw2'
   at System.IO.RandomAccess.WriteAtOffset(SafeFileHandle handle, ReadOnlySpan`1 buffer, Int64 fileOffset)
   at System.IO.Strategies.OSFileStreamStrategy.Write(ReadOnlySpan`1 buffer)
   at System.IO.Strategies.BufferedFileStreamStrategy.Flush(Boolean flushToDisk)
   at System.IO.Strategies.BufferedFileStreamStrategy.Dispose(Boolean disposing)
   at System.IO.Stream.Close()
   at LDOFLinx.DLOutput.FindOutput() in K:\DOFLinx\LDOFLinx\DLOutput.vb:line 338
19-Nov-25 16:09:34.530 - No output devices found
19-Nov-25 16:09:34.533 * Starting monitoring of keyboard = /dev/input/by-path/platform-xhci-hcd.1-usb-0:1:1.0-event-kbd
19-Nov-25 16:09:34.533 * Starting monitoring of keyboard = /dev/input/by-path/platform-xhci-hcd.1-usb-0:2:1.0-event-kbd
19-Nov-25 16:09:34.534 - Reading DOFLinx.ini startup config file details
19-Nov-25 16:09:34.534 * Processing parameter 'DEBUG' with data '69' not in real-time
19-Nov-25 16:09:34.534 - DEBUG enabled with showing of window True
19-Nov-25 16:09:34.534 * Special logging flag enabled with window turned on
19-Nov-25 16:09:34.534 * Processing parameter 'COLOUR_FILE' with data './config/colours.ini' not in real-time
19-Nov-25 16:09:34.535 - Reading colour file named ./config/colours.ini
19-Nov-25 16:09:34.537 * Processing parameter 'PATH_MAME' with data './mame/' not in real-time
19-Nov-25 16:09:34.538 * Processing parameter 'PATH_PIXELCADE' with data './pixelcade/' not in real-time
19-Nov-25 16:09:34.539 - The path './pixelcade/' does not exist
19-Nov-25 16:09:34.539 * Processing parameter 'MAME_FOLDER' with data '/usr/games/' not in real-time
19-Nov-25 16:09:34.539 * Processing parameter 'PROCESSES' with data 'retroarch' not in real-time
19-Nov-25 16:09:34.539 * Processing parameter 'MAME_PROCESS' with data 'retroarch' not in real-time
19-Nov-25 16:09:34.539 * Processing parameter 'MAME_RETROARCH_NCI' with data '1' not in real-time
19-Nov-25 16:09:34.549 * Processing parameter 'PIXELCADE_LCD_USE_NETWORK_ADDRESS' with data '1' not in real-time
19-Nov-25 16:09:34.549 * Processing parameter 'PIXELCADE_MENU_HIGHSCORE' with data '1' not in real-time
19-Nov-25 16:09:34.549 * Processing parameter 'PIXELCADE_GAME_START_HIGHSCORE' with data '1' not in real-time
19-Nov-25 16:09:34.549 * Processing parameter 'RGB_STYLE' with data 'RANDOM' not in real-time
19-Nov-25 16:09:34.550 * Processing parameter 'RGB_TRIGGER' with data 'TIME' not in real-time
19-Nov-25 16:09:34.550 * Processing parameter 'RGB_MIN_TIME' with data '1000' not in real-time
19-Nov-25 16:09:34.550 * Processing parameter 'LINK_BUT_CN' with data '0000,Orange,6' not in real-time
19-Nov-25 16:09:34.553 * Processing parameter 'LINK_BUT_EX' with data '0000,Amber,1' not in real-time
19-Nov-25 16:09:34.553 * Processing parameter 'LINK_BUT_J1' with data '0000,Random,0' not in real-time
19-Nov-25 16:09:34.553 * Processing parameter 'LINK_BUT_ST' with data '0000,White,6' not in real-time
19-Nov-25 16:09:34.553 * Processing parameter 'LINK_BUT_RE' with data '0000,Orange_Red,61' not in real-time
19-Nov-25 16:09:34.553 * Processing parameter 'LINK_BUT_PS' with data '0000,Deep_Pink,25' not in real-time
19-Nov-25 16:09:34.553 * Processing parameter 'LINK_BUT_P1' with data '0000,Cyan,2' not in real-time
19-Nov-25 16:09:34.553 * Processing parameter 'LINK_BUT_P2' with data '0000,Orchid,3' not in real-time
19-Nov-25 16:09:34.553 * Processing parameter 'LINK_BUT_B1' with data '0000,Green,29' not in real-time
19-Nov-25 16:09:34.553 * Processing parameter 'LINK_BUT_B2' with data '0000,Red,56' not in real-time
19-Nov-25 16:09:34.553 * Processing parameter 'LINK_BUT_B3' with data '0000,Yellow,57' not in real-time
19-Nov-25 16:09:34.553 * Processing parameter 'LINK_BUT_B4' with data '0000,Blue,00' not in real-time
19-Nov-25 16:09:34.553 * Processing parameter 'LINK_BUT_B5' with data '0000,Blue,44' not in real-time
19-Nov-25 16:09:34.553 * Processing parameter 'LINK_BUT_B6' with data '0000,Blue,45' not in real-time
19-Nov-25 16:09:34.553 * Processing parameter 'LINK_BUT_CH' with data '0000,Deep_Pink,64' not in real-time
19-Nov-25 16:09:34.553 * Processing parameter 'LINK_BUT_MN' with data '0000,Yellow,15' not in real-time
19-Nov-25 16:09:34.553 - DEBUG enabled with showing of window True
19-Nov-25 16:09:34.598 - No pixelcade.ini or settings.ini file could be found in the PATH_PIXELCADE= location
19-Nov-25 16:09:34.611 * 
19-Nov-25 16:09:34.613 - /usr/games/retroarch for game names was not found
19-Nov-25 16:09:34.614 - Trigger thread starting
19-Nov-25 16:09:34.622 * No menu.ini found
19-Nov-25 16:10:22.983 - Processing incoming message - QUIT
19-Nov-25 16:10:22.987 - Processing parameter 'QUIT' with data '' in real-time
19-Nov-25 16:10:22.989 - Shutting down
19-Nov-25 16:10:22.992 - Program close
19-Nov-25 16:17:33.904 - DEBUG enabled with showing of window True
19-Nov-25 16:17:33.920 * BETA logging flag enabled
19-Nov-25 16:17:33.920 - ***************************************************************
19-Nov-25 16:17:33.920 - Linux DOFLinx for Pinball and MAME Emulators - DOFLinx by DDH69
19-Nov-25 16:17:33.920 - Starting up - version 1.04 Beta 1
19-Nov-25 16:17:33.920 - ***************************************************************
19-Nov-25 16:17:33.922 - Linux OS on Arm64 processor with 64 bit operating system and 64 bit application
19-Nov-25 16:17:33.922 - If you like it, please make a donation here https://www.paypal.com/donate?hosted_button_id=YEPCTUYFX5KDE
19-Nov-25 16:17:33.922 - The guide can be found here https://doflinx.github.io/docs/
19-Nov-25 16:17:33.922 - For support come and visit the community here https://www.vpforums.org/index.php?showforum=104
19-Nov-25 16:17:33.923 - Pre-Reading DOFLinx.ini startup config file details
19-Nov-25 16:17:33.956 * Processing parameter 'DEBUG' with data '69' not in real-time
19-Nov-25 16:17:33.956 - DEBUG enabled with showing of window True
19-Nov-25 16:17:33.956 * Special logging flag enabled with window turned on
19-Nov-25 16:17:33.957 - DEBUG enabled with showing of window True
19-Nov-25 16:17:33.963 * PacLED64 board found - not fully implemented
19-Nov-25 16:17:33.963 - No output devices found
19-Nov-25 16:17:33.965 * Starting monitoring of keyboard = /dev/input/by-path/platform-xhci-hcd.1-usb-0:2:1.0-event-kbd
19-Nov-25 16:17:33.966 - Reading DOFLinx.ini startup config file details
19-Nov-25 16:17:33.966 * Processing parameter 'DEBUG' with data '69' not in real-time
19-Nov-25 16:17:33.966 - DEBUG enabled with showing of window True
19-Nov-25 16:17:33.966 * Special logging flag enabled with window turned on
19-Nov-25 16:17:33.966 * Processing parameter 'COLOUR_FILE' with data './config/colours.ini' not in real-time
19-Nov-25 16:17:33.966 - Reading colour file named ./config/colours.ini
19-Nov-25 16:17:33.969 * Processing parameter 'PATH_MAME' with data './mame/' not in real-time
19-Nov-25 16:17:33.970 * Processing parameter 'PATH_PIXELCADE' with data './pixelcade/' not in real-time
19-Nov-25 16:17:33.970 - The path './pixelcade/' does not exist
19-Nov-25 16:17:33.970 * Processing parameter 'MAME_FOLDER' with data '/usr/games/' not in real-time
19-Nov-25 16:17:33.970 * Processing parameter 'PROCESSES' with data 'retroarch' not in real-time
19-Nov-25 16:17:33.971 * Processing parameter 'MAME_PROCESS' with data 'retroarch' not in real-time
19-Nov-25 16:17:33.971 * Processing parameter 'MAME_RETROARCH_NCI' with data '1' not in real-time
19-Nov-25 16:17:33.982 * Processing parameter 'PIXELCADE_LCD_USE_NETWORK_ADDRESS' with data '1' not in real-time
19-Nov-25 16:17:33.982 * Processing parameter 'PIXELCADE_MENU_HIGHSCORE' with data '1' not in real-time
19-Nov-25 16:17:33.982 * Processing parameter 'PIXELCADE_GAME_START_HIGHSCORE' with data '1' not in real-time
19-Nov-25 16:17:33.982 * Processing parameter 'RGB_STYLE' with data 'RANDOM' not in real-time
19-Nov-25 16:17:33.982 * Processing parameter 'RGB_TRIGGER' with data 'TIME' not in real-time
19-Nov-25 16:17:33.982 * Processing parameter 'RGB_MIN_TIME' with data '1000' not in real-time
19-Nov-25 16:17:33.983 * Processing parameter 'LINK_BUT_CN' with data '0000,Orange,6' not in real-time
19-Nov-25 16:17:33.986 * Processing parameter 'LINK_BUT_EX' with data '0000,Amber,1' not in real-time
19-Nov-25 16:17:33.986 * Processing parameter 'LINK_BUT_J1' with data '0000,Random,0' not in real-time
19-Nov-25 16:17:33.986 * Processing parameter 'LINK_BUT_ST' with data '0000,White,6' not in real-time
19-Nov-25 16:17:33.986 * Processing parameter 'LINK_BUT_RE' with data '0000,Orange_Red,61' not in real-time
19-Nov-25 16:17:33.986 * Processing parameter 'LINK_BUT_PS' with data '0000,Deep_Pink,25' not in real-time
19-Nov-25 16:17:33.986 * Processing parameter 'LINK_BUT_P1' with data '0000,Cyan,2' not in real-time
19-Nov-25 16:17:33.986 * Processing parameter 'LINK_BUT_P2' with data '0000,Orchid,3' not in real-time
19-Nov-25 16:17:33.986 * Processing parameter 'LINK_BUT_B1' with data '0000,Green,29' not in real-time
19-Nov-25 16:17:33.986 * Processing parameter 'LINK_BUT_B2' with data '0000,Red,56' not in real-time
19-Nov-25 16:17:33.986 * Processing parameter 'LINK_BUT_B3' with data '0000,Yellow,57' not in real-time
19-Nov-25 16:17:33.986 * Processing parameter 'LINK_BUT_B4' with data '0000,Blue,00' not in real-time
19-Nov-25 16:17:33.986 * Processing parameter 'LINK_BUT_B5' with data '0000,Blue,44' not in real-time
19-Nov-25 16:17:33.987 * Processing parameter 'LINK_BUT_B6' with data '0000,Blue,45' not in real-time
19-Nov-25 16:17:33.987 * Processing parameter 'LINK_BUT_CH' with data '0000,Deep_Pink,64' not in real-time
19-Nov-25 16:17:33.987 * Processing parameter 'LINK_BUT_MN' with data '0000,Yellow,15' not in real-time
19-Nov-25 16:17:33.987 - DEBUG enabled with showing of window True
19-Nov-25 16:17:34.031 - No pixelcade.ini or settings.ini file could be found in the PATH_PIXELCADE= location
19-Nov-25 16:17:34.045 * 
19-Nov-25 16:17:34.047 - /usr/games/retroarch for game names was not found
19-Nov-25 16:17:34.049 - Trigger thread starting
19-Nov-25 16:17:34.057 * No menu.ini found
19-Nov-25 16:17:49.687 - Processing incoming message - QUIT
19-Nov-25 16:17:49.687 - Processing parameter 'QUIT' with data '' in real-time
19-Nov-25 16:17:49.688 - Shutting down
19-Nov-25 16:17:49.697 - Program close
19-Nov-25 16:17:53.918 - DEBUG enabled with showing of window True
19-Nov-25 16:17:53.934 * BETA logging flag enabled
19-Nov-25 16:17:53.934 - ***************************************************************
19-Nov-25 16:17:53.934 - Linux DOFLinx for Pinball and MAME Emulators - DOFLinx by DDH69
19-Nov-25 16:17:53.934 - Starting up - version 1.04 Beta 1
19-Nov-25 16:17:53.935 - ***************************************************************
19-Nov-25 16:17:53.936 - Linux OS on Arm64 processor with 64 bit operating system and 64 bit application
19-Nov-25 16:17:53.936 - If you like it, please make a donation here https://www.paypal.com/donate?hosted_button_id=YEPCTUYFX5KDE
19-Nov-25 16:17:53.936 - The guide can be found here https://doflinx.github.io/docs/
19-Nov-25 16:17:53.936 - For support come and visit the community here https://www.vpforums.org/index.php?showforum=104
19-Nov-25 16:17:53.938 - Pre-Reading DOFLinx.ini startup config file details
19-Nov-25 16:17:53.965 * Processing parameter 'DEBUG' with data '69' not in real-time
19-Nov-25 16:17:53.965 - DEBUG enabled with showing of window True
19-Nov-25 16:17:53.965 * Special logging flag enabled with window turned on
19-Nov-25 16:17:53.965 - DEBUG enabled with showing of window True
19-Nov-25 16:17:53.973 * PacLED64 board found - not fully implemented
19-Nov-25 16:17:53.973 - No output devices found
19-Nov-25 16:17:53.975 * Starting monitoring of keyboard = /dev/input/by-path/platform-xhci-hcd.1-usb-0:2:1.0-event-kbd
19-Nov-25 16:17:53.976 - Reading DOFLinx.ini startup config file details
19-Nov-25 16:17:53.976 * Processing parameter 'DEBUG' with data '69' not in real-time
19-Nov-25 16:17:53.976 - DEBUG enabled with showing of window True
19-Nov-25 16:17:53.976 * Special logging flag enabled with window turned on
19-Nov-25 16:17:53.976 * Processing parameter 'COLOUR_FILE' with data './config/colours.ini' not in real-time
19-Nov-25 16:17:53.976 - Reading colour file named ./config/colours.ini
19-Nov-25 16:17:53.979 * Processing parameter 'PATH_MAME' with data './mame/' not in real-time
19-Nov-25 16:17:53.980 * Processing parameter 'PATH_PIXELCADE' with data './pixelcade/' not in real-time
19-Nov-25 16:17:53.980 - The path './pixelcade/' does not exist
19-Nov-25 16:17:53.980 * Processing parameter 'MAME_FOLDER' with data '/usr/games/' not in real-time
19-Nov-25 16:17:53.980 * Processing parameter 'PROCESSES' with data 'retroarch' not in real-time
19-Nov-25 16:17:53.980 * Processing parameter 'MAME_PROCESS' with data 'retroarch' not in real-time
19-Nov-25 16:17:53.980 * Processing parameter 'MAME_RETROARCH_NCI' with data '1' not in real-time
19-Nov-25 16:17:53.991 * Processing parameter 'PIXELCADE_LCD_USE_NETWORK_ADDRESS' with data '1' not in real-time
19-Nov-25 16:17:53.991 * Processing parameter 'PIXELCADE_MENU_HIGHSCORE' with data '1' not in real-time
19-Nov-25 16:17:53.991 * Processing parameter 'PIXELCADE_GAME_START_HIGHSCORE' with data '1' not in real-time
19-Nov-25 16:17:53.991 * Processing parameter 'RGB_STYLE' with data 'RANDOM' not in real-time
19-Nov-25 16:17:53.991 * Processing parameter 'RGB_TRIGGER' with data 'TIME' not in real-time
19-Nov-25 16:17:53.991 * Processing parameter 'RGB_MIN_TIME' with data '1000' not in real-time
19-Nov-25 16:17:53.992 * Processing parameter 'LINK_BUT_CN' with data '0000,Orange,6' not in real-time
19-Nov-25 16:17:53.996 * Processing parameter 'LINK_BUT_EX' with data '0000,Amber,1' not in real-time
19-Nov-25 16:17:53.996 * Processing parameter 'LINK_BUT_J1' with data '0000,Random,0' not in real-time
19-Nov-25 16:17:53.996 * Processing parameter 'LINK_BUT_ST' with data '0000,White,6' not in real-time
19-Nov-25 16:17:53.996 * Processing parameter 'LINK_BUT_RE' with data '0000,Orange_Red,61' not in real-time
19-Nov-25 16:17:53.996 * Processing parameter 'LINK_BUT_PS' with data '0000,Deep_Pink,25' not in real-time
19-Nov-25 16:17:53.996 * Processing parameter 'LINK_BUT_P1' with data '0000,Cyan,2' not in real-time
19-Nov-25 16:17:53.996 * Processing parameter 'LINK_BUT_P2' with data '0000,Orchid,3' not in real-time
19-Nov-25 16:17:53.996 * Processing parameter 'LINK_BUT_B1' with data '0000,Green,29' not in real-time
19-Nov-25 16:17:53.996 * Processing parameter 'LINK_BUT_B2' with data '0000,Red,56' not in real-time
19-Nov-25 16:17:53.996 * Processing parameter 'LINK_BUT_B3' with data '0000,Yellow,57' not in real-time
19-Nov-25 16:17:53.996 * Processing parameter 'LINK_BUT_B4' with data '0000,Blue,00' not in real-time
19-Nov-25 16:17:53.996 * Processing parameter 'LINK_BUT_B5' with data '0000,Blue,44' not in real-time
19-Nov-25 16:17:53.996 * Processing parameter 'LINK_BUT_B6' with data '0000,Blue,45' not in real-time
19-Nov-25 16:17:53.996 * Processing parameter 'LINK_BUT_CH' with data '0000,Deep_Pink,64' not in real-time
19-Nov-25 16:17:53.996 * Processing parameter 'LINK_BUT_MN' with data '0000,Yellow,15' not in real-time
19-Nov-25 16:17:53.997 - DEBUG enabled with showing of window True
19-Nov-25 16:17:54.039 - No pixelcade.ini or settings.ini file could be found in the PATH_PIXELCADE= location
19-Nov-25 16:17:54.052 * 
19-Nov-25 16:17:54.053 - /usr/games/retroarch for game names was not found
19-Nov-25 16:17:54.057 - Trigger thread starting
19-Nov-25 16:17:54.068 * No menu.ini found
19-Nov-25 16:18:27.815 - Processing incoming message - QUIT
19-Nov-25 16:18:27.815 - Processing parameter 'QUIT' with data '' in real-time
19-Nov-25 16:18:27.820 - Shutting down
19-Nov-25 16:18:27.823 - Program close
19-Nov-25 16:19:20.775 - DEBUG enabled with showing of window True
19-Nov-25 16:19:20.788 * BETA logging flag enabled
19-Nov-25 16:19:20.788 - ***************************************************************
19-Nov-25 16:19:20.788 - Linux DOFLinx for Pinball and MAME Emulators - DOFLinx by DDH69
19-Nov-25 16:19:20.788 - Starting up - version 1.04 Beta 1
19-Nov-25 16:19:20.788 - ***************************************************************
19-Nov-25 16:19:20.789 - Linux OS on Arm64 processor with 64 bit operating system and 64 bit application
19-Nov-25 16:19:20.789 - If you like it, please make a donation here https://www.paypal.com/donate?hosted_button_id=YEPCTUYFX5KDE
19-Nov-25 16:19:20.789 - The guide can be found here https://doflinx.github.io/docs/
19-Nov-25 16:19:20.789 - For support come and visit the community here https://www.vpforums.org/index.php?showforum=104
19-Nov-25 16:19:20.790 - Pre-Reading DOFLinx.ini startup config file details
19-Nov-25 16:19:20.817 * Processing parameter 'DEBUG' with data '69' not in real-time
19-Nov-25 16:19:20.818 - DEBUG enabled with showing of window True
19-Nov-25 16:19:20.818 * Special logging flag enabled with window turned on
19-Nov-25 16:19:20.818 - DEBUG enabled with showing of window True
19-Nov-25 16:19:20.825 * PacLED64 board found - not fully implemented
19-Nov-25 16:19:20.826 - No output devices found
19-Nov-25 16:19:20.827 * Starting monitoring of keyboard = /dev/input/by-path/platform-xhci-hcd.1-usb-0:2:1.0-event-kbd
19-Nov-25 16:19:20.828 - Reading DOFLinx.ini startup config file details
19-Nov-25 16:19:20.828 * Processing parameter 'DEBUG' with data '69' not in real-time
19-Nov-25 16:19:20.828 - DEBUG enabled with showing of window True
19-Nov-25 16:19:20.828 * Special logging flag enabled with window turned on
19-Nov-25 16:19:20.828 * Processing parameter 'COLOUR_FILE' with data './config/colours.ini' not in real-time
19-Nov-25 16:19:20.829 - Reading colour file named ./config/colours.ini
19-Nov-25 16:19:20.832 * Processing parameter 'PATH_MAME' with data './mame/' not in real-time
19-Nov-25 16:19:20.832 * Processing parameter 'PATH_PIXELCADE' with data './pixelcade/' not in real-time
19-Nov-25 16:19:20.833 - The path './pixelcade/' does not exist
19-Nov-25 16:19:20.833 * Processing parameter 'MAME_FOLDER' with data '/usr/games/' not in real-time
19-Nov-25 16:19:20.833 * Processing parameter 'PROCESSES' with data 'retroarch' not in real-time
19-Nov-25 16:19:20.833 * Processing parameter 'MAME_PROCESS' with data 'retroarch' not in real-time
19-Nov-25 16:19:20.833 * Processing parameter 'MAME_RETROARCH_NCI' with data '1' not in real-time
19-Nov-25 16:19:20.844 * Processing parameter 'PIXELCADE_LCD_USE_NETWORK_ADDRESS' with data '1' not in real-time
19-Nov-25 16:19:20.844 * Processing parameter 'PIXELCADE_MENU_HIGHSCORE' with data '1' not in real-time
19-Nov-25 16:19:20.844 * Processing parameter 'PIXELCADE_GAME_START_HIGHSCORE' with data '1' not in real-time
19-Nov-25 16:19:20.844 * Processing parameter 'RGB_STYLE' with data 'RANDOM' not in real-time
19-Nov-25 16:19:20.844 * Processing parameter 'RGB_TRIGGER' with data 'TIME' not in real-time
19-Nov-25 16:19:20.844 * Processing parameter 'RGB_MIN_TIME' with data '1000' not in real-time
19-Nov-25 16:19:20.845 * Processing parameter 'LINK_BUT_CN' with data '0000,Orange,6' not in real-time
19-Nov-25 16:19:20.849 * Processing parameter 'LINK_BUT_EX' with data '0000,Amber,1' not in real-time
19-Nov-25 16:19:20.849 * Processing parameter 'LINK_BUT_J1' with data '0000,Random,0' not in real-time
19-Nov-25 16:19:20.849 * Processing parameter 'LINK_BUT_ST' with data '0000,White,6' not in real-time
19-Nov-25 16:19:20.849 * Processing parameter 'LINK_BUT_RE' with data '0000,Orange_Red,61' not in real-time
19-Nov-25 16:19:20.849 * Processing parameter 'LINK_BUT_PS' with data '0000,Deep_Pink,25' not in real-time
19-Nov-25 16:19:20.849 * Processing parameter 'LINK_BUT_P1' with data '0000,Cyan,2' not in real-time
19-Nov-25 16:19:20.849 * Processing parameter 'LINK_BUT_P2' with data '0000,Orchid,3' not in real-time
19-Nov-25 16:19:20.849 * Processing parameter 'LINK_BUT_B1' with data '0000,Green,29' not in real-time
19-Nov-25 16:19:20.849 * Processing parameter 'LINK_BUT_B2' with data '0000,Red,56' not in real-time
19-Nov-25 16:19:20.849 * Processing parameter 'LINK_BUT_B3' with data '0000,Yellow,57' not in real-time
19-Nov-25 16:19:20.849 * Processing parameter 'LINK_BUT_B4' with data '0000,Blue,00' not in real-time
19-Nov-25 16:19:20.849 * Processing parameter 'LINK_BUT_B5' with data '0000,Blue,44' not in real-time
19-Nov-25 16:19:20.849 * Processing parameter 'LINK_BUT_B6' with data '0000,Blue,45' not in real-time
19-Nov-25 16:19:20.849 * Processing parameter 'LINK_BUT_CH' with data '0000,Deep_Pink,64' not in real-time
19-Nov-25 16:19:20.849 * Processing parameter 'LINK_BUT_MN' with data '0000,Yellow,15' not in real-time
19-Nov-25 16:19:20.849 - DEBUG enabled with showing of window True
19-Nov-25 16:19:20.892 - No pixelcade.ini or settings.ini file could be found in the PATH_PIXELCADE= location
19-Nov-25 16:19:20.904 * 
19-Nov-25 16:19:20.906 - /usr/games/retroarch for game names was not found
19-Nov-25 16:19:20.907 - Trigger thread starting
19-Nov-25 16:19:20.922 * No menu.ini found
19-Nov-25 16:19:39.955 - Processing incoming message - QUIT
19-Nov-25 16:19:39.955 - Processing parameter 'QUIT' with data '' in real-time
19-Nov-25 16:19:39.957 - Shutting down
19-Nov-25 16:19:39.969 - Program close
19-Nov-25 16:21:24.592 - DEBUG enabled with showing of window True
19-Nov-25 16:21:24.604 * BETA logging flag enabled
19-Nov-25 16:21:24.604 - ***************************************************************
19-Nov-25 16:21:24.604 - Linux DOFLinx for Pinball and MAME Emulators - DOFLinx by DDH69
19-Nov-25 16:21:24.604 - Starting up - version 1.04 Beta 1
19-Nov-25 16:21:24.604 - ***************************************************************
19-Nov-25 16:21:24.605 - Linux OS on Arm64 processor with 64 bit operating system and 64 bit application
19-Nov-25 16:21:24.605 - If you like it, please make a donation here https://www.paypal.com/donate?hosted_button_id=YEPCTUYFX5KDE
19-Nov-25 16:21:24.605 - The guide can be found here https://doflinx.github.io/docs/
19-Nov-25 16:21:24.605 - For support come and visit the community here https://www.vpforums.org/index.php?showforum=104
19-Nov-25 16:21:24.606 - Pre-Reading DOFLinx.ini startup config file details
19-Nov-25 16:21:24.633 * Processing parameter 'DEBUG' with data '69' not in real-time
19-Nov-25 16:21:24.633 - DEBUG enabled with showing of window True
19-Nov-25 16:21:24.633 * Special logging flag enabled with window turned on
19-Nov-25 16:21:24.633 - DEBUG enabled with showing of window True
19-Nov-25 16:21:24.641 * PacLED64 board found - not fully implemented
19-Nov-25 16:21:24.641 * /dev/hidraw2
19-Nov-25 16:21:24.641 * After Config
19-Nov-25 16:21:24.643 - Discovery error with /dev/hidraw2
19-Nov-25 16:21:24.666 * System.IO.IOException: Broken pipe : '/dev/hidraw2'
   at System.IO.RandomAccess.WriteAtOffset(SafeFileHandle handle, ReadOnlySpan`1 buffer, Int64 fileOffset)
   at System.IO.Strategies.OSFileStreamStrategy.Write(ReadOnlySpan`1 buffer)
   at System.IO.Strategies.BufferedFileStreamStrategy.Flush(Boolean flushToDisk)
   at System.IO.Strategies.BufferedFileStreamStrategy.Dispose(Boolean disposing)
   at System.IO.Stream.Close()
   at LDOFLinx.DLOutput.FindOutput() in K:\DOFLinx\LDOFLinx\DLOutput.vb:line 333
19-Nov-25 16:21:24.667 - No output devices found
19-Nov-25 16:21:24.669 * Starting monitoring of keyboard = /dev/input/by-path/platform-xhci-hcd.1-usb-0:2:1.0-event-kbd
19-Nov-25 16:21:24.670 - Reading DOFLinx.ini startup config file details
19-Nov-25 16:21:24.670 * Processing parameter 'DEBUG' with data '69' not in real-time
19-Nov-25 16:21:24.670 - DEBUG enabled with showing of window True
19-Nov-25 16:21:24.670 * Special logging flag enabled with window turned on
19-Nov-25 16:21:24.670 * Processing parameter 'COLOUR_FILE' with data './config/colours.ini' not in real-time
19-Nov-25 16:21:24.670 - Reading colour file named ./config/colours.ini
19-Nov-25 16:21:24.673 * Processing parameter 'PATH_MAME' with data './mame/' not in real-time
19-Nov-25 16:21:24.674 * Processing parameter 'PATH_PIXELCADE' with data './pixelcade/' not in real-time
19-Nov-25 16:21:24.674 - The path './pixelcade/' does not exist
19-Nov-25 16:21:24.674 * Processing parameter 'MAME_FOLDER' with data '/usr/games/' not in real-time
19-Nov-25 16:21:24.674 * Processing parameter 'PROCESSES' with data 'retroarch' not in real-time
19-Nov-25 16:21:24.674 * Processing parameter 'MAME_PROCESS' with data 'retroarch' not in real-time
19-Nov-25 16:21:24.674 * Processing parameter 'MAME_RETROARCH_NCI' with data '1' not in real-time
19-Nov-25 16:21:24.685 * Processing parameter 'PIXELCADE_LCD_USE_NETWORK_ADDRESS' with data '1' not in real-time
19-Nov-25 16:21:24.685 * Processing parameter 'PIXELCADE_MENU_HIGHSCORE' with data '1' not in real-time
19-Nov-25 16:21:24.685 * Processing parameter 'PIXELCADE_GAME_START_HIGHSCORE' with data '1' not in real-time
19-Nov-25 16:21:24.685 * Processing parameter 'RGB_STYLE' with data 'RANDOM' not in real-time
19-Nov-25 16:21:24.685 * Processing parameter 'RGB_TRIGGER' with data 'TIME' not in real-time
19-Nov-25 16:21:24.685 * Processing parameter 'RGB_MIN_TIME' with data '1000' not in real-time
19-Nov-25 16:21:24.686 * Processing parameter 'LINK_BUT_CN' with data '0000,Orange,6' not in real-time
19-Nov-25 16:21:24.688 * Processing parameter 'LINK_BUT_EX' with data '0000,Amber,1' not in real-time
19-Nov-25 16:21:24.688 * Processing parameter 'LINK_BUT_J1' with data '0000,Random,0' not in real-time
19-Nov-25 16:21:24.689 * Processing parameter 'LINK_BUT_ST' with data '0000,White,6' not in real-time
19-Nov-25 16:21:24.689 * Processing parameter 'LINK_BUT_RE' with data '0000,Orange_Red,61' not in real-time
19-Nov-25 16:21:24.689 * Processing parameter 'LINK_BUT_PS' with data '0000,Deep_Pink,25' not in real-time
19-Nov-25 16:21:24.689 * Processing parameter 'LINK_BUT_P1' with data '0000,Cyan,2' not in real-time
19-Nov-25 16:21:24.689 * Processing parameter 'LINK_BUT_P2' with data '0000,Orchid,3' not in real-time
19-Nov-25 16:21:24.689 * Processing parameter 'LINK_BUT_B1' with data '0000,Green,29' not in real-time
19-Nov-25 16:21:24.689 * Processing parameter 'LINK_BUT_B2' with data '0000,Red,56' not in real-time
19-Nov-25 16:21:24.689 * Processing parameter 'LINK_BUT_B3' with data '0000,Yellow,57' not in real-time
19-Nov-25 16:21:24.689 * Processing parameter 'LINK_BUT_B4' with data '0000,Blue,00' not in real-time
19-Nov-25 16:21:24.689 * Processing parameter 'LINK_BUT_B5' with data '0000,Blue,44' not in real-time
19-Nov-25 16:21:24.689 * Processing parameter 'LINK_BUT_B6' with data '0000,Blue,45' not in real-time
19-Nov-25 16:21:24.689 * Processing parameter 'LINK_BUT_CH' with data '0000,Deep_Pink,64' not in real-time
19-Nov-25 16:21:24.689 * Processing parameter 'LINK_BUT_MN' with data '0000,Yellow,15' not in real-time
19-Nov-25 16:21:24.689 - DEBUG enabled with showing of window True
19-Nov-25 16:21:24.733 - No pixelcade.ini or settings.ini file could be found in the PATH_PIXELCADE= location
19-Nov-25 16:21:24.746 * 
19-Nov-25 16:21:24.747 - /usr/games/retroarch for game names was not found
19-Nov-25 16:21:24.749 - Trigger thread starting
19-Nov-25 16:21:24.757 * No menu.ini found
19-Nov-25 16:47:37.683 - Processing incoming message - QUIT
19-Nov-25 16:47:37.683 - Processing parameter 'QUIT' with data '' in real-time
19-Nov-25 16:47:37.686 - Shutting down
19-Nov-25 16:47:37.689 - Program close
19-Nov-25 16:51:44.777 - DEBUG enabled with showing of window True
19-Nov-25 16:51:44.789 * BETA logging flag enabled
19-Nov-25 16:51:44.789 - ***************************************************************
19-Nov-25 16:51:44.789 - Linux DOFLinx for Pinball and MAME Emulators - DOFLinx by DDH69
19-Nov-25 16:51:44.790 - Starting up - version 1.04 Beta 1
19-Nov-25 16:51:44.790 - ***************************************************************
19-Nov-25 16:51:44.791 - Linux OS on Arm64 processor with 64 bit operating system and 64 bit application
19-Nov-25 16:51:44.791 - If you like it, please make a donation here https://www.paypal.com/donate?hosted_button_id=YEPCTUYFX5KDE
19-Nov-25 16:51:44.791 - The guide can be found here https://doflinx.github.io/docs/
19-Nov-25 16:51:44.791 - For support come and visit the community here https://www.vpforums.org/index.php?showforum=104
19-Nov-25 16:51:44.792 - Pre-Reading DOFLinx.ini startup config file details
19-Nov-25 16:51:44.821 * Processing parameter 'DEBUG' with data '69' not in real-time
19-Nov-25 16:51:44.821 - DEBUG enabled with showing of window True
19-Nov-25 16:51:44.821 * Special logging flag enabled with window turned on
19-Nov-25 16:51:44.821 - DEBUG enabled with showing of window True
19-Nov-25 16:51:44.829 * PacLED64 board found - not fully implemented
19-Nov-25 16:51:44.829 * /dev/hidraw2
19-Nov-25 16:51:44.829 * After Config
19-Nov-25 16:51:44.831 - Discovery error with /dev/hidraw2
19-Nov-25 16:51:44.852 * System.IO.IOException: Broken pipe : '/dev/hidraw2'
   at System.IO.RandomAccess.WriteAtOffset(SafeFileHandle handle, ReadOnlySpan`1 buffer, Int64 fileOffset)
   at System.IO.Strategies.OSFileStreamStrategy.Write(ReadOnlySpan`1 buffer)
   at System.IO.Strategies.BufferedFileStreamStrategy.Flush(Boolean flushToDisk)
   at System.IO.Strategies.BufferedFileStreamStrategy.Dispose(Boolean disposing)
   at System.IO.Stream.Close()
   at LDOFLinx.DLOutput.FindOutput() in K:\DOFLinx\LDOFLinx\DLOutput.vb:line 341
19-Nov-25 16:51:44.853 - No output devices found
19-Nov-25 16:51:44.855 * Starting monitoring of keyboard = /dev/input/by-path/platform-xhci-hcd.1-usb-0:2:1.0-event-kbd
19-Nov-25 16:51:44.857 - Reading DOFLinx.ini startup config file details
19-Nov-25 16:51:44.857 * Processing parameter 'DEBUG' with data '69' not in real-time
19-Nov-25 16:51:44.857 - DEBUG enabled with showing of window True
19-Nov-25 16:51:44.857 * Special logging flag enabled with window turned on
19-Nov-25 16:51:44.857 * Processing parameter 'COLOUR_FILE' with data './config/colours.ini' not in real-time
19-Nov-25 16:51:44.857 - Reading colour file named ./config/colours.ini
19-Nov-25 16:51:44.860 * Processing parameter 'PATH_MAME' with data './mame/' not in real-time
19-Nov-25 16:51:44.861 * Processing parameter 'PATH_PIXELCADE' with data './pixelcade/' not in real-time
19-Nov-25 16:51:44.861 - The path './pixelcade/' does not exist
19-Nov-25 16:51:44.861 * Processing parameter 'MAME_FOLDER' with data '/usr/games/' not in real-time
19-Nov-25 16:51:44.861 * Processing parameter 'PROCESSES' with data 'retroarch' not in real-time
19-Nov-25 16:51:44.861 * Processing parameter 'MAME_PROCESS' with data 'retroarch' not in real-time
19-Nov-25 16:51:44.862 * Processing parameter 'MAME_RETROARCH_NCI' with data '1' not in real-time
19-Nov-25 16:51:44.872 * Processing parameter 'PIXELCADE_LCD_USE_NETWORK_ADDRESS' with data '1' not in real-time
19-Nov-25 16:51:44.872 * Processing parameter 'PIXELCADE_MENU_HIGHSCORE' with data '1' not in real-time
19-Nov-25 16:51:44.872 * Processing parameter 'PIXELCADE_GAME_START_HIGHSCORE' with data '1' not in real-time
19-Nov-25 16:51:44.872 * Processing parameter 'RGB_STYLE' with data 'RANDOM' not in real-time
19-Nov-25 16:51:44.872 * Processing parameter 'RGB_TRIGGER' with data 'TIME' not in real-time
19-Nov-25 16:51:44.872 * Processing parameter 'RGB_MIN_TIME' with data '1000' not in real-time
19-Nov-25 16:51:44.873 * Processing parameter 'LINK_BUT_CN' with data '0000,Orange,6' not in real-time
19-Nov-25 16:51:44.876 * Processing parameter 'LINK_BUT_EX' with data '0000,Amber,1' not in real-time
19-Nov-25 16:51:44.876 * Processing parameter 'LINK_BUT_J1' with data '0000,Random,0' not in real-time
19-Nov-25 16:51:44.876 * Processing parameter 'LINK_BUT_ST' with data '0000,White,6' not in real-time
19-Nov-25 16:51:44.876 * Processing parameter 'LINK_BUT_RE' with data '0000,Orange_Red,61' not in real-time
19-Nov-25 16:51:44.876 * Processing parameter 'LINK_BUT_PS' with data '0000,Deep_Pink,25' not in real-time
19-Nov-25 16:51:44.876 * Processing parameter 'LINK_BUT_P1' with data '0000,Cyan,2' not in real-time
19-Nov-25 16:51:44.876 * Processing parameter 'LINK_BUT_P2' with data '0000,Orchid,3' not in real-time
19-Nov-25 16:51:44.876 * Processing parameter 'LINK_BUT_B1' with data '0000,Green,29' not in real-time
19-Nov-25 16:51:44.876 * Processing parameter 'LINK_BUT_B2' with data '0000,Red,56' not in real-time
19-Nov-25 16:51:44.876 * Processing parameter 'LINK_BUT_B3' with data '0000,Yellow,57' not in real-time
19-Nov-25 16:51:44.876 * Processing parameter 'LINK_BUT_B4' with data '0000,Blue,00' not in real-time
19-Nov-25 16:51:44.876 * Processing parameter 'LINK_BUT_B5' with data '0000,Blue,44' not in real-time
19-Nov-25 16:51:44.876 * Processing parameter 'LINK_BUT_B6' with data '0000,Blue,45' not in real-time
19-Nov-25 16:51:44.876 * Processing parameter 'LINK_BUT_CH' with data '0000,Deep_Pink,64' not in real-time
19-Nov-25 16:51:44.876 * Processing parameter 'LINK_BUT_MN' with data '0000,Yellow,15' not in real-time
19-Nov-25 16:51:44.876 - DEBUG enabled with showing of window True
19-Nov-25 16:51:44.922 - No pixelcade.ini or settings.ini file could be found in the PATH_PIXELCADE= location
19-Nov-25 16:51:44.935 * 
19-Nov-25 16:51:44.937 - /usr/games/retroarch for game names was not found
19-Nov-25 16:51:44.938 - Trigger thread starting
19-Nov-25 16:51:44.946 * No menu.ini found
19-Nov-25 16:52:12.036 - Processing incoming message - QUIT
19-Nov-25 16:52:12.036 - Processing parameter 'QUIT' with data '' in real-time
19-Nov-25 16:52:12.038 - Shutting down
19-Nov-25 16:52:12.041 - Program close
19-Nov-25 16:52:15.399 - DEBUG enabled with showing of window True
19-Nov-25 16:52:15.411 * BETA logging flag enabled
19-Nov-25 16:52:15.411 - ***************************************************************
19-Nov-25 16:52:15.411 - Linux DOFLinx for Pinball and MAME Emulators - DOFLinx by DDH69
19-Nov-25 16:52:15.411 - Starting up - version 1.04 Beta 1
19-Nov-25 16:52:15.411 - ***************************************************************
19-Nov-25 16:52:15.413 - Linux OS on Arm64 processor with 64 bit operating system and 64 bit application
19-Nov-25 16:52:15.413 - If you like it, please make a donation here https://www.paypal.com/donate?hosted_button_id=YEPCTUYFX5KDE
19-Nov-25 16:52:15.413 - The guide can be found here https://doflinx.github.io/docs/
19-Nov-25 16:52:15.413 - For support come and visit the community here https://www.vpforums.org/index.php?showforum=104
19-Nov-25 16:52:15.414 - Pre-Reading DOFLinx.ini startup config file details
19-Nov-25 16:52:15.442 * Processing parameter 'DEBUG' with data '69' not in real-time
19-Nov-25 16:52:15.442 - DEBUG enabled with showing of window True
19-Nov-25 16:52:15.442 * Special logging flag enabled with window turned on
19-Nov-25 16:52:15.443 - DEBUG enabled with showing of window True
19-Nov-25 16:52:15.450 * PacLED64 board found - not fully implemented
19-Nov-25 16:52:15.450 * /dev/hidraw2
19-Nov-25 16:52:15.450 * After Config
19-Nov-25 16:52:15.451 - Discovery error with /dev/hidraw2
19-Nov-25 16:52:15.471 * System.IO.IOException: Broken pipe : '/dev/hidraw2'
   at System.IO.RandomAccess.WriteAtOffset(SafeFileHandle handle, ReadOnlySpan`1 buffer, Int64 fileOffset)
   at System.IO.Strategies.OSFileStreamStrategy.Write(ReadOnlySpan`1 buffer)
   at System.IO.Strategies.BufferedFileStreamStrategy.Flush(Boolean flushToDisk)
   at System.IO.Strategies.BufferedFileStreamStrategy.Dispose(Boolean disposing)
   at System.IO.Stream.Close()
   at LDOFLinx.DLOutput.FindOutput() in K:\DOFLinx\LDOFLinx\DLOutput.vb:line 341
19-Nov-25 16:52:15.472 - No output devices found
19-Nov-25 16:52:15.474 * Starting monitoring of keyboard = /dev/input/by-path/platform-xhci-hcd.1-usb-0:2:1.0-event-kbd
19-Nov-25 16:52:15.475 - Reading DOFLinx.ini startup config file details
19-Nov-25 16:52:15.476 * Processing parameter 'DEBUG' with data '69' not in real-time
19-Nov-25 16:52:15.476 - DEBUG enabled with showing of window True
19-Nov-25 16:52:15.476 * Special logging flag enabled with window turned on
19-Nov-25 16:52:15.476 * Processing parameter 'COLOUR_FILE' with data './config/colours.ini' not in real-time
19-Nov-25 16:52:15.477 - Reading colour file named ./config/colours.ini
19-Nov-25 16:52:15.479 * Processing parameter 'PATH_MAME' with data './mame/' not in real-time
19-Nov-25 16:52:15.480 * Processing parameter 'PATH_PIXELCADE' with data './pixelcade/' not in real-time
19-Nov-25 16:52:15.480 - The path './pixelcade/' does not exist
19-Nov-25 16:52:15.480 * Processing parameter 'MAME_FOLDER' with data '/usr/games/' not in real-time
19-Nov-25 16:52:15.480 * Processing parameter 'PROCESSES' with data 'retroarch' not in real-time
19-Nov-25 16:52:15.480 * Processing parameter 'MAME_PROCESS' with data 'retroarch' not in real-time
19-Nov-25 16:52:15.480 * Processing parameter 'MAME_RETROARCH_NCI' with data '1' not in real-time
19-Nov-25 16:52:15.491 * Processing parameter 'PIXELCADE_LCD_USE_NETWORK_ADDRESS' with data '1' not in real-time
19-Nov-25 16:52:15.491 * Processing parameter 'PIXELCADE_MENU_HIGHSCORE' with data '1' not in real-time
19-Nov-25 16:52:15.491 * Processing parameter 'PIXELCADE_GAME_START_HIGHSCORE' with data '1' not in real-time
19-Nov-25 16:52:15.491 * Processing parameter 'RGB_STYLE' with data 'RANDOM' not in real-time
19-Nov-25 16:52:15.491 * Processing parameter 'RGB_TRIGGER' with data 'TIME' not in real-time
19-Nov-25 16:52:15.491 * Processing parameter 'RGB_MIN_TIME' with data '1000' not in real-time
19-Nov-25 16:52:15.492 * Processing parameter 'LINK_BUT_CN' with data '0000,Orange,6' not in real-time
19-Nov-25 16:52:15.494 * Processing parameter 'LINK_BUT_EX' with data '0000,Amber,1' not in real-time
19-Nov-25 16:52:15.494 * Processing parameter 'LINK_BUT_J1' with data '0000,Random,0' not in real-time
19-Nov-25 16:52:15.494 * Processing parameter 'LINK_BUT_ST' with data '0000,White,6' not in real-time
19-Nov-25 16:52:15.494 * Processing parameter 'LINK_BUT_RE' with data '0000,Orange_Red,61' not in real-time
19-Nov-25 16:52:15.494 * Processing parameter 'LINK_BUT_PS' with data '0000,Deep_Pink,25' not in real-time
19-Nov-25 16:52:15.494 * Processing parameter 'LINK_BUT_P1' with data '0000,Cyan,2' not in real-time
19-Nov-25 16:52:15.495 * Processing parameter 'LINK_BUT_P2' with data '0000,Orchid,3' not in real-time
19-Nov-25 16:52:15.495 * Processing parameter 'LINK_BUT_B1' with data '0000,Green,29' not in real-time
19-Nov-25 16:52:15.495 * Processing parameter 'LINK_BUT_B2' with data '0000,Red,56' not in real-time
19-Nov-25 16:52:15.495 * Processing parameter 'LINK_BUT_B3' with data '0000,Yellow,57' not in real-time
19-Nov-25 16:52:15.495 * Processing parameter 'LINK_BUT_B4' with data '0000,Blue,00' not in real-time
19-Nov-25 16:52:15.495 * Processing parameter 'LINK_BUT_B5' with data '0000,Blue,44' not in real-time
19-Nov-25 16:52:15.495 * Processing parameter 'LINK_BUT_B6' with data '0000,Blue,45' not in real-time
19-Nov-25 16:52:15.495 * Processing parameter 'LINK_BUT_CH' with data '0000,Deep_Pink,64' not in real-time
19-Nov-25 16:52:15.496 * Processing parameter 'LINK_BUT_MN' with data '0000,Yellow,15' not in real-time
19-Nov-25 16:52:15.496 - DEBUG enabled with showing of window True
19-Nov-25 16:52:15.537 - No pixelcade.ini or settings.ini file could be found in the PATH_PIXELCADE= location
19-Nov-25 16:52:15.547 * 
19-Nov-25 16:52:15.549 - /usr/games/retroarch for game names was not found
19-Nov-25 16:52:15.551 - Trigger thread starting
19-Nov-25 16:52:15.559 * No menu.ini found
19-Nov-25 16:52:22.035 - Processing incoming message - QUIT
19-Nov-25 16:52:22.035 - Processing parameter 'QUIT' with data '' in real-time
19-Nov-25 16:52:22.039 - Shutting down
19-Nov-25 16:52:22.042 - Program close
19-Nov-25 16:56:49.930 - DEBUG enabled with showing of window True
19-Nov-25 16:56:49.942 * BETA logging flag enabled
19-Nov-25 16:56:49.942 - ***************************************************************
19-Nov-25 16:56:49.942 - Linux DOFLinx for Pinball and MAME Emulators - DOFLinx by DDH69
19-Nov-25 16:56:49.943 - Starting up - version 1.04 Beta 1
19-Nov-25 16:56:49.943 - ***************************************************************
19-Nov-25 16:56:49.944 - Linux OS on Arm64 processor with 64 bit operating system and 64 bit application
19-Nov-25 16:56:49.944 - If you like it, please make a donation here https://www.paypal.com/donate?hosted_button_id=YEPCTUYFX5KDE
19-Nov-25 16:56:49.944 - The guide can be found here https://doflinx.github.io/docs/
19-Nov-25 16:56:49.944 - For support come and visit the community here https://www.vpforums.org/index.php?showforum=104
19-Nov-25 16:56:49.945 - Pre-Reading DOFLinx.ini startup config file details
19-Nov-25 16:56:49.971 * Processing parameter 'DEBUG' with data '69' not in real-time
19-Nov-25 16:56:49.972 - DEBUG enabled with showing of window True
19-Nov-25 16:56:49.972 * Special logging flag enabled with window turned on
19-Nov-25 16:56:49.972 - DEBUG enabled with showing of window True
19-Nov-25 16:56:49.980 * PacLED64 board found - not fully implemented
19-Nov-25 16:56:49.980 * /dev/hidraw2
19-Nov-25 16:56:49.980 * After Config
19-Nov-25 16:56:49.982 - Discovery error with /dev/hidraw2
19-Nov-25 16:56:50.004 * System.IO.IOException: Broken pipe : '/dev/hidraw2'
   at System.IO.RandomAccess.WriteAtOffset(SafeFileHandle handle, ReadOnlySpan`1 buffer, Int64 fileOffset)
   at System.IO.Strategies.OSFileStreamStrategy.Write(ReadOnlySpan`1 buffer)
   at System.IO.Strategies.BufferedFileStreamStrategy.Flush(Boolean flushToDisk)
   at System.IO.Strategies.BufferedFileStreamStrategy.Dispose(Boolean disposing)
   at System.IO.Stream.Close()
   at LDOFLinx.DLOutput.FindOutput() in K:\DOFLinx\LDOFLinx\DLOutput.vb:line 333
19-Nov-25 16:56:50.004 - No output devices found
19-Nov-25 16:56:50.006 * Starting monitoring of keyboard = /dev/input/by-path/platform-xhci-hcd.1-usb-0:2:1.0-event-kbd
19-Nov-25 16:56:50.008 - Reading DOFLinx.ini startup config file details
19-Nov-25 16:56:50.009 * Processing parameter 'DEBUG' with data '69' not in real-time
19-Nov-25 16:56:50.009 - DEBUG enabled with showing of window True
19-Nov-25 16:56:50.009 * Special logging flag enabled with window turned on
19-Nov-25 16:56:50.009 * Processing parameter 'COLOUR_FILE' with data './config/colours.ini' not in real-time
19-Nov-25 16:56:50.009 - Reading colour file named ./config/colours.ini
19-Nov-25 16:56:50.012 * Processing parameter 'PATH_MAME' with data './mame/' not in real-time
19-Nov-25 16:56:50.013 * Processing parameter 'PATH_PIXELCADE' with data './pixelcade/' not in real-time
19-Nov-25 16:56:50.013 - The path './pixelcade/' does not exist
19-Nov-25 16:56:50.013 * Processing parameter 'MAME_FOLDER' with data '/usr/games/' not in real-time
19-Nov-25 16:56:50.013 * Processing parameter 'PROCESSES' with data 'retroarch' not in real-time
19-Nov-25 16:56:50.014 * Processing parameter 'MAME_PROCESS' with data 'retroarch' not in real-time
19-Nov-25 16:56:50.014 * Processing parameter 'MAME_RETROARCH_NCI' with data '1' not in real-time
19-Nov-25 16:56:50.024 * Processing parameter 'PIXELCADE_LCD_USE_NETWORK_ADDRESS' with data '1' not in real-time
19-Nov-25 16:56:50.024 * Processing parameter 'PIXELCADE_MENU_HIGHSCORE' with data '1' not in real-time
19-Nov-25 16:56:50.024 * Processing parameter 'PIXELCADE_GAME_START_HIGHSCORE' with data '1' not in real-time
19-Nov-25 16:56:50.024 * Processing parameter 'RGB_STYLE' with data 'RANDOM' not in real-time
19-Nov-25 16:56:50.024 * Processing parameter 'RGB_TRIGGER' with data 'TIME' not in real-time
19-Nov-25 16:56:50.024 * Processing parameter 'RGB_MIN_TIME' with data '1000' not in real-time
19-Nov-25 16:56:50.025 * Processing parameter 'LINK_BUT_CN' with data '0000,Orange,6' not in real-time
19-Nov-25 16:56:50.028 * Processing parameter 'LINK_BUT_EX' with data '0000,Amber,1' not in real-time
19-Nov-25 16:56:50.028 * Processing parameter 'LINK_BUT_J1' with data '0000,Random,0' not in real-time
19-Nov-25 16:56:50.028 * Processing parameter 'LINK_BUT_ST' with data '0000,White,6' not in real-time
19-Nov-25 16:56:50.028 * Processing parameter 'LINK_BUT_RE' with data '0000,Orange_Red,61' not in real-time
19-Nov-25 16:56:50.028 * Processing parameter 'LINK_BUT_PS' with data '0000,Deep_Pink,25' not in real-time
19-Nov-25 16:56:50.028 * Processing parameter 'LINK_BUT_P1' with data '0000,Cyan,2' not in real-time
19-Nov-25 16:56:50.028 * Processing parameter 'LINK_BUT_P2' with data '0000,Orchid,3' not in real-time
19-Nov-25 16:56:50.028 * Processing parameter 'LINK_BUT_B1' with data '0000,Green,29' not in real-time
19-Nov-25 16:56:50.028 * Processing parameter 'LINK_BUT_B2' with data '0000,Red,56' not in real-time
19-Nov-25 16:56:50.028 * Processing parameter 'LINK_BUT_B3' with data '0000,Yellow,57' not in real-time
19-Nov-25 16:56:50.028 * Processing parameter 'LINK_BUT_B4' with data '0000,Blue,00' not in real-time
19-Nov-25 16:56:50.028 * Processing parameter 'LINK_BUT_B5' with data '0000,Blue,44' not in real-time
19-Nov-25 16:56:50.028 * Processing parameter 'LINK_BUT_B6' with data '0000,Blue,45' not in real-time
19-Nov-25 16:56:50.028 * Processing parameter 'LINK_BUT_CH' with data '0000,Deep_Pink,64' not in real-time
19-Nov-25 16:56:50.028 * Processing parameter 'LINK_BUT_MN' with data '0000,Yellow,15' not in real-time
19-Nov-25 16:56:50.028 - DEBUG enabled with showing of window True
19-Nov-25 16:56:50.073 - No pixelcade.ini or settings.ini file could be found in the PATH_PIXELCADE= location
19-Nov-25 16:56:50.086 * 
19-Nov-25 16:56:50.088 - /usr/games/retroarch for game names was not found
19-Nov-25 16:56:50.090 - Trigger thread starting
19-Nov-25 16:56:50.099 * No menu.ini found
19-Nov-25 16:56:58.666 - Processing incoming message - QUIT
19-Nov-25 16:56:58.667 - Processing parameter 'QUIT' with data '' in real-time
19-Nov-25 16:56:58.669 - Shutting down
19-Nov-25 16:56:58.672 - Program close
19-Nov-25 16:57:48.841 - DEBUG enabled with showing of window True
19-Nov-25 16:57:48.856 * BETA logging flag enabled
19-Nov-25 16:57:48.856 - ***************************************************************
19-Nov-25 16:57:48.856 - Linux DOFLinx for Pinball and MAME Emulators - DOFLinx by DDH69
19-Nov-25 16:57:48.856 - Starting up - version 1.04 Beta 1
19-Nov-25 16:57:48.856 - ***************************************************************
19-Nov-25 16:57:48.858 - Linux OS on Arm64 processor with 64 bit operating system and 64 bit application
19-Nov-25 16:57:48.858 - If you like it, please make a donation here https://www.paypal.com/donate?hosted_button_id=YEPCTUYFX5KDE
19-Nov-25 16:57:48.858 - The guide can be found here https://doflinx.github.io/docs/
19-Nov-25 16:57:48.858 - For support come and visit the community here https://www.vpforums.org/index.php?showforum=104
19-Nov-25 16:57:48.859 - Pre-Reading DOFLinx.ini startup config file details
19-Nov-25 16:57:48.900 * Processing parameter 'DEBUG' with data '69' not in real-time
19-Nov-25 16:57:48.901 - DEBUG enabled with showing of window True
19-Nov-25 16:57:48.901 * Special logging flag enabled with window turned on
19-Nov-25 16:57:48.901 - DEBUG enabled with showing of window True
19-Nov-25 16:57:48.907 * PacLED64 board found - not fully implemented
19-Nov-25 16:57:48.907 * /dev/hidraw2
19-Nov-25 16:57:48.907 * After Config
19-Nov-25 16:57:48.909 - Discovery error with /dev/hidraw2
19-Nov-25 16:57:48.934 * System.IO.IOException: Broken pipe : '/dev/hidraw2'
   at System.IO.RandomAccess.WriteAtOffset(SafeFileHandle handle, ReadOnlySpan`1 buffer, Int64 fileOffset)
   at System.IO.Strategies.OSFileStreamStrategy.Write(ReadOnlySpan`1 buffer)
   at System.IO.Strategies.BufferedFileStreamStrategy.Flush(Boolean flushToDisk)
   at System.IO.Strategies.BufferedFileStreamStrategy.Dispose(Boolean disposing)
   at System.IO.Stream.Close()
   at LDOFLinx.DLOutput.FindOutput() in K:\DOFLinx\LDOFLinx\DLOutput.vb:line 333
19-Nov-25 16:57:48.934 - No output devices found
19-Nov-25 16:57:48.936 * Starting monitoring of keyboard = /dev/input/by-path/platform-xhci-hcd.1-usb-0:2:1.0-event-kbd
19-Nov-25 16:57:48.938 - Reading DOFLinx.ini startup config file details
19-Nov-25 16:57:48.938 * Processing parameter 'DEBUG' with data '69' not in real-time
19-Nov-25 16:57:48.938 - DEBUG enabled with showing of window True
19-Nov-25 16:57:48.938 * Special logging flag enabled with window turned on
19-Nov-25 16:57:48.938 * Processing parameter 'COLOUR_FILE' with data './config/colours.ini' not in real-time
19-Nov-25 16:57:48.939 - Reading colour file named ./config/colours.ini
19-Nov-25 16:57:48.941 * Processing parameter 'PATH_MAME' with data './mame/' not in real-time
19-Nov-25 16:57:48.942 * Processing parameter 'PATH_PIXELCADE' with data './pixelcade/' not in real-time
19-Nov-25 16:57:48.943 - The path './pixelcade/' does not exist
19-Nov-25 16:57:48.943 * Processing parameter 'MAME_FOLDER' with data '/usr/games/' not in real-time
19-Nov-25 16:57:48.943 * Processing parameter 'PROCESSES' with data 'retroarch' not in real-time
19-Nov-25 16:57:48.943 * Processing parameter 'MAME_PROCESS' with data 'retroarch' not in real-time
19-Nov-25 16:57:48.943 * Processing parameter 'MAME_RETROARCH_NCI' with data '1' not in real-time
19-Nov-25 16:57:48.954 * Processing parameter 'PIXELCADE_LCD_USE_NETWORK_ADDRESS' with data '1' not in real-time
19-Nov-25 16:57:48.954 * Processing parameter 'PIXELCADE_MENU_HIGHSCORE' with data '1' not in real-time
19-Nov-25 16:57:48.955 * Processing parameter 'PIXELCADE_GAME_START_HIGHSCORE' with data '1' not in real-time
19-Nov-25 16:57:48.955 * Processing parameter 'RGB_STYLE' with data 'RANDOM' not in real-time
19-Nov-25 16:57:48.955 * Processing parameter 'RGB_TRIGGER' with data 'TIME' not in real-time
19-Nov-25 16:57:48.955 * Processing parameter 'RGB_MIN_TIME' with data '1000' not in real-time
19-Nov-25 16:57:48.956 * Processing parameter 'LINK_BUT_CN' with data '0000,Orange,6' not in real-time
19-Nov-25 16:57:48.959 * Processing parameter 'LINK_BUT_EX' with data '0000,Amber,1' not in real-time
19-Nov-25 16:57:48.959 * Processing parameter 'LINK_BUT_J1' with data '0000,Random,0' not in real-time
19-Nov-25 16:57:48.959 * Processing parameter 'LINK_BUT_ST' with data '0000,White,6' not in real-time
19-Nov-25 16:57:48.959 * Processing parameter 'LINK_BUT_RE' with data '0000,Orange_Red,61' not in real-time
19-Nov-25 16:57:48.959 * Processing parameter 'LINK_BUT_PS' with data '0000,Deep_Pink,25' not in real-time
19-Nov-25 16:57:48.959 * Processing parameter 'LINK_BUT_P1' with data '0000,Cyan,2' not in real-time
19-Nov-25 16:57:48.959 * Processing parameter 'LINK_BUT_P2' with data '0000,Orchid,3' not in real-time
19-Nov-25 16:57:48.959 * Processing parameter 'LINK_BUT_B1' with data '0000,Green,29' not in real-time
19-Nov-25 16:57:48.959 * Processing parameter 'LINK_BUT_B2' with data '0000,Red,56' not in real-time
19-Nov-25 16:57:48.959 * Processing parameter 'LINK_BUT_B3' with data '0000,Yellow,57' not in real-time
19-Nov-25 16:57:48.959 * Processing parameter 'LINK_BUT_B4' with data '0000,Blue,00' not in real-time
19-Nov-25 16:57:48.959 * Processing parameter 'LINK_BUT_B5' with data '0000,Blue,44' not in real-time
19-Nov-25 16:57:48.959 * Processing parameter 'LINK_BUT_B6' with data '0000,Blue,45' not in real-time
19-Nov-25 16:57:48.959 * Processing parameter 'LINK_BUT_CH' with data '0000,Deep_Pink,64' not in real-time
19-Nov-25 16:57:48.959 * Processing parameter 'LINK_BUT_MN' with data '0000,Yellow,15' not in real-time
19-Nov-25 16:57:48.959 - DEBUG enabled with showing of window True
19-Nov-25 16:57:49.005 - No pixelcade.ini or settings.ini file could be found in the PATH_PIXELCADE= location
19-Nov-25 16:57:49.021 * 
19-Nov-25 16:57:49.023 - /usr/games/retroarch for game names was not found
19-Nov-25 16:57:49.025 - Trigger thread starting
19-Nov-25 16:57:49.033 * No menu.ini found
19-Nov-25 16:58:06.206 - Processing incoming message - QUIT
19-Nov-25 16:58:06.206 - Processing parameter 'QUIT' with data '' in real-time
19-Nov-25 16:58:06.207 - Shutting down
19-Nov-25 16:58:06.210 - Program close
19-Nov-25 16:58:16.429 - DEBUG enabled with showing of window True
19-Nov-25 16:58:16.444 * BETA logging flag enabled
19-Nov-25 16:58:16.444 - ***************************************************************
19-Nov-25 16:58:16.444 - Linux DOFLinx for Pinball and MAME Emulators - DOFLinx by DDH69
19-Nov-25 16:58:16.444 - Starting up - version 1.04 Beta 1
19-Nov-25 16:58:16.444 - ***************************************************************
19-Nov-25 16:58:16.446 - Linux OS on Arm64 processor with 64 bit operating system and 64 bit application
19-Nov-25 16:58:16.446 - If you like it, please make a donation here https://www.paypal.com/donate?hosted_button_id=YEPCTUYFX5KDE
19-Nov-25 16:58:16.446 - The guide can be found here https://doflinx.github.io/docs/
19-Nov-25 16:58:16.446 - For support come and visit the community here https://www.vpforums.org/index.php?showforum=104
19-Nov-25 16:58:16.447 - Pre-Reading DOFLinx.ini startup config file details
19-Nov-25 16:58:16.475 * Processing parameter 'DEBUG' with data '69' not in real-time
19-Nov-25 16:58:16.475 - DEBUG enabled with showing of window True
19-Nov-25 16:58:16.475 * Special logging flag enabled with window turned on
19-Nov-25 16:58:16.475 - DEBUG enabled with showing of window True
19-Nov-25 16:58:16.483 * PacLED64 board found - not fully implemented
19-Nov-25 16:58:16.483 * /dev/hidraw2
19-Nov-25 16:58:16.483 * After Config
19-Nov-25 16:58:16.484 - Discovery error with /dev/hidraw2
19-Nov-25 16:58:16.508 * System.IO.IOException: Broken pipe : '/dev/hidraw2'
   at System.IO.RandomAccess.WriteAtOffset(SafeFileHandle handle, ReadOnlySpan`1 buffer, Int64 fileOffset)
   at System.IO.Strategies.OSFileStreamStrategy.Write(ReadOnlySpan`1 buffer)
   at System.IO.Strategies.BufferedFileStreamStrategy.Flush(Boolean flushToDisk)
   at System.IO.Strategies.BufferedFileStreamStrategy.Dispose(Boolean disposing)
   at System.IO.Stream.Close()
   at LDOFLinx.DLOutput.FindOutput() in K:\DOFLinx\LDOFLinx\DLOutput.vb:line 333
19-Nov-25 16:58:16.508 - No output devices found
19-Nov-25 16:58:16.510 * Starting monitoring of keyboard = /dev/input/by-path/platform-xhci-hcd.1-usb-0:2:1.0-event-kbd
19-Nov-25 16:58:16.511 - Reading DOFLinx.ini startup config file details
19-Nov-25 16:58:16.511 * Processing parameter 'DEBUG' with data '69' not in real-time
19-Nov-25 16:58:16.511 - DEBUG enabled with showing of window True
19-Nov-25 16:58:16.512 * Special logging flag enabled with window turned on
19-Nov-25 16:58:16.512 * Processing parameter 'COLOUR_FILE' with data './config/colours.ini' not in real-time
19-Nov-25 16:58:16.512 - Reading colour file named ./config/colours.ini
19-Nov-25 16:58:16.515 * Processing parameter 'PATH_MAME' with data './mame/' not in real-time
19-Nov-25 16:58:16.515 * Processing parameter 'PATH_PIXELCADE' with data './pixelcade/' not in real-time
19-Nov-25 16:58:16.516 - The path './pixelcade/' does not exist
19-Nov-25 16:58:16.516 * Processing parameter 'MAME_FOLDER' with data '/usr/games/' not in real-time
19-Nov-25 16:58:16.516 * Processing parameter 'PROCESSES' with data 'retroarch' not in real-time
19-Nov-25 16:58:16.516 * Processing parameter 'MAME_PROCESS' with data 'retroarch' not in real-time
19-Nov-25 16:58:16.516 * Processing parameter 'MAME_RETROARCH_NCI' with data '1' not in real-time
19-Nov-25 16:58:16.527 * Processing parameter 'PIXELCADE_LCD_USE_NETWORK_ADDRESS' with data '1' not in real-time
19-Nov-25 16:58:16.527 * Processing parameter 'PIXELCADE_MENU_HIGHSCORE' with data '1' not in real-time
19-Nov-25 16:58:16.527 * Processing parameter 'PIXELCADE_GAME_START_HIGHSCORE' with data '1' not in real-time
19-Nov-25 16:58:16.527 * Processing parameter 'RGB_STYLE' with data 'RANDOM' not in real-time
19-Nov-25 16:58:16.527 * Processing parameter 'RGB_TRIGGER' with data 'TIME' not in real-time
19-Nov-25 16:58:16.527 * Processing parameter 'RGB_MIN_TIME' with data '1000' not in real-time
19-Nov-25 16:58:16.527 * Processing parameter 'LINK_BUT_CN' with data '0000,Orange,6' not in real-time
19-Nov-25 16:58:16.530 * Processing parameter 'LINK_BUT_EX' with data '0000,Amber,1' not in real-time
19-Nov-25 16:58:16.530 * Processing parameter 'LINK_BUT_J1' with data '0000,Random,0' not in real-time
19-Nov-25 16:58:16.530 * Processing parameter 'LINK_BUT_ST' with data '0000,White,6' not in real-time
19-Nov-25 16:58:16.530 * Processing parameter 'LINK_BUT_RE' with data '0000,Orange_Red,61' not in real-time
19-Nov-25 16:58:16.530 * Processing parameter 'LINK_BUT_PS' with data '0000,Deep_Pink,25' not in real-time
19-Nov-25 16:58:16.530 * Processing parameter 'LINK_BUT_P1' with data '0000,Cyan,2' not in real-time
19-Nov-25 16:58:16.530 * Processing parameter 'LINK_BUT_P2' with data '0000,Orchid,3' not in real-time
19-Nov-25 16:58:16.530 * Processing parameter 'LINK_BUT_B1' with data '0000,Green,29' not in real-time
19-Nov-25 16:58:16.530 * Processing parameter 'LINK_BUT_B2' with data '0000,Red,56' not in real-time
19-Nov-25 16:58:16.530 * Processing parameter 'LINK_BUT_B3' with data '0000,Yellow,57' not in real-time
19-Nov-25 16:58:16.530 * Processing parameter 'LINK_BUT_B4' with data '0000,Blue,00' not in real-time
19-Nov-25 16:58:16.532 * Processing parameter 'LINK_BUT_B5' with data '0000,Blue,44' not in real-time
19-Nov-25 16:58:16.532 * Processing parameter 'LINK_BUT_B6' with data '0000,Blue,45' not in real-time
19-Nov-25 16:58:16.532 * Processing parameter 'LINK_BUT_CH' with data '0000,Deep_Pink,64' not in real-time
19-Nov-25 16:58:16.532 * Processing parameter 'LINK_BUT_MN' with data '0000,Yellow,15' not in real-time
19-Nov-25 16:58:16.532 - DEBUG enabled with showing of window True
19-Nov-25 16:58:16.577 - No pixelcade.ini or settings.ini file could be found in the PATH_PIXELCADE= location
19-Nov-25 16:58:16.589 * 
19-Nov-25 16:58:16.590 - /usr/games/retroarch for game names was not found
19-Nov-25 16:58:16.592 - Trigger thread starting
19-Nov-25 16:58:16.602 * No menu.ini found
19-Nov-25 16:59:06.163 - Processing incoming message - QUIT
19-Nov-25 16:59:06.163 - Processing parameter 'QUIT' with data '' in real-time
19-Nov-25 16:59:06.168 - Shutting down
19-Nov-25 16:59:06.171 - Program close
19-Nov-25 17:04:30.468 - DEBUG enabled with showing of window True
19-Nov-25 17:04:30.480 * BETA logging flag enabled
19-Nov-25 17:04:30.480 - ***************************************************************
19-Nov-25 17:04:30.480 - Linux DOFLinx for Pinball and MAME Emulators - DOFLinx by DDH69
19-Nov-25 17:04:30.480 - Starting up - version 1.04 Beta 1
19-Nov-25 17:04:30.480 - ***************************************************************
19-Nov-25 17:04:30.482 - Linux OS on Arm64 processor with 64 bit operating system and 64 bit application
19-Nov-25 17:04:30.482 - If you like it, please make a donation here https://www.paypal.com/donate?hosted_button_id=YEPCTUYFX5KDE
19-Nov-25 17:04:30.482 - The guide can be found here https://doflinx.github.io/docs/
19-Nov-25 17:04:30.482 - For support come and visit the community here https://www.vpforums.org/index.php?showforum=104
19-Nov-25 17:04:30.483 - Pre-Reading DOFLinx.ini startup config file details
19-Nov-25 17:04:30.510 * Processing parameter 'DEBUG' with data '69' not in real-time
19-Nov-25 17:04:30.510 - DEBUG enabled with showing of window True
19-Nov-25 17:04:30.511 * Special logging flag enabled with window turned on
19-Nov-25 17:04:30.511 - DEBUG enabled with showing of window True
19-Nov-25 17:04:30.519 - No output devices found
19-Nov-25 17:04:30.520 * Starting monitoring of keyboard = /dev/input/by-path/platform-xhci-hcd.1-usb-0:2:1.0-event-kbd
19-Nov-25 17:04:30.521 - Reading DOFLinx.ini startup config file details
19-Nov-25 17:04:30.521 * Processing parameter 'DEBUG' with data '69' not in real-time
19-Nov-25 17:04:30.521 - DEBUG enabled with showing of window True
19-Nov-25 17:04:30.521 * Special logging flag enabled with window turned on
19-Nov-25 17:04:30.521 * Processing parameter 'COLOUR_FILE' with data './config/colours.ini' not in real-time
19-Nov-25 17:04:30.522 - Reading colour file named ./config/colours.ini
19-Nov-25 17:04:30.525 * Processing parameter 'PATH_MAME' with data './mame/' not in real-time
19-Nov-25 17:04:30.525 * Processing parameter 'PATH_PIXELCADE' with data './pixelcade/' not in real-time
19-Nov-25 17:04:30.526 - The path './pixelcade/' does not exist
19-Nov-25 17:04:30.526 * Processing parameter 'MAME_FOLDER' with data '/usr/games/' not in real-time
19-Nov-25 17:04:30.526 * Processing parameter 'PROCESSES' with data 'retroarch' not in real-time
19-Nov-25 17:04:30.526 * Processing parameter 'MAME_PROCESS' with data 'retroarch' not in real-time
19-Nov-25 17:04:30.526 * Processing parameter 'MAME_RETROARCH_NCI' with data '1' not in real-time
19-Nov-25 17:04:30.537 * Processing parameter 'PIXELCADE_LCD_USE_NETWORK_ADDRESS' with data '1' not in real-time
19-Nov-25 17:04:30.537 * Processing parameter 'PIXELCADE_MENU_HIGHSCORE' with data '1' not in real-time
19-Nov-25 17:04:30.537 * Processing parameter 'PIXELCADE_GAME_START_HIGHSCORE' with data '1' not in real-time
19-Nov-25 17:04:30.537 * Processing parameter 'RGB_STYLE' with data 'RANDOM' not in real-time
19-Nov-25 17:04:30.537 * Processing parameter 'RGB_TRIGGER' with data 'TIME' not in real-time
19-Nov-25 17:04:30.537 * Processing parameter 'RGB_MIN_TIME' with data '1000' not in real-time
19-Nov-25 17:04:30.537 * Processing parameter 'LINK_BUT_CN' with data '0000,Orange,6' not in real-time
19-Nov-25 17:04:30.542 * Processing parameter 'LINK_BUT_EX' with data '0000,Amber,1' not in real-time
19-Nov-25 17:04:30.542 * Processing parameter 'LINK_BUT_J1' with data '0000,Random,0' not in real-time
19-Nov-25 17:04:30.542 * Processing parameter 'LINK_BUT_ST' with data '0000,White,6' not in real-time
19-Nov-25 17:04:30.542 * Processing parameter 'LINK_BUT_RE' with data '0000,Orange_Red,61' not in real-time
19-Nov-25 17:04:30.542 * Processing parameter 'LINK_BUT_PS' with data '0000,Deep_Pink,25' not in real-time
19-Nov-25 17:04:30.542 * Processing parameter 'LINK_BUT_P1' with data '0000,Cyan,2' not in real-time
19-Nov-25 17:04:30.542 * Processing parameter 'LINK_BUT_P2' with data '0000,Orchid,3' not in real-time
19-Nov-25 17:04:30.542 * Processing parameter 'LINK_BUT_B1' with data '0000,Green,29' not in real-time
19-Nov-25 17:04:30.542 * Processing parameter 'LINK_BUT_B2' with data '0000,Red,56' not in real-time
19-Nov-25 17:04:30.542 * Processing parameter 'LINK_BUT_B3' with data '0000,Yellow,57' not in real-time
19-Nov-25 17:04:30.542 * Processing parameter 'LINK_BUT_B4' with data '0000,Blue,00' not in real-time
19-Nov-25 17:04:30.542 * Processing parameter 'LINK_BUT_B5' with data '0000,Blue,44' not in real-time
19-Nov-25 17:04:30.542 * Processing parameter 'LINK_BUT_B6' with data '0000,Blue,45' not in real-time
19-Nov-25 17:04:30.542 * Processing parameter 'LINK_BUT_CH' with data '0000,Deep_Pink,64' not in real-time
19-Nov-25 17:04:30.542 * Processing parameter 'LINK_BUT_MN' with data '0000,Yellow,15' not in real-time
19-Nov-25 17:04:30.543 - DEBUG enabled with showing of window True
19-Nov-25 17:04:30.588 - No pixelcade.ini or settings.ini file could be found in the PATH_PIXELCADE= location
19-Nov-25 17:04:30.602 * 
19-Nov-25 17:04:30.604 - /usr/games/retroarch for game names was not found
19-Nov-25 17:04:30.606 - Trigger thread starting
19-Nov-25 17:04:30.617 * No menu.ini found
19-Nov-25 17:04:38.809 - Processing incoming message - QUIT
19-Nov-25 17:04:38.810 - Processing parameter 'QUIT' with data '' in real-time
19-Nov-25 17:04:38.811 - Shutting down
19-Nov-25 17:04:38.820 - Program close
19-Nov-25 17:04:53.349 - DEBUG enabled with showing of window True
19-Nov-25 17:04:53.361 * BETA logging flag enabled
19-Nov-25 17:04:53.361 - ***************************************************************
19-Nov-25 17:04:53.361 - Linux DOFLinx for Pinball and MAME Emulators - DOFLinx by DDH69
19-Nov-25 17:04:53.361 - Starting up - version 1.04 Beta 1
19-Nov-25 17:04:53.362 - ***************************************************************
19-Nov-25 17:04:53.363 - Linux OS on Arm64 processor with 64 bit operating system and 64 bit application
19-Nov-25 17:04:53.363 - If you like it, please make a donation here https://www.paypal.com/donate?hosted_button_id=YEPCTUYFX5KDE
19-Nov-25 17:04:53.363 - The guide can be found here https://doflinx.github.io/docs/
19-Nov-25 17:04:53.363 - For support come and visit the community here https://www.vpforums.org/index.php?showforum=104
19-Nov-25 17:04:53.364 - Pre-Reading DOFLinx.ini startup config file details
19-Nov-25 17:04:53.392 * Processing parameter 'DEBUG' with data '69' not in real-time
19-Nov-25 17:04:53.393 - DEBUG enabled with showing of window True
19-Nov-25 17:04:53.393 * Special logging flag enabled with window turned on
19-Nov-25 17:04:53.393 - DEBUG enabled with showing of window True
19-Nov-25 17:04:53.400 * PacLED64 board found - not fully implemented
19-Nov-25 17:04:53.400 * /dev/hidraw2
19-Nov-25 17:04:53.401 * After Config
19-Nov-25 17:04:53.402 - Discovery error with /dev/hidraw2
19-Nov-25 17:04:53.427 * System.IO.IOException: Broken pipe : '/dev/hidraw2'
   at System.IO.RandomAccess.WriteAtOffset(SafeFileHandle handle, ReadOnlySpan`1 buffer, Int64 fileOffset)
   at System.IO.Strategies.OSFileStreamStrategy.Write(ReadOnlySpan`1 buffer)
   at System.IO.Strategies.BufferedFileStreamStrategy.Flush(Boolean flushToDisk)
   at System.IO.Strategies.BufferedFileStreamStrategy.Dispose(Boolean disposing)
   at System.IO.Stream.Close()
   at LDOFLinx.DLOutput.FindOutput() in K:\DOFLinx\LDOFLinx\DLOutput.vb:line 333
19-Nov-25 17:04:53.428 - No output devices found
19-Nov-25 17:04:53.429 * Starting monitoring of keyboard = /dev/input/by-path/platform-xhci-hcd.1-usb-0:2:1.0-event-kbd
19-Nov-25 17:04:53.430 - Reading DOFLinx.ini startup config file details
19-Nov-25 17:04:53.430 * Processing parameter 'DEBUG' with data '69' not in real-time
19-Nov-25 17:04:53.430 - DEBUG enabled with showing of window True
19-Nov-25 17:04:53.430 * Special logging flag enabled with window turned on
19-Nov-25 17:04:53.430 * Processing parameter 'COLOUR_FILE' with data './config/colours.ini' not in real-time
19-Nov-25 17:04:53.431 - Reading colour file named ./config/colours.ini
19-Nov-25 17:04:53.434 * Processing parameter 'PATH_MAME' with data './mame/' not in real-time
19-Nov-25 17:04:53.434 * Processing parameter 'PATH_PIXELCADE' with data './pixelcade/' not in real-time
19-Nov-25 17:04:53.435 - The path './pixelcade/' does not exist
19-Nov-25 17:04:53.435 * Processing parameter 'MAME_FOLDER' with data '/usr/games/' not in real-time
19-Nov-25 17:04:53.435 * Processing parameter 'PROCESSES' with data 'retroarch' not in real-time
19-Nov-25 17:04:53.435 * Processing parameter 'MAME_PROCESS' with data 'retroarch' not in real-time
19-Nov-25 17:04:53.435 * Processing parameter 'MAME_RETROARCH_NCI' with data '1' not in real-time
19-Nov-25 17:04:53.445 * Processing parameter 'PIXELCADE_LCD_USE_NETWORK_ADDRESS' with data '1' not in real-time
19-Nov-25 17:04:53.446 * Processing parameter 'PIXELCADE_MENU_HIGHSCORE' with data '1' not in real-time
19-Nov-25 17:04:53.446 * Processing parameter 'PIXELCADE_GAME_START_HIGHSCORE' with data '1' not in real-time
19-Nov-25 17:04:53.446 * Processing parameter 'RGB_STYLE' with data 'RANDOM' not in real-time
19-Nov-25 17:04:53.446 * Processing parameter 'RGB_TRIGGER' with data 'TIME' not in real-time
19-Nov-25 17:04:53.446 * Processing parameter 'RGB_MIN_TIME' with data '1000' not in real-time
19-Nov-25 17:04:53.446 * Processing parameter 'LINK_BUT_CN' with data '0000,Orange,6' not in real-time
19-Nov-25 17:04:53.449 * Processing parameter 'LINK_BUT_EX' with data '0000,Amber,1' not in real-time
19-Nov-25 17:04:53.449 * Processing parameter 'LINK_BUT_J1' with data '0000,Random,0' not in real-time
19-Nov-25 17:04:53.449 * Processing parameter 'LINK_BUT_ST' with data '0000,White,6' not in real-time
19-Nov-25 17:04:53.449 * Processing parameter 'LINK_BUT_RE' with data '0000,Orange_Red,61' not in real-time
19-Nov-25 17:04:53.449 * Processing parameter 'LINK_BUT_PS' with data '0000,Deep_Pink,25' not in real-time
19-Nov-25 17:04:53.449 * Processing parameter 'LINK_BUT_P1' with data '0000,Cyan,2' not in real-time
19-Nov-25 17:04:53.449 * Processing parameter 'LINK_BUT_P2' with data '0000,Orchid,3' not in real-time
19-Nov-25 17:04:53.449 * Processing parameter 'LINK_BUT_B1' with data '0000,Green,29' not in real-time
19-Nov-25 17:04:53.449 * Processing parameter 'LINK_BUT_B2' with data '0000,Red,56' not in real-time
19-Nov-25 17:04:53.449 * Processing parameter 'LINK_BUT_B3' with data '0000,Yellow,57' not in real-time
19-Nov-25 17:04:53.449 * Processing parameter 'LINK_BUT_B4' with data '0000,Blue,00' not in real-time
19-Nov-25 17:04:53.450 * Processing parameter 'LINK_BUT_B5' with data '0000,Blue,44' not in real-time
19-Nov-25 17:04:53.450 * Processing parameter 'LINK_BUT_B6' with data '0000,Blue,45' not in real-time
19-Nov-25 17:04:53.450 * Processing parameter 'LINK_BUT_CH' with data '0000,Deep_Pink,64' not in real-time
19-Nov-25 17:04:53.450 * Processing parameter 'LINK_BUT_MN' with data '0000,Yellow,15' not in real-time
19-Nov-25 17:04:53.450 - DEBUG enabled with showing of window True
19-Nov-25 17:04:53.494 - No pixelcade.ini or settings.ini file could be found in the PATH_PIXELCADE= location
19-Nov-25 17:04:53.506 * 
19-Nov-25 17:04:53.508 - /usr/games/retroarch for game names was not found
19-Nov-25 17:04:53.509 - Trigger thread starting
19-Nov-25 17:04:53.520 * No menu.ini found
19-Nov-25 17:05:10.194 - Processing incoming message - QUIT
19-Nov-25 17:05:10.194 - Processing parameter 'QUIT' with data '' in real-time
19-Nov-25 17:05:10.197 - Shutting down
19-Nov-25 17:05:10.201 - Program close
19-Nov-25 17:51:24.404 - DEBUG enabled with showing of window True
19-Nov-25 17:51:24.416 * BETA logging flag enabled
19-Nov-25 17:51:24.416 - ***************************************************************
19-Nov-25 17:51:24.416 - Linux DOFLinx for Pinball and MAME Emulators - DOFLinx by DDH69
19-Nov-25 17:51:24.416 - Starting up - version 1.04 Beta 1
19-Nov-25 17:51:24.416 - ***************************************************************
19-Nov-25 17:51:24.418 - Linux OS on Arm64 processor with 64 bit operating system and 64 bit application
19-Nov-25 17:51:24.418 - If you like it, please make a donation here https://www.paypal.com/donate?hosted_button_id=YEPCTUYFX5KDE
19-Nov-25 17:51:24.418 - The guide can be found here https://doflinx.github.io/docs/
19-Nov-25 17:51:24.418 - For support come and visit the community here https://www.vpforums.org/index.php?showforum=104
19-Nov-25 17:51:24.419 - Pre-Reading DOFLinx.ini startup config file details
19-Nov-25 17:51:24.474 * Processing parameter 'DEBUG' with data '69' not in real-time
19-Nov-25 17:51:24.475 - DEBUG enabled with showing of window True
19-Nov-25 17:51:24.475 * Special logging flag enabled with window turned on
19-Nov-25 17:51:24.475 - DEBUG enabled with showing of window True
19-Nov-25 17:51:24.481 * PacLED64 board found - not fully implemented
19-Nov-25 17:51:24.481 * /dev/hidraw2
19-Nov-25 17:51:24.481 * After Config
19-Nov-25 17:51:24.483 - Discovery error with /dev/hidraw2
19-Nov-25 17:51:24.522 * System.IO.IOException: Broken pipe : '/dev/hidraw2'
   at System.IO.RandomAccess.WriteAtOffset(SafeFileHandle handle, ReadOnlySpan`1 buffer, Int64 fileOffset)
   at System.IO.Strategies.OSFileStreamStrategy.Write(ReadOnlySpan`1 buffer)
   at System.IO.Strategies.BufferedFileStreamStrategy.Flush(Boolean flushToDisk)
   at System.IO.Strategies.BufferedFileStreamStrategy.Dispose(Boolean disposing)
   at System.IO.Stream.Close()
   at LDOFLinx.DLOutput.FindOutput() in K:\DOFLinx\LDOFLinx\DLOutput.vb:line 333
19-Nov-25 17:51:24.523 - No output devices found
19-Nov-25 17:51:24.524 * Starting monitoring of keyboard = /dev/input/by-path/platform-xhci-hcd.1-usb-0:2:1.0-event-kbd
19-Nov-25 17:51:24.525 - Reading DOFLinx.ini startup config file details
19-Nov-25 17:51:24.525 * Processing parameter 'DEBUG' with data '69' not in real-time
19-Nov-25 17:51:24.525 - DEBUG enabled with showing of window True
19-Nov-25 17:51:24.525 * Special logging flag enabled with window turned on
19-Nov-25 17:51:24.525 * Processing parameter 'COLOUR_FILE' with data './config/colours.ini' not in real-time
19-Nov-25 17:51:24.526 - Reading colour file named ./config/colours.ini
19-Nov-25 17:51:24.547 * Processing parameter 'PATH_MAME' with data './mame/' not in real-time
19-Nov-25 17:51:24.548 * Processing parameter 'PATH_PIXELCADE' with data './pixelcade/' not in real-time
19-Nov-25 17:51:24.549 - The path './pixelcade/' does not exist
19-Nov-25 17:51:24.549 * Processing parameter 'MAME_FOLDER' with data '/usr/games/' not in real-time
19-Nov-25 17:51:24.549 * Processing parameter 'PROCESSES' with data 'retroarch' not in real-time
19-Nov-25 17:51:24.549 * Processing parameter 'MAME_PROCESS' with data 'retroarch' not in real-time
19-Nov-25 17:51:24.549 * Processing parameter 'MAME_RETROARCH_NCI' with data '1' not in real-time
19-Nov-25 17:51:24.560 * Processing parameter 'PIXELCADE_LCD_USE_NETWORK_ADDRESS' with data '1' not in real-time
19-Nov-25 17:51:24.560 * Processing parameter 'PIXELCADE_MENU_HIGHSCORE' with data '1' not in real-time
19-Nov-25 17:51:24.560 * Processing parameter 'PIXELCADE_GAME_START_HIGHSCORE' with data '1' not in real-time
19-Nov-25 17:51:24.560 * Processing parameter 'RGB_STYLE' with data 'RANDOM' not in real-time
19-Nov-25 17:51:24.560 * Processing parameter 'RGB_TRIGGER' with data 'TIME' not in real-time
19-Nov-25 17:51:24.560 * Processing parameter 'RGB_MIN_TIME' with data '1000' not in real-time
19-Nov-25 17:51:24.561 * Processing parameter 'LINK_BUT_CN' with data '0000,Orange,6' not in real-time
19-Nov-25 17:51:24.563 * Processing parameter 'LINK_BUT_EX' with data '0000,Amber,1' not in real-time
19-Nov-25 17:51:24.564 * Processing parameter 'LINK_BUT_J1' with data '0000,Random,0' not in real-time
19-Nov-25 17:51:24.564 * Processing parameter 'LINK_BUT_ST' with data '0000,White,6' not in real-time
19-Nov-25 17:51:24.564 * Processing parameter 'LINK_BUT_RE' with data '0000,Orange_Red,61' not in real-time
19-Nov-25 17:51:24.564 * Processing parameter 'LINK_BUT_PS' with data '0000,Deep_Pink,25' not in real-time
19-Nov-25 17:51:24.564 * Processing parameter 'LINK_BUT_P1' with data '0000,Cyan,2' not in real-time
19-Nov-25 17:51:24.564 * Processing parameter 'LINK_BUT_P2' with data '0000,Orchid,3' not in real-time
19-Nov-25 17:51:24.564 * Processing parameter 'LINK_BUT_B1' with data '0000,Green,29' not in real-time
19-Nov-25 17:51:24.564 * Processing parameter 'LINK_BUT_B2' with data '0000,Red,56' not in real-time
19-Nov-25 17:51:24.564 * Processing parameter 'LINK_BUT_B3' with data '0000,Yellow,57' not in real-time
19-Nov-25 17:51:24.564 * Processing parameter 'LINK_BUT_B4' with data '0000,Blue,00' not in real-time
19-Nov-25 17:51:24.564 * Processing parameter 'LINK_BUT_B5' with data '0000,Blue,44' not in real-time
19-Nov-25 17:51:24.564 * Processing parameter 'LINK_BUT_B6' with data '0000,Blue,45' not in real-time
19-Nov-25 17:51:24.564 * Processing parameter 'LINK_BUT_CH' with data '0000,Deep_Pink,64' not in real-time
19-Nov-25 17:51:24.564 * Processing parameter 'LINK_BUT_MN' with data '0000,Yellow,15' not in real-time
19-Nov-25 17:51:24.564 - DEBUG enabled with showing of window True
19-Nov-25 17:51:24.607 - No pixelcade.ini or settings.ini file could be found in the PATH_PIXELCADE= location
19-Nov-25 17:51:24.619 * 
19-Nov-25 17:51:24.621 - /usr/games/retroarch for game names was not found
19-Nov-25 17:51:24.622 - Trigger thread starting
19-Nov-25 17:51:24.630 * No menu.ini found
19-Nov-25 17:51:46.220 - Processing incoming message - QUIT
19-Nov-25 17:51:46.220 - Processing parameter 'QUIT' with data '' in real-time
19-Nov-25 17:51:46.223 - Shutting down
19-Nov-25 17:51:46.226 - Program close
19-Nov-25 17:51:54.806 - DEBUG enabled with showing of window True
19-Nov-25 17:51:54.818 * BETA logging flag enabled
19-Nov-25 17:51:54.818 - ***************************************************************
19-Nov-25 17:51:54.818 - Linux DOFLinx for Pinball and MAME Emulators - DOFLinx by DDH69
19-Nov-25 17:51:54.818 - Starting up - version 1.04 Beta 1
19-Nov-25 17:51:54.818 - ***************************************************************
19-Nov-25 17:51:54.819 - Linux OS on Arm64 processor with 64 bit operating system and 64 bit application
19-Nov-25 17:51:54.819 - If you like it, please make a donation here https://www.paypal.com/donate?hosted_button_id=YEPCTUYFX5KDE
19-Nov-25 17:51:54.820 - The guide can be found here https://doflinx.github.io/docs/
19-Nov-25 17:51:54.820 - For support come and visit the community here https://www.vpforums.org/index.php?showforum=104
19-Nov-25 17:51:54.820 - Pre-Reading DOFLinx.ini startup config file details
19-Nov-25 17:51:54.847 * Processing parameter 'DEBUG' with data '69' not in real-time
19-Nov-25 17:51:54.847 - DEBUG enabled with showing of window True
19-Nov-25 17:51:54.847 * Special logging flag enabled with window turned on
19-Nov-25 17:51:54.848 - DEBUG enabled with showing of window True
19-Nov-25 17:51:54.856 * Ultimate I/O board found - not fully implemented
19-Nov-25 17:51:54.856 * /dev/hidraw4
19-Nov-25 17:51:54.856 * After Config
19-Nov-25 17:51:54.858 * After Close
19-Nov-25 17:51:54.858 * Ultimate I/O board found - not fully implemented
19-Nov-25 17:51:54.858 * /dev/hidraw3
19-Nov-25 17:51:54.858 * After Config
19-Nov-25 17:51:54.860 - Discovery error with /dev/hidraw3
19-Nov-25 17:51:54.882 * System.IO.IOException: Broken pipe : '/dev/hidraw3'
   at System.IO.RandomAccess.WriteAtOffset(SafeFileHandle handle, ReadOnlySpan`1 buffer, Int64 fileOffset)
   at System.IO.Strategies.OSFileStreamStrategy.Write(ReadOnlySpan`1 buffer)
   at System.IO.Strategies.BufferedFileStreamStrategy.Flush(Boolean flushToDisk)
   at System.IO.Strategies.BufferedFileStreamStrategy.Dispose(Boolean disposing)
   at System.IO.Stream.Close()
   at LDOFLinx.DLOutput.FindOutput() in K:\DOFLinx\LDOFLinx\DLOutput.vb:line 379
19-Nov-25 17:51:54.883 * Ultimate I/O board found - not fully implemented
19-Nov-25 17:51:54.883 * /dev/hidraw2
19-Nov-25 17:51:54.883 * After Config
19-Nov-25 17:51:54.884 - Discovery error with /dev/hidraw2
19-Nov-25 17:51:54.884 * System.IO.IOException: Broken pipe : '/dev/hidraw2'
   at System.IO.RandomAccess.WriteAtOffset(SafeFileHandle handle, ReadOnlySpan`1 buffer, Int64 fileOffset)
   at System.IO.Strategies.OSFileStreamStrategy.Write(ReadOnlySpan`1 buffer)
   at System.IO.Strategies.BufferedFileStreamStrategy.Flush(Boolean flushToDisk)
   at System.IO.Strategies.BufferedFileStreamStrategy.Dispose(Boolean disposing)
   at System.IO.Stream.Close()
   at LDOFLinx.DLOutput.FindOutput() in K:\DOFLinx\LDOFLinx\DLOutput.vb:line 379
19-Nov-25 17:51:54.884 - No output devices found
19-Nov-25 17:51:54.886 * Starting monitoring of keyboard = /dev/input/by-path/platform-xhci-hcd.0-usb-0:2:1.0-event-kbd
19-Nov-25 17:51:54.886 * Starting monitoring of keyboard = /dev/input/by-path/platform-xhci-hcd.1-usb-0:2:1.0-event-kbd
19-Nov-25 17:51:54.887 - Reading DOFLinx.ini startup config file details
19-Nov-25 17:51:54.887 * Processing parameter 'DEBUG' with data '69' not in real-time
19-Nov-25 17:51:54.887 - DEBUG enabled with showing of window True
19-Nov-25 17:51:54.887 * Special logging flag enabled with window turned on
19-Nov-25 17:51:54.887 * Processing parameter 'COLOUR_FILE' with data './config/colours.ini' not in real-time
19-Nov-25 17:51:54.888 - Reading colour file named ./config/colours.ini
19-Nov-25 17:51:54.890 * Processing parameter 'PATH_MAME' with data './mame/' not in real-time
19-Nov-25 17:51:54.891 * Processing parameter 'PATH_PIXELCADE' with data './pixelcade/' not in real-time
19-Nov-25 17:51:54.892 - The path './pixelcade/' does not exist
19-Nov-25 17:51:54.892 * Processing parameter 'MAME_FOLDER' with data '/usr/games/' not in real-time
19-Nov-25 17:51:54.892 * Processing parameter 'PROCESSES' with data 'retroarch' not in real-time
19-Nov-25 17:51:54.892 * Processing parameter 'MAME_PROCESS' with data 'retroarch' not in real-time
19-Nov-25 17:51:54.892 * Processing parameter 'MAME_RETROARCH_NCI' with data '1' not in real-time
19-Nov-25 17:51:54.902 * Processing parameter 'PIXELCADE_LCD_USE_NETWORK_ADDRESS' with data '1' not in real-time
19-Nov-25 17:51:54.903 * Processing parameter 'PIXELCADE_MENU_HIGHSCORE' with data '1' not in real-time
19-Nov-25 17:51:54.903 * Processing parameter 'PIXELCADE_GAME_START_HIGHSCORE' with data '1' not in real-time
19-Nov-25 17:51:54.903 * Processing parameter 'RGB_STYLE' with data 'RANDOM' not in real-time
19-Nov-25 17:51:54.903 * Processing parameter 'RGB_TRIGGER' with data 'TIME' not in real-time
19-Nov-25 17:51:54.903 * Processing parameter 'RGB_MIN_TIME' with data '1000' not in real-time
19-Nov-25 17:51:54.903 * Processing parameter 'LINK_BUT_CN' with data '0000,Orange,6' not in real-time
19-Nov-25 17:51:54.906 * Processing parameter 'LINK_BUT_EX' with data '0000,Amber,1' not in real-time
19-Nov-25 17:51:54.907 * Processing parameter 'LINK_BUT_J1' with data '0000,Random,0' not in real-time
19-Nov-25 17:51:54.907 * Processing parameter 'LINK_BUT_ST' with data '0000,White,6' not in real-time
19-Nov-25 17:51:54.907 * Processing parameter 'LINK_BUT_RE' with data '0000,Orange_Red,61' not in real-time
19-Nov-25 17:51:54.907 * Processing parameter 'LINK_BUT_PS' with data '0000,Deep_Pink,25' not in real-time
19-Nov-25 17:51:54.907 * Processing parameter 'LINK_BUT_P1' with data '0000,Cyan,2' not in real-time
19-Nov-25 17:51:54.907 * Processing parameter 'LINK_BUT_P2' with data '0000,Orchid,3' not in real-time
19-Nov-25 17:51:54.907 * Processing parameter 'LINK_BUT_B1' with data '0000,Green,29' not in real-time
19-Nov-25 17:51:54.907 * Processing parameter 'LINK_BUT_B2' with data '0000,Red,56' not in real-time
19-Nov-25 17:51:54.907 * Processing parameter 'LINK_BUT_B3' with data '0000,Yellow,57' not in real-time
19-Nov-25 17:51:54.907 * Processing parameter 'LINK_BUT_B4' with data '0000,Blue,00' not in real-time
19-Nov-25 17:51:54.907 * Processing parameter 'LINK_BUT_B5' with data '0000,Blue,44' not in real-time
19-Nov-25 17:51:54.907 * Processing parameter 'LINK_BUT_B6' with data '0000,Blue,45' not in real-time
19-Nov-25 17:51:54.907 * Processing parameter 'LINK_BUT_CH' with data '0000,Deep_Pink,64' not in real-time
19-Nov-25 17:51:54.907 * Processing parameter 'LINK_BUT_MN' with data '0000,Yellow,15' not in real-time
19-Nov-25 17:51:54.907 - DEBUG enabled with showing of window True
19-Nov-25 17:51:54.952 - No pixelcade.ini or settings.ini file could be found in the PATH_PIXELCADE= location
19-Nov-25 17:51:54.963 * 
19-Nov-25 17:51:54.965 - /usr/games/retroarch for game names was not found
19-Nov-25 17:51:54.966 - Trigger thread starting
19-Nov-25 17:51:54.975 * No menu.ini found
19-Nov-25 17:55:52.471 - Processing incoming message - QUIT
19-Nov-25 17:55:52.475 - Processing parameter 'QUIT' with data '' in real-time
19-Nov-25 17:55:52.479 - Shutting down
19-Nov-25 17:55:52.481 - Program close
19-Nov-25 17:56:08.587 - DEBUG enabled with showing of window True
19-Nov-25 17:56:08.601 * BETA logging flag enabled
19-Nov-25 17:56:08.601 - ***************************************************************
19-Nov-25 17:56:08.601 - Linux DOFLinx for Pinball and MAME Emulators - DOFLinx by DDH69
19-Nov-25 17:56:08.601 - Starting up - version 1.04 Beta 1
19-Nov-25 17:56:08.601 - ***************************************************************
19-Nov-25 17:56:08.603 - Linux OS on Arm64 processor with 64 bit operating system and 64 bit application
19-Nov-25 17:56:08.603 - If you like it, please make a donation here https://www.paypal.com/donate?hosted_button_id=YEPCTUYFX5KDE
19-Nov-25 17:56:08.603 - The guide can be found here https://doflinx.github.io/docs/
19-Nov-25 17:56:08.603 - For support come and visit the community here https://www.vpforums.org/index.php?showforum=104
19-Nov-25 17:56:08.604 - Pre-Reading DOFLinx.ini startup config file details
19-Nov-25 17:56:08.634 * Processing parameter 'DEBUG' with data '69' not in real-time
19-Nov-25 17:56:08.634 - DEBUG enabled with showing of window True
19-Nov-25 17:56:08.635 * Special logging flag enabled with window turned on
19-Nov-25 17:56:08.635 - DEBUG enabled with showing of window True
19-Nov-25 17:56:08.643 * PacLED64 board found - not fully implemented
19-Nov-25 17:56:08.643 * /dev/hidraw2
19-Nov-25 17:56:08.643 * After Config
19-Nov-25 17:56:08.644 - Discovery error with /dev/hidraw2
19-Nov-25 17:56:08.670 * System.IO.IOException: Broken pipe : '/dev/hidraw2'
   at System.IO.RandomAccess.WriteAtOffset(SafeFileHandle handle, ReadOnlySpan`1 buffer, Int64 fileOffset)
   at System.IO.Strategies.OSFileStreamStrategy.Write(ReadOnlySpan`1 buffer)
   at System.IO.Strategies.BufferedFileStreamStrategy.Flush(Boolean flushToDisk)
   at System.IO.Strategies.BufferedFileStreamStrategy.Dispose(Boolean disposing)
   at System.IO.Stream.Close()
   at LDOFLinx.DLOutput.FindOutput() in K:\DOFLinx\LDOFLinx\DLOutput.vb:line 333
19-Nov-25 17:56:08.670 - No output devices found
19-Nov-25 17:56:08.671 * Starting monitoring of keyboard = /dev/input/by-path/platform-xhci-hcd.1-usb-0:2:1.0-event-kbd
19-Nov-25 17:56:08.672 - Reading DOFLinx.ini startup config file details
19-Nov-25 17:56:08.673 * Processing parameter 'DEBUG' with data '69' not in real-time
19-Nov-25 17:56:08.673 - DEBUG enabled with showing of window True
19-Nov-25 17:56:08.673 * Special logging flag enabled with window turned on
19-Nov-25 17:56:08.673 * Processing parameter 'COLOUR_FILE' with data './config/colours.ini' not in real-time
19-Nov-25 17:56:08.673 - Reading colour file named ./config/colours.ini
19-Nov-25 17:56:08.676 * Processing parameter 'PATH_MAME' with data './mame/' not in real-time
19-Nov-25 17:56:08.676 * Processing parameter 'PATH_PIXELCADE' with data './pixelcade/' not in real-time
19-Nov-25 17:56:08.677 - The path './pixelcade/' does not exist
19-Nov-25 17:56:08.677 * Processing parameter 'MAME_FOLDER' with data '/usr/games/' not in real-time
19-Nov-25 17:56:08.677 * Processing parameter 'PROCESSES' with data 'retroarch' not in real-time
19-Nov-25 17:56:08.677 * Processing parameter 'MAME_PROCESS' with data 'retroarch' not in real-time
19-Nov-25 17:56:08.677 * Processing parameter 'MAME_RETROARCH_NCI' with data '1' not in real-time
19-Nov-25 17:56:08.689 * Processing parameter 'PIXELCADE_LCD_USE_NETWORK_ADDRESS' with data '1' not in real-time
19-Nov-25 17:56:08.689 * Processing parameter 'PIXELCADE_MENU_HIGHSCORE' with data '1' not in real-time
19-Nov-25 17:56:08.689 * Processing parameter 'PIXELCADE_GAME_START_HIGHSCORE' with data '1' not in real-time
19-Nov-25 17:56:08.689 * Processing parameter 'RGB_STYLE' with data 'RANDOM' not in real-time
19-Nov-25 17:56:08.689 * Processing parameter 'RGB_TRIGGER' with data 'TIME' not in real-time
19-Nov-25 17:56:08.689 * Processing parameter 'RGB_MIN_TIME' with data '1000' not in real-time
19-Nov-25 17:56:08.690 * Processing parameter 'LINK_BUT_CN' with data '0000,Orange,6' not in real-time
19-Nov-25 17:56:08.694 * Processing parameter 'LINK_BUT_EX' with data '0000,Amber,1' not in real-time
19-Nov-25 17:56:08.694 * Processing parameter 'LINK_BUT_J1' with data '0000,Random,0' not in real-time
19-Nov-25 17:56:08.694 * Processing parameter 'LINK_BUT_ST' with data '0000,White,6' not in real-time
19-Nov-25 17:56:08.694 * Processing parameter 'LINK_BUT_RE' with data '0000,Orange_Red,61' not in real-time
19-Nov-25 17:56:08.694 * Processing parameter 'LINK_BUT_PS' with data '0000,Deep_Pink,25' not in real-time
19-Nov-25 17:56:08.694 * Processing parameter 'LINK_BUT_P1' with data '0000,Cyan,2' not in real-time
19-Nov-25 17:56:08.694 * Processing parameter 'LINK_BUT_P2' with data '0000,Orchid,3' not in real-time
19-Nov-25 17:56:08.694 * Processing parameter 'LINK_BUT_B1' with data '0000,Green,29' not in real-time
19-Nov-25 17:56:08.694 * Processing parameter 'LINK_BUT_B2' with data '0000,Red,56' not in real-time
19-Nov-25 17:56:08.694 * Processing parameter 'LINK_BUT_B3' with data '0000,Yellow,57' not in real-time
19-Nov-25 17:56:08.694 * Processing parameter 'LINK_BUT_B4' with data '0000,Blue,00' not in real-time
19-Nov-25 17:56:08.694 * Processing parameter 'LINK_BUT_B5' with data '0000,Blue,44' not in real-time
19-Nov-25 17:56:08.694 * Processing parameter 'LINK_BUT_B6' with data '0000,Blue,45' not in real-time
19-Nov-25 17:56:08.694 * Processing parameter 'LINK_BUT_CH' with data '0000,Deep_Pink,64' not in real-time
19-Nov-25 17:56:08.695 * Processing parameter 'LINK_BUT_MN' with data '0000,Yellow,15' not in real-time
19-Nov-25 17:56:08.695 - DEBUG enabled with showing of window True
19-Nov-25 17:56:08.738 - No pixelcade.ini or settings.ini file could be found in the PATH_PIXELCADE= location
19-Nov-25 17:56:08.754 * 
19-Nov-25 17:56:08.755 - /usr/games/retroarch for game names was not found
19-Nov-25 17:56:08.758 - Trigger thread starting
19-Nov-25 17:56:08.767 * No menu.ini found
19-Nov-25 17:57:42.788 - Processing incoming message - QUIT
19-Nov-25 17:57:42.788 - Processing parameter 'QUIT' with data '' in real-time
19-Nov-25 17:57:42.790 - Shutting down
19-Nov-25 17:57:42.793 - Program close
19-Nov-25 17:57:46.288 - DEBUG enabled with showing of window True
19-Nov-25 17:57:46.300 * BETA logging flag enabled
19-Nov-25 17:57:46.300 - ***************************************************************
19-Nov-25 17:57:46.300 - Linux DOFLinx for Pinball and MAME Emulators - DOFLinx by DDH69
19-Nov-25 17:57:46.300 - Starting up - version 1.04 Beta 1
19-Nov-25 17:57:46.300 - ***************************************************************
19-Nov-25 17:57:46.302 - Linux OS on Arm64 processor with 64 bit operating system and 64 bit application
19-Nov-25 17:57:46.302 - If you like it, please make a donation here https://www.paypal.com/donate?hosted_button_id=YEPCTUYFX5KDE
19-Nov-25 17:57:46.302 - The guide can be found here https://doflinx.github.io/docs/
19-Nov-25 17:57:46.302 - For support come and visit the community here https://www.vpforums.org/index.php?showforum=104
19-Nov-25 17:57:46.302 - Pre-Reading DOFLinx.ini startup config file details
19-Nov-25 17:57:46.330 * Processing parameter 'DEBUG' with data '69' not in real-time
19-Nov-25 17:57:46.330 - DEBUG enabled with showing of window True
19-Nov-25 17:57:46.330 * Special logging flag enabled with window turned on
19-Nov-25 17:57:46.331 - DEBUG enabled with showing of window True
19-Nov-25 17:57:46.338 * PacLED64 board found - not fully implemented
19-Nov-25 17:57:46.338 * /dev/hidraw2
19-Nov-25 17:57:46.338 * After Config
19-Nov-25 17:57:46.340 - Discovery error with /dev/hidraw2
19-Nov-25 17:57:46.359 * System.IO.IOException: Broken pipe : '/dev/hidraw2'
   at System.IO.RandomAccess.WriteAtOffset(SafeFileHandle handle, ReadOnlySpan`1 buffer, Int64 fileOffset)
   at System.IO.Strategies.OSFileStreamStrategy.Write(ReadOnlySpan`1 buffer)
   at System.IO.Strategies.BufferedFileStreamStrategy.Flush(Boolean flushToDisk)
   at System.IO.Strategies.BufferedFileStreamStrategy.Dispose(Boolean disposing)
   at System.IO.Stream.Close()
   at LDOFLinx.DLOutput.FindOutput() in K:\DOFLinx\LDOFLinx\DLOutput.vb:line 333
19-Nov-25 17:57:46.360 - No output devices found
19-Nov-25 17:57:46.362 * Starting monitoring of keyboard = /dev/input/by-path/platform-xhci-hcd.1-usb-0:2:1.0-event-kbd
19-Nov-25 17:57:46.364 - Reading DOFLinx.ini startup config file details
19-Nov-25 17:57:46.364 * Processing parameter 'DEBUG' with data '69' not in real-time
19-Nov-25 17:57:46.364 - DEBUG enabled with showing of window True
19-Nov-25 17:57:46.364 * Special logging flag enabled with window turned on
19-Nov-25 17:57:46.364 * Processing parameter 'COLOUR_FILE' with data './config/colours.ini' not in real-time
19-Nov-25 17:57:46.365 - Reading colour file named ./config/colours.ini
19-Nov-25 17:57:46.367 * Processing parameter 'PATH_MAME' with data './mame/' not in real-time
19-Nov-25 17:57:46.368 * Processing parameter 'PATH_PIXELCADE' with data './pixelcade/' not in real-time
19-Nov-25 17:57:46.369 - The path './pixelcade/' does not exist
19-Nov-25 17:57:46.369 * Processing parameter 'MAME_FOLDER' with data '/usr/games/' not in real-time
19-Nov-25 17:57:46.369 * Processing parameter 'PROCESSES' with data 'retroarch' not in real-time
19-Nov-25 17:57:46.369 * Processing parameter 'MAME_PROCESS' with data 'retroarch' not in real-time
19-Nov-25 17:57:46.369 * Processing parameter 'MAME_RETROARCH_NCI' with data '1' not in real-time
19-Nov-25 17:57:46.379 * Processing parameter 'PIXELCADE_LCD_USE_NETWORK_ADDRESS' with data '1' not in real-time
19-Nov-25 17:57:46.379 * Processing parameter 'PIXELCADE_MENU_HIGHSCORE' with data '1' not in real-time
19-Nov-25 17:57:46.379 * Processing parameter 'PIXELCADE_GAME_START_HIGHSCORE' with data '1' not in real-time
19-Nov-25 17:57:46.379 * Processing parameter 'RGB_STYLE' with data 'RANDOM' not in real-time
19-Nov-25 17:57:46.379 * Processing parameter 'RGB_TRIGGER' with data 'TIME' not in real-time
19-Nov-25 17:57:46.379 * Processing parameter 'RGB_MIN_TIME' with data '1000' not in real-time
19-Nov-25 17:57:46.380 * Processing parameter 'LINK_BUT_CN' with data '0000,Orange,6' not in real-time
19-Nov-25 17:57:46.383 * Processing parameter 'LINK_BUT_EX' with data '0000,Amber,1' not in real-time
19-Nov-25 17:57:46.383 * Processing parameter 'LINK_BUT_J1' with data '0000,Random,0' not in real-time
19-Nov-25 17:57:46.383 * Processing parameter 'LINK_BUT_ST' with data '0000,White,6' not in real-time
19-Nov-25 17:57:46.383 * Processing parameter 'LINK_BUT_RE' with data '0000,Orange_Red,61' not in real-time
19-Nov-25 17:57:46.383 * Processing parameter 'LINK_BUT_PS' with data '0000,Deep_Pink,25' not in real-time
19-Nov-25 17:57:46.383 * Processing parameter 'LINK_BUT_P1' with data '0000,Cyan,2' not in real-time
19-Nov-25 17:57:46.383 * Processing parameter 'LINK_BUT_P2' with data '0000,Orchid,3' not in real-time
19-Nov-25 17:57:46.383 * Processing parameter 'LINK_BUT_B1' with data '0000,Green,29' not in real-time
19-Nov-25 17:57:46.383 * Processing parameter 'LINK_BUT_B2' with data '0000,Red,56' not in real-time
19-Nov-25 17:57:46.383 * Processing parameter 'LINK_BUT_B3' with data '0000,Yellow,57' not in real-time
19-Nov-25 17:57:46.383 * Processing parameter 'LINK_BUT_B4' with data '0000,Blue,00' not in real-time
19-Nov-25 17:57:46.384 * Processing parameter 'LINK_BUT_B5' with data '0000,Blue,44' not in real-time
19-Nov-25 17:57:46.384 * Processing parameter 'LINK_BUT_B6' with data '0000,Blue,45' not in real-time
19-Nov-25 17:57:46.384 * Processing parameter 'LINK_BUT_CH' with data '0000,Deep_Pink,64' not in real-time
19-Nov-25 17:57:46.384 * Processing parameter 'LINK_BUT_MN' with data '0000,Yellow,15' not in real-time
19-Nov-25 17:57:46.384 - DEBUG enabled with showing of window True
19-Nov-25 17:57:46.425 - No pixelcade.ini or settings.ini file could be found in the PATH_PIXELCADE= location
19-Nov-25 17:57:46.435 * 
19-Nov-25 17:57:46.437 - /usr/games/retroarch for game names was not found
19-Nov-25 17:57:46.438 - Trigger thread starting
19-Nov-25 17:57:46.446 * No menu.ini found
19-Nov-25 17:57:52.782 - Processing incoming message - QUIT
19-Nov-25 17:57:52.782 - Processing parameter 'QUIT' with data '' in real-time
19-Nov-25 17:57:52.783 - Shutting down
19-Nov-25 17:57:52.786 - Program close
20-Nov-25 06:38:22.849 - DEBUG enabled with showing of window True
20-Nov-25 06:38:22.864 * BETA logging flag enabled
20-Nov-25 06:38:22.864 - ***************************************************************
20-Nov-25 06:38:22.864 - Linux DOFLinx for Pinball and MAME Emulators - DOFLinx by DDH69
20-Nov-25 06:38:22.864 - Starting up - version 1.04 Beta 1
20-Nov-25 06:38:22.864 - ***************************************************************
20-Nov-25 06:38:22.866 - Linux OS on Arm64 processor with 64 bit operating system and 64 bit application
20-Nov-25 06:38:22.866 - If you like it, please make a donation here https://www.paypal.com/donate?hosted_button_id=YEPCTUYFX5KDE
20-Nov-25 06:38:22.866 - The guide can be found here https://doflinx.github.io/docs/
20-Nov-25 06:38:22.866 - For support come and visit the community here https://www.vpforums.org/index.php?showforum=104
20-Nov-25 06:38:22.867 - Pre-Reading DOFLinx.ini startup config file details
20-Nov-25 06:38:22.906 * Processing parameter 'DEBUG' with data '69' not in real-time
20-Nov-25 06:38:22.906 - DEBUG enabled with showing of window True
20-Nov-25 06:38:22.906 * Special logging flag enabled with window turned on
20-Nov-25 06:38:22.907 - DEBUG enabled with showing of window True
20-Nov-25 06:38:22.914 * PacLED64 board found - not fully implemented
20-Nov-25 06:38:22.915 - Opening device #1 PacLED64 ID#1 named  with 64 outputs
20-Nov-25 06:38:22.916 * Starting monitoring of keyboard = /dev/input/by-path/platform-xhci-hcd.1-usb-0:2:1.0-event-kbd
20-Nov-25 06:38:22.918 - Reading DOFLinx.ini startup config file details
20-Nov-25 06:38:22.918 * Processing parameter 'DEBUG' with data '69' not in real-time
20-Nov-25 06:38:22.918 - DEBUG enabled with showing of window True
20-Nov-25 06:38:22.918 * Special logging flag enabled with window turned on
20-Nov-25 06:38:22.918 * Processing parameter 'COLOUR_FILE' with data './config/colours.ini' not in real-time
20-Nov-25 06:38:22.918 - Reading colour file named ./config/colours.ini
20-Nov-25 06:38:22.925 * Processing parameter 'PATH_MAME' with data './mame/' not in real-time
20-Nov-25 06:38:22.926 * Processing parameter 'PATH_PIXELCADE' with data './pixelcade/' not in real-time
20-Nov-25 06:38:22.927 - The path './pixelcade/' does not exist
20-Nov-25 06:38:22.927 * Processing parameter 'MAME_FOLDER' with data '/usr/games/' not in real-time
20-Nov-25 06:38:22.927 * Processing parameter 'PROCESSES' with data 'retroarch' not in real-time
20-Nov-25 06:38:22.927 * Processing parameter 'MAME_PROCESS' with data 'retroarch' not in real-time
20-Nov-25 06:38:22.927 * Processing parameter 'MAME_RETROARCH_NCI' with data '1' not in real-time
20-Nov-25 06:38:22.941 * Processing parameter 'PIXELCADE_LCD_USE_NETWORK_ADDRESS' with data '1' not in real-time
20-Nov-25 06:38:22.941 * Processing parameter 'PIXELCADE_MENU_HIGHSCORE' with data '1' not in real-time
20-Nov-25 06:38:22.941 * Processing parameter 'PIXELCADE_GAME_START_HIGHSCORE' with data '1' not in real-time
20-Nov-25 06:38:22.941 * Processing parameter 'RGB_STYLE' with data 'RANDOM' not in real-time
20-Nov-25 06:38:22.941 * Processing parameter 'RGB_TRIGGER' with data 'TIME' not in real-time
20-Nov-25 06:38:22.941 * Processing parameter 'RGB_MIN_TIME' with data '1000' not in real-time
20-Nov-25 06:38:22.942 * Processing parameter 'LINK_BUT_CN' with data '0000,Orange,6' not in real-time
20-Nov-25 06:38:22.945 * Processing parameter 'LINK_BUT_EX' with data '0000,Amber,1' not in real-time
20-Nov-25 06:38:22.945 * Processing parameter 'LINK_BUT_J1' with data '0000,Random,0' not in real-time
20-Nov-25 06:38:22.945 * Processing parameter 'LINK_BUT_ST' with data '0000,White,6' not in real-time
20-Nov-25 06:38:22.945 * Processing parameter 'LINK_BUT_RE' with data '0000,Orange_Red,61' not in real-time
20-Nov-25 06:38:22.945 * Processing parameter 'LINK_BUT_PS' with data '0000,Deep_Pink,25' not in real-time
20-Nov-25 06:38:22.945 * Processing parameter 'LINK_BUT_P1' with data '0000,Cyan,2' not in real-time
20-Nov-25 06:38:22.945 * Processing parameter 'LINK_BUT_P2' with data '0000,Orchid,3' not in real-time
20-Nov-25 06:38:22.945 * Processing parameter 'LINK_BUT_B1' with data '0000,Green,29' not in real-time
20-Nov-25 06:38:22.945 * Processing parameter 'LINK_BUT_B2' with data '0000,Red,56' not in real-time
20-Nov-25 06:38:22.945 * Processing parameter 'LINK_BUT_B3' with data '0000,Yellow,57' not in real-time
20-Nov-25 06:38:22.945 * Processing parameter 'LINK_BUT_B4' with data '0000,Blue,00' not in real-time
20-Nov-25 06:38:22.945 * Processing parameter 'LINK_BUT_B5' with data '0000,Blue,44' not in real-time
20-Nov-25 06:38:22.945 * Processing parameter 'LINK_BUT_B6' with data '0000,Blue,45' not in real-time
20-Nov-25 06:38:22.945 * Processing parameter 'LINK_BUT_CH' with data '0000,Deep_Pink,64' not in real-time
20-Nov-25 06:38:22.945 * Processing parameter 'LINK_BUT_MN' with data '0000,Yellow,15' not in real-time
20-Nov-25 06:38:22.945 - DEBUG enabled with showing of window True
20-Nov-25 06:38:22.987 - No pixelcade.ini or settings.ini file could be found in the PATH_PIXELCADE= location
20-Nov-25 06:38:22.998 * 
20-Nov-25 06:38:22.999 - /usr/games/retroarch for game names was not found
20-Nov-25 06:38:23.002 - Trigger thread starting
20-Nov-25 06:38:23.010 * No menu.ini found
20-Nov-25 06:40:06.097 - Processing incoming message - TEST_PORT=1001,255
20-Nov-25 06:40:06.097 - Processing parameter 'TEST_PORT' with data '1001,255' in real-time
20-Nov-25 06:40:06.097 - Turning ON device/port 1001 for 255 mS
20-Nov-25 06:40:06.354 - Turning OFF device/port 1001
20-Nov-25 06:40:24.472 - Processing incoming message - TEST_PORT=1001,1000
20-Nov-25 06:40:24.472 - Processing parameter 'TEST_PORT' with data '1001,1000' in real-time
20-Nov-25 06:40:24.475 - Turning ON device/port 1001 for 1000 mS
20-Nov-25 06:40:25.475 - Turning OFF device/port 1001
20-Nov-25 06:40:32.419 - Processing incoming message - TEST_PORT=1002,1000
20-Nov-25 06:40:32.419 - Processing parameter 'TEST_PORT' with data '1002,1000' in real-time
20-Nov-25 06:40:32.419 - Turning ON device/port 1002 for 1000 mS
20-Nov-25 06:40:33.419 - Turning OFF device/port 1002
20-Nov-25 06:44:10.145 - Processing incoming message - QUIT
20-Nov-25 06:44:10.145 - Processing parameter 'QUIT' with data '' in real-time
20-Nov-25 06:44:10.147 - Shutting down
20-Nov-25 06:44:10.149 * USB write to /dev/hidraw2 with data 81,0,
20-Nov-25 06:44:10.151 * USB write to /dev/hidraw2 with data 82,0,
20-Nov-25 06:44:10.152 * USB write to /dev/hidraw2 with data 83,0,
20-Nov-25 06:44:10.152 * USB write to /dev/hidraw2 with data 84,0,
20-Nov-25 06:44:10.153 * USB write to /dev/hidraw2 with data 85,0,
20-Nov-25 06:44:10.153 * USB write to /dev/hidraw2 with data 86,0,
20-Nov-25 06:44:10.153 * USB write to /dev/hidraw2 with data 87,0,
20-Nov-25 06:44:10.153 * USB write to /dev/hidraw2 with data 88,0,
20-Nov-25 06:44:10.155 - Program close
20-Nov-25 06:45:01.385 - DEBUG enabled with showing of window True
20-Nov-25 06:45:01.397 * BETA logging flag enabled
20-Nov-25 06:45:01.397 - ***************************************************************
20-Nov-25 06:45:01.397 - Linux DOFLinx for Pinball and MAME Emulators - DOFLinx by DDH69
20-Nov-25 06:45:01.397 - Starting up - version 1.04 Beta 1
20-Nov-25 06:45:01.397 - ***************************************************************
20-Nov-25 06:45:01.399 - Linux OS on Arm64 processor with 64 bit operating system and 64 bit application
20-Nov-25 06:45:01.399 - If you like it, please make a donation here https://www.paypal.com/donate?hosted_button_id=YEPCTUYFX5KDE
20-Nov-25 06:45:01.399 - The guide can be found here https://doflinx.github.io/docs/
20-Nov-25 06:45:01.399 - For support come and visit the community here https://www.vpforums.org/index.php?showforum=104
20-Nov-25 06:45:01.400 - Pre-Reading DOFLinx.ini startup config file details
20-Nov-25 06:45:01.429 * Processing parameter 'DEBUG' with data '69' not in real-time
20-Nov-25 06:45:01.429 - DEBUG enabled with showing of window True
20-Nov-25 06:45:01.429 * Special logging flag enabled with window turned on
20-Nov-25 06:45:01.429 - DEBUG enabled with showing of window True
20-Nov-25 06:45:01.437 * PacLED64 board found - not fully implemented
20-Nov-25 06:45:01.438 - Opening device #1 PacLED64 ID#1 named  with 64 outputs
20-Nov-25 06:45:01.439 * Starting monitoring of keyboard = /dev/input/by-path/platform-xhci-hcd.1-usb-0:2:1.0-event-kbd
20-Nov-25 06:45:01.440 - Reading DOFLinx.ini startup config file details
20-Nov-25 06:45:01.440 * Processing parameter 'DEBUG' with data '69' not in real-time
20-Nov-25 06:45:01.440 - DEBUG enabled with showing of window True
20-Nov-25 06:45:01.440 * Special logging flag enabled with window turned on
20-Nov-25 06:45:01.440 * Processing parameter 'COLOUR_FILE' with data './config/colours.ini' not in real-time
20-Nov-25 06:45:01.441 - Reading colour file named ./config/colours.ini
20-Nov-25 06:45:01.443 * Processing parameter 'PATH_MAME' with data './mame/' not in real-time
20-Nov-25 06:45:01.444 * Processing parameter 'PATH_PIXELCADE' with data './pixelcade/' not in real-time
20-Nov-25 06:45:01.444 - The path './pixelcade/' does not exist
20-Nov-25 06:45:01.444 * Processing parameter 'MAME_FOLDER' with data '/usr/games/' not in real-time
20-Nov-25 06:45:01.444 * Processing parameter 'PROCESSES' with data 'retroarch' not in real-time
20-Nov-25 06:45:01.445 * Processing parameter 'MAME_PROCESS' with data 'retroarch' not in real-time
20-Nov-25 06:45:01.445 * Processing parameter 'MAME_RETROARCH_NCI' with data '1' not in real-time
20-Nov-25 06:45:01.455 * Processing parameter 'PIXELCADE_LCD_USE_NETWORK_ADDRESS' with data '1' not in real-time
20-Nov-25 06:45:01.456 * Processing parameter 'PIXELCADE_MENU_HIGHSCORE' with data '1' not in real-time
20-Nov-25 06:45:01.456 * Processing parameter 'PIXELCADE_GAME_START_HIGHSCORE' with data '1' not in real-time
20-Nov-25 06:45:01.456 * Processing parameter 'RGB_STYLE' with data 'RANDOM' not in real-time
20-Nov-25 06:45:01.456 * Processing parameter 'RGB_TRIGGER' with data 'TIME' not in real-time
20-Nov-25 06:45:01.456 * Processing parameter 'RGB_MIN_TIME' with data '1000' not in real-time
20-Nov-25 06:45:01.456 * Processing parameter 'LINK_BUT_CN' with data '0000,Orange,6' not in real-time
20-Nov-25 06:45:01.460 * Processing parameter 'LINK_BUT_EX' with data '0000,Amber,1' not in real-time
20-Nov-25 06:45:01.460 * Processing parameter 'LINK_BUT_J1' with data '0000,Random,0' not in real-time
20-Nov-25 06:45:01.460 * Processing parameter 'LINK_BUT_ST' with data '0000,White,6' not in real-time
20-Nov-25 06:45:01.460 * Processing parameter 'LINK_BUT_RE' with data '0000,Orange_Red,61' not in real-time
20-Nov-25 06:45:01.460 * Processing parameter 'LINK_BUT_PS' with data '0000,Deep_Pink,25' not in real-time
20-Nov-25 06:45:01.460 * Processing parameter 'LINK_BUT_P1' with data '0000,Cyan,2' not in real-time
20-Nov-25 06:45:01.460 * Processing parameter 'LINK_BUT_P2' with data '0000,Orchid,3' not in real-time
20-Nov-25 06:45:01.460 * Processing parameter 'LINK_BUT_B1' with data '0000,Green,29' not in real-time
20-Nov-25 06:45:01.460 * Processing parameter 'LINK_BUT_B2' with data '0000,Red,56' not in real-time
20-Nov-25 06:45:01.460 * Processing parameter 'LINK_BUT_B3' with data '0000,Yellow,57' not in real-time
20-Nov-25 06:45:01.460 * Processing parameter 'LINK_BUT_B4' with data '0000,Blue,00' not in real-time
20-Nov-25 06:45:01.460 * Processing parameter 'LINK_BUT_B5' with data '0000,Blue,44' not in real-time
20-Nov-25 06:45:01.460 * Processing parameter 'LINK_BUT_B6' with data '0000,Blue,45' not in real-time
20-Nov-25 06:45:01.461 * Processing parameter 'LINK_BUT_CH' with data '0000,Deep_Pink,64' not in real-time
20-Nov-25 06:45:01.461 * Processing parameter 'LINK_BUT_MN' with data '0000,Yellow,15' not in real-time
20-Nov-25 06:45:01.461 - DEBUG enabled with showing of window True
20-Nov-25 06:45:01.502 - No pixelcade.ini or settings.ini file could be found in the PATH_PIXELCADE= location
20-Nov-25 06:45:01.513 * 
20-Nov-25 06:45:01.515 - /usr/games/retroarch for game names was not found
20-Nov-25 06:45:01.516 - Trigger thread starting
20-Nov-25 06:45:01.525 * No menu.ini found
20-Nov-25 06:45:10.824 - Processing incoming message - TEST_PORT=1001,1000
20-Nov-25 06:45:10.824 - Processing parameter 'TEST_PORT' with data '1001,1000' in real-time
20-Nov-25 06:45:10.824 - Turning ON device/port 1001 for 1000 mS
20-Nov-25 06:45:10.827 * USB write to /dev/hidraw2 with data 0,255,
20-Nov-25 06:45:11.829 - Turning OFF device/port 1001
20-Nov-25 06:45:11.829 * USB write to /dev/hidraw2 with data 0,0,
20-Nov-25 06:45:27.680 - Processing incoming message - TEST_PORT=1001,1000
20-Nov-25 06:45:27.680 - Processing parameter 'TEST_PORT' with data '1001,1000' in real-time
20-Nov-25 06:45:27.680 - Turning ON device/port 1001 for 1000 mS
20-Nov-25 06:45:27.680 * USB write to /dev/hidraw2 with data 0,255,
20-Nov-25 06:45:28.680 - Turning OFF device/port 1001
20-Nov-25 06:45:28.680 * USB write to /dev/hidraw2 with data 0,0,
20-Nov-25 06:45:39.316 - Processing incoming message - TEST_PORT=1002,1000
20-Nov-25 06:45:39.316 - Processing parameter 'TEST_PORT' with data '1002,1000' in real-time
20-Nov-25 06:45:39.316 - Turning ON device/port 1002 for 1000 mS
20-Nov-25 06:45:39.316 * USB write to /dev/hidraw2 with data 1,255,
20-Nov-25 06:45:40.317 - Turning OFF device/port 1002
20-Nov-25 06:45:40.317 * USB write to /dev/hidraw2 with data 1,0,
20-Nov-25 06:45:47.196 - Processing incoming message - TEST_PORT=1002,1000
20-Nov-25 06:45:47.196 - Processing parameter 'TEST_PORT' with data '1002,1000' in real-time
20-Nov-25 06:45:47.196 - Turning ON device/port 1002 for 1000 mS
20-Nov-25 06:45:47.196 * USB write to /dev/hidraw2 with data 1,255,
20-Nov-25 06:45:48.196 - Turning OFF device/port 1002
20-Nov-25 06:45:48.196 * USB write to /dev/hidraw2 with data 1,0,
20-Nov-25 06:45:54.958 - Processing incoming message - TEST_PORT=1001,1000
20-Nov-25 06:45:54.958 - Processing parameter 'TEST_PORT' with data '1001,1000' in real-time
20-Nov-25 06:45:54.958 - Turning ON device/port 1001 for 1000 mS
20-Nov-25 06:45:54.958 * USB write to /dev/hidraw2 with data 0,255,
20-Nov-25 06:45:55.958 - Turning OFF device/port 1001
20-Nov-25 06:45:55.959 * USB write to /dev/hidraw2 with data 0,0,
20-Nov-25 06:46:15.464 - Processing incoming message - QUIT
20-Nov-25 06:46:15.464 - Processing parameter 'QUIT' with data '' in real-time
20-Nov-25 06:46:15.472 - Shutting down
20-Nov-25 06:46:15.474 * USB write to /dev/hidraw2 with data 81,0,
20-Nov-25 06:46:15.474 * USB write to /dev/hidraw2 with data 82,0,
20-Nov-25 06:46:15.475 * USB write to /dev/hidraw2 with data 83,0,
20-Nov-25 06:46:15.475 * USB write to /dev/hidraw2 with data 84,0,
20-Nov-25 06:46:15.475 * USB write to /dev/hidraw2 with data 85,0,
20-Nov-25 06:46:15.476 * USB write to /dev/hidraw2 with data 86,0,
20-Nov-25 06:46:15.476 * USB write to /dev/hidraw2 with data 87,0,
20-Nov-25 06:46:15.476 * USB write to /dev/hidraw2 with data 88,0,
20-Nov-25 06:46:15.480 - Program close
20-Nov-25 06:46:28.569 - DEBUG enabled with showing of window True
20-Nov-25 06:46:28.581 * BETA logging flag enabled
20-Nov-25 06:46:28.581 - ***************************************************************
20-Nov-25 06:46:28.581 - Linux DOFLinx for Pinball and MAME Emulators - DOFLinx by DDH69
20-Nov-25 06:46:28.581 - Starting up - version 1.04 Beta 1
20-Nov-25 06:46:28.581 - ***************************************************************
20-Nov-25 06:46:28.582 - Linux OS on Arm64 processor with 64 bit operating system and 64 bit application
20-Nov-25 06:46:28.582 - If you like it, please make a donation here https://www.paypal.com/donate?hosted_button_id=YEPCTUYFX5KDE
20-Nov-25 06:46:28.582 - The guide can be found here https://doflinx.github.io/docs/
20-Nov-25 06:46:28.583 - For support come and visit the community here https://www.vpforums.org/index.php?showforum=104
20-Nov-25 06:46:28.583 - Pre-Reading DOFLinx.ini startup config file details
20-Nov-25 06:46:28.614 * Processing parameter 'DEBUG' with data '69' not in real-time
20-Nov-25 06:46:28.614 - DEBUG enabled with showing of window True
20-Nov-25 06:46:28.614 * Special logging flag enabled with window turned on
20-Nov-25 06:46:28.614 - DEBUG enabled with showing of window True
20-Nov-25 06:46:28.621 * PacLED64 board found - not fully implemented
20-Nov-25 06:46:28.621 - Opening device #1 PacLED64 ID#1 named  with 64 outputs
20-Nov-25 06:46:28.623 * Starting monitoring of keyboard = /dev/input/by-path/platform-xhci-hcd.1-usb-0:2:1.0-event-kbd
20-Nov-25 06:46:28.624 - Reading DOFLinx.ini startup config file details
20-Nov-25 06:46:28.624 * Processing parameter 'DEBUG' with data '69' not in real-time
20-Nov-25 06:46:28.624 - DEBUG enabled with showing of window True
20-Nov-25 06:46:28.624 * Special logging flag enabled with window turned on
20-Nov-25 06:46:28.624 * Processing parameter 'COLOUR_FILE' with data './config/colours.ini' not in real-time
20-Nov-25 06:46:28.624 - Reading colour file named ./config/colours.ini
20-Nov-25 06:46:28.627 * Processing parameter 'PATH_MAME' with data './mame/' not in real-time
20-Nov-25 06:46:28.628 * Processing parameter 'PATH_PIXELCADE' with data './pixelcade/' not in real-time
20-Nov-25 06:46:28.628 - The path './pixelcade/' does not exist
20-Nov-25 06:46:28.628 * Processing parameter 'MAME_FOLDER' with data '/usr/games/' not in real-time
20-Nov-25 06:46:28.628 * Processing parameter 'PROCESSES' with data 'retroarch' not in real-time
20-Nov-25 06:46:28.628 * Processing parameter 'MAME_PROCESS' with data 'retroarch' not in real-time
20-Nov-25 06:46:28.628 * Processing parameter 'MAME_RETROARCH_NCI' with data '1' not in real-time
20-Nov-25 06:46:28.639 * Processing parameter 'PIXELCADE_LCD_USE_NETWORK_ADDRESS' with data '1' not in real-time
20-Nov-25 06:46:28.639 * Processing parameter 'PIXELCADE_MENU_HIGHSCORE' with data '1' not in real-time
20-Nov-25 06:46:28.639 * Processing parameter 'PIXELCADE_GAME_START_HIGHSCORE' with data '1' not in real-time
20-Nov-25 06:46:28.639 * Processing parameter 'RGB_STYLE' with data 'RANDOM' not in real-time
20-Nov-25 06:46:28.639 * Processing parameter 'RGB_TRIGGER' with data 'TIME' not in real-time
20-Nov-25 06:46:28.639 * Processing parameter 'RGB_MIN_TIME' with data '1000' not in real-time
20-Nov-25 06:46:28.640 * Processing parameter 'LINK_BUT_CN' with data '0000,Orange,6' not in real-time
20-Nov-25 06:46:28.644 * Processing parameter 'LINK_BUT_EX' with data '0000,Amber,1' not in real-time
20-Nov-25 06:46:28.644 * Processing parameter 'LINK_BUT_J1' with data '0000,Random,0' not in real-time
20-Nov-25 06:46:28.644 * Processing parameter 'LINK_BUT_ST' with data '0000,White,6' not in real-time
20-Nov-25 06:46:28.644 * Processing parameter 'LINK_BUT_RE' with data '0000,Orange_Red,61' not in real-time
20-Nov-25 06:46:28.644 * Processing parameter 'LINK_BUT_PS' with data '0000,Deep_Pink,25' not in real-time
20-Nov-25 06:46:28.644 * Processing parameter 'LINK_BUT_P1' with data '0000,Cyan,2' not in real-time
20-Nov-25 06:46:28.644 * Processing parameter 'LINK_BUT_P2' with data '0000,Orchid,3' not in real-time
20-Nov-25 06:46:28.644 * Processing parameter 'LINK_BUT_B1' with data '0000,Green,29' not in real-time
20-Nov-25 06:46:28.644 * Processing parameter 'LINK_BUT_B2' with data '0000,Red,56' not in real-time
20-Nov-25 06:46:28.644 * Processing parameter 'LINK_BUT_B3' with data '0000,Yellow,57' not in real-time
20-Nov-25 06:46:28.644 * Processing parameter 'LINK_BUT_B4' with data '0000,Blue,00' not in real-time
20-Nov-25 06:46:28.644 * Processing parameter 'LINK_BUT_B5' with data '0000,Blue,44' not in real-time
20-Nov-25 06:46:28.644 * Processing parameter 'LINK_BUT_B6' with data '0000,Blue,45' not in real-time
20-Nov-25 06:46:28.644 * Processing parameter 'LINK_BUT_CH' with data '0000,Deep_Pink,64' not in real-time
20-Nov-25 06:46:28.644 * Processing parameter 'LINK_BUT_MN' with data '0000,Yellow,15' not in real-time
20-Nov-25 06:46:28.644 - DEBUG enabled with showing of window True
20-Nov-25 06:46:28.686 - No pixelcade.ini or settings.ini file could be found in the PATH_PIXELCADE= location
20-Nov-25 06:46:28.696 * 
20-Nov-25 06:46:28.698 - /usr/games/retroarch for game names was not found
20-Nov-25 06:46:28.700 - Trigger thread starting
20-Nov-25 06:46:28.709 * No menu.ini found
20-Nov-25 06:46:37.382 - Processing incoming message - TEST_PORT=1002,1000
20-Nov-25 06:46:37.382 - Processing parameter 'TEST_PORT' with data '1002,1000' in real-time
20-Nov-25 06:46:37.382 - Turning ON device/port 1002 for 1000 mS
20-Nov-25 06:46:37.385 * USB write to /dev/hidraw2 with data 1,255,
20-Nov-25 06:46:38.387 - Turning OFF device/port 1002
20-Nov-25 06:46:38.388 * USB write to /dev/hidraw2 with data 1,0,
20-Nov-25 06:46:43.653 - Processing incoming message - TEST_PORT=1002,1000
20-Nov-25 06:46:43.653 - Processing parameter 'TEST_PORT' with data '1002,1000' in real-time
20-Nov-25 06:46:43.653 - Turning ON device/port 1002 for 1000 mS
20-Nov-25 06:46:43.653 * USB write to /dev/hidraw2 with data 1,255,
20-Nov-25 06:46:44.653 - Turning OFF device/port 1002
20-Nov-25 06:46:44.653 * USB write to /dev/hidraw2 with data 1,0,
20-Nov-25 06:46:48.201 - Processing incoming message - TEST_PORT=1002,1000
20-Nov-25 06:46:48.202 - Processing parameter 'TEST_PORT' with data '1002,1000' in real-time
20-Nov-25 06:46:48.202 - Turning ON device/port 1002 for 1000 mS
20-Nov-25 06:46:48.202 * USB write to /dev/hidraw2 with data 1,255,
20-Nov-25 06:46:49.202 - Turning OFF device/port 1002
20-Nov-25 06:46:49.202 * USB write to /dev/hidraw2 with data 1,0,
20-Nov-25 06:46:56.263 - Processing incoming message - TEST_PORT=1001,1000
20-Nov-25 06:46:56.264 - Processing parameter 'TEST_PORT' with data '1001,1000' in real-time
20-Nov-25 06:46:56.264 - Turning ON device/port 1001 for 1000 mS
20-Nov-25 06:46:56.264 * USB write to /dev/hidraw2 with data 0,255,
20-Nov-25 06:46:57.264 - Turning OFF device/port 1001
20-Nov-25 06:46:57.264 * USB write to /dev/hidraw2 with data 0,0,
20-Nov-25 06:47:00.699 - Processing incoming message - TEST_PORT=1001,1000
20-Nov-25 06:47:00.699 - Processing parameter 'TEST_PORT' with data '1001,1000' in real-time
20-Nov-25 06:47:00.699 - Turning ON device/port 1001 for 1000 mS
20-Nov-25 06:47:00.699 * USB write to /dev/hidraw2 with data 0,255,
20-Nov-25 06:47:01.699 - Turning OFF device/port 1001
20-Nov-25 06:47:01.699 * USB write to /dev/hidraw2 with data 0,0,
20-Nov-25 06:47:05.782 - Processing incoming message - QUIT
20-Nov-25 06:47:05.782 - Processing parameter 'QUIT' with data '' in real-time
20-Nov-25 06:47:05.783 - Shutting down
20-Nov-25 06:47:05.785 * USB write to /dev/hidraw2 with data 81,0,
20-Nov-25 06:47:05.785 * USB write to /dev/hidraw2 with data 82,0,
20-Nov-25 06:47:05.786 * USB write to /dev/hidraw2 with data 83,0,
20-Nov-25 06:47:05.786 * USB write to /dev/hidraw2 with data 84,0,
20-Nov-25 06:47:05.786 * USB write to /dev/hidraw2 with data 85,0,
20-Nov-25 06:47:05.787 * USB write to /dev/hidraw2 with data 86,0,
20-Nov-25 06:47:05.787 * USB write to /dev/hidraw2 with data 87,0,
20-Nov-25 06:47:05.787 * USB write to /dev/hidraw2 with data 88,0,
20-Nov-25 06:47:05.789 - Program close
20-Nov-25 06:47:19.524 - DEBUG enabled with showing of window True
20-Nov-25 06:47:19.536 * BETA logging flag enabled
20-Nov-25 06:47:19.536 - ***************************************************************
20-Nov-25 06:47:19.536 - Linux DOFLinx for Pinball and MAME Emulators - DOFLinx by DDH69
20-Nov-25 06:47:19.536 - Starting up - version 1.04 Beta 1
20-Nov-25 06:47:19.536 - ***************************************************************
20-Nov-25 06:47:19.537 - Linux OS on Arm64 processor with 64 bit operating system and 64 bit application
20-Nov-25 06:47:19.537 - If you like it, please make a donation here https://www.paypal.com/donate?hosted_button_id=YEPCTUYFX5KDE
20-Nov-25 06:47:19.537 - The guide can be found here https://doflinx.github.io/docs/
20-Nov-25 06:47:19.537 - For support come and visit the community here https://www.vpforums.org/index.php?showforum=104
20-Nov-25 06:47:19.538 - Pre-Reading DOFLinx.ini startup config file details
20-Nov-25 06:47:19.566 * Processing parameter 'DEBUG' with data '69' not in real-time
20-Nov-25 06:47:19.567 - DEBUG enabled with showing of window True
20-Nov-25 06:47:19.567 * Special logging flag enabled with window turned on
20-Nov-25 06:47:19.567 - DEBUG enabled with showing of window True
20-Nov-25 06:47:19.574 * PacLED64 board found - not fully implemented
20-Nov-25 06:47:19.574 - Opening device #1 PacLED64 ID#1 named  with 64 outputs
20-Nov-25 06:47:19.576 * Starting monitoring of keyboard = /dev/input/by-path/platform-xhci-hcd.1-usb-0:2:1.0-event-kbd
20-Nov-25 06:47:19.577 - Reading DOFLinx.ini startup config file details
20-Nov-25 06:47:19.577 * Processing parameter 'DEBUG' with data '69' not in real-time
20-Nov-25 06:47:19.577 - DEBUG enabled with showing of window True
20-Nov-25 06:47:19.577 * Special logging flag enabled with window turned on
20-Nov-25 06:47:19.577 * Processing parameter 'COLOUR_FILE' with data './config/colours.ini' not in real-time
20-Nov-25 06:47:19.577 - Reading colour file named ./config/colours.ini
20-Nov-25 06:47:19.580 * Processing parameter 'PATH_MAME' with data './mame/' not in real-time
20-Nov-25 06:47:19.581 * Processing parameter 'PATH_PIXELCADE' with data './pixelcade/' not in real-time
20-Nov-25 06:47:19.581 - The path './pixelcade/' does not exist
20-Nov-25 06:47:19.581 * Processing parameter 'MAME_FOLDER' with data '/usr/games/' not in real-time
20-Nov-25 06:47:19.581 * Processing parameter 'PROCESSES' with data 'retroarch' not in real-time
20-Nov-25 06:47:19.581 * Processing parameter 'MAME_PROCESS' with data 'retroarch' not in real-time
20-Nov-25 06:47:19.581 * Processing parameter 'MAME_RETROARCH_NCI' with data '1' not in real-time
20-Nov-25 06:47:19.592 * Processing parameter 'PIXELCADE_LCD_USE_NETWORK_ADDRESS' with data '1' not in real-time
20-Nov-25 06:47:19.592 * Processing parameter 'PIXELCADE_MENU_HIGHSCORE' with data '1' not in real-time
20-Nov-25 06:47:19.592 * Processing parameter 'PIXELCADE_GAME_START_HIGHSCORE' with data '1' not in real-time
20-Nov-25 06:47:19.592 * Processing parameter 'RGB_STYLE' with data 'RANDOM' not in real-time
20-Nov-25 06:47:19.592 * Processing parameter 'RGB_TRIGGER' with data 'TIME' not in real-time
20-Nov-25 06:47:19.592 * Processing parameter 'RGB_MIN_TIME' with data '1000' not in real-time
20-Nov-25 06:47:19.592 * Processing parameter 'LINK_BUT_CN' with data '0000,Orange,6' not in real-time
20-Nov-25 06:47:19.596 * Processing parameter 'LINK_BUT_EX' with data '0000,Amber,1' not in real-time
20-Nov-25 06:47:19.596 * Processing parameter 'LINK_BUT_J1' with data '0000,Random,0' not in real-time
20-Nov-25 06:47:19.596 * Processing parameter 'LINK_BUT_ST' with data '0000,White,6' not in real-time
20-Nov-25 06:47:19.596 * Processing parameter 'LINK_BUT_RE' with data '0000,Orange_Red,61' not in real-time
20-Nov-25 06:47:19.596 * Processing parameter 'LINK_BUT_PS' with data '0000,Deep_Pink,25' not in real-time
20-Nov-25 06:47:19.596 * Processing parameter 'LINK_BUT_P1' with data '0000,Cyan,2' not in real-time
20-Nov-25 06:47:19.596 * Processing parameter 'LINK_BUT_P2' with data '0000,Orchid,3' not in real-time
20-Nov-25 06:47:19.596 * Processing parameter 'LINK_BUT_B1' with data '0000,Green,29' not in real-time
20-Nov-25 06:47:19.596 * Processing parameter 'LINK_BUT_B2' with data '0000,Red,56' not in real-time
20-Nov-25 06:47:19.596 * Processing parameter 'LINK_BUT_B3' with data '0000,Yellow,57' not in real-time
20-Nov-25 06:47:19.596 * Processing parameter 'LINK_BUT_B4' with data '0000,Blue,00' not in real-time
20-Nov-25 06:47:19.596 * Processing parameter 'LINK_BUT_B5' with data '0000,Blue,44' not in real-time
20-Nov-25 06:47:19.596 * Processing parameter 'LINK_BUT_B6' with data '0000,Blue,45' not in real-time
20-Nov-25 06:47:19.596 * Processing parameter 'LINK_BUT_CH' with data '0000,Deep_Pink,64' not in real-time
20-Nov-25 06:47:19.596 * Processing parameter 'LINK_BUT_MN' with data '0000,Yellow,15' not in real-time
20-Nov-25 06:47:19.596 - DEBUG enabled with showing of window True
20-Nov-25 06:47:19.638 - No pixelcade.ini or settings.ini file could be found in the PATH_PIXELCADE= location
20-Nov-25 06:47:19.649 * 
20-Nov-25 06:47:19.651 - /usr/games/retroarch for game names was not found
20-Nov-25 06:47:19.652 - Trigger thread starting
20-Nov-25 06:47:19.661 * No menu.ini found
20-Nov-25 06:47:28.156 - Processing incoming message - TEST_PORT=1002,1000
20-Nov-25 06:47:28.156 - Processing parameter 'TEST_PORT' with data '1002,1000' in real-time
20-Nov-25 06:47:28.156 - Turning ON device/port 1002 for 1000 mS
20-Nov-25 06:47:28.159 * USB write to /dev/hidraw2 with data 1,255,
20-Nov-25 06:47:29.161 - Turning OFF device/port 1002
20-Nov-25 06:47:29.161 * USB write to /dev/hidraw2 with data 1,0,
20-Nov-25 06:47:37.920 - Processing incoming message - TEST_PORT=1002,1000
20-Nov-25 06:47:37.920 - Processing parameter 'TEST_PORT' with data '1002,1000' in real-time
20-Nov-25 06:47:37.920 - Turning ON device/port 1002 for 1000 mS
20-Nov-25 06:47:37.920 * USB write to /dev/hidraw2 with data 1,255,
20-Nov-25 06:47:38.920 - Turning OFF device/port 1002
20-Nov-25 06:47:38.920 * USB write to /dev/hidraw2 with data 1,0,
20-Nov-25 06:47:46.307 - Processing incoming message - TEST_PORT=1002,1000
20-Nov-25 06:47:46.307 - Processing parameter 'TEST_PORT' with data '1002,1000' in real-time
20-Nov-25 06:47:46.307 - Turning ON device/port 1002 for 1000 mS
20-Nov-25 06:47:46.307 * USB write to /dev/hidraw2 with data 1,255,
20-Nov-25 06:47:47.307 - Turning OFF device/port 1002
20-Nov-25 06:47:47.307 * USB write to /dev/hidraw2 with data 1,0,
20-Nov-25 06:47:51.064 - Processing incoming message - TEST_PORT=1001,1000
20-Nov-25 06:47:51.064 - Processing parameter 'TEST_PORT' with data '1001,1000' in real-time
20-Nov-25 06:47:51.064 - Turning ON device/port 1001 for 1000 mS
20-Nov-25 06:47:51.064 * USB write to /dev/hidraw2 with data 0,255,
20-Nov-25 06:47:52.064 - Turning OFF device/port 1001
20-Nov-25 06:47:52.064 * USB write to /dev/hidraw2 with data 0,0,
20-Nov-25 06:47:57.571 - Processing incoming message - TEST_PORT=1001,1000
20-Nov-25 06:47:57.571 - Processing parameter 'TEST_PORT' with data '1001,1000' in real-time
20-Nov-25 06:47:57.571 - Turning ON device/port 1001 for 1000 mS
20-Nov-25 06:47:57.571 * USB write to /dev/hidraw2 with data 0,255,
20-Nov-25 06:47:58.571 - Turning OFF device/port 1001
20-Nov-25 06:47:58.571 * USB write to /dev/hidraw2 with data 0,0,
20-Nov-25 06:48:35.744 - Processing incoming message - QUIT
20-Nov-25 06:48:35.744 - Processing parameter 'QUIT' with data '' in real-time
20-Nov-25 06:48:35.745 - Shutting down
20-Nov-25 06:48:35.746 * USB write to /dev/hidraw2 with data 81,0,
20-Nov-25 06:48:35.746 * USB write to /dev/hidraw2 with data 82,0,
20-Nov-25 06:48:35.748 * USB write to /dev/hidraw2 with data 83,0,
20-Nov-25 06:48:35.748 * USB write to /dev/hidraw2 with data 84,0,
20-Nov-25 06:48:35.748 * USB write to /dev/hidraw2 with data 85,0,
20-Nov-25 06:48:35.748 * USB write to /dev/hidraw2 with data 86,0,
20-Nov-25 06:48:35.748 * USB write to /dev/hidraw2 with data 87,0,
20-Nov-25 06:48:35.748 * USB write to /dev/hidraw2 with data 88,0,
20-Nov-25 06:48:35.751 - Program close
20-Nov-25 06:49:12.738 - DEBUG enabled with showing of window True
20-Nov-25 06:49:12.750 * BETA logging flag enabled
20-Nov-25 06:49:12.750 - ***************************************************************
20-Nov-25 06:49:12.750 - Linux DOFLinx for Pinball and MAME Emulators - DOFLinx by DDH69
20-Nov-25 06:49:12.750 - Starting up - version 1.04 Beta 1
20-Nov-25 06:49:12.750 - ***************************************************************
20-Nov-25 06:49:12.752 - Linux OS on Arm64 processor with 64 bit operating system and 64 bit application
20-Nov-25 06:49:12.752 - If you like it, please make a donation here https://www.paypal.com/donate?hosted_button_id=YEPCTUYFX5KDE
20-Nov-25 06:49:12.752 - The guide can be found here https://doflinx.github.io/docs/
20-Nov-25 06:49:12.752 - For support come and visit the community here https://www.vpforums.org/index.php?showforum=104
20-Nov-25 06:49:12.753 - Pre-Reading DOFLinx.ini startup config file details
20-Nov-25 06:49:12.783 * Processing parameter 'DEBUG' with data '69' not in real-time
20-Nov-25 06:49:12.783 - DEBUG enabled with showing of window True
20-Nov-25 06:49:12.783 * Special logging flag enabled with window turned on
20-Nov-25 06:49:12.784 - DEBUG enabled with showing of window True
20-Nov-25 06:49:12.790 * PacLED64 board found - not fully implemented
20-Nov-25 06:49:12.791 - Opening device #1 PacLED64 ID#1 named  with 64 outputs
20-Nov-25 06:49:12.793 * Starting monitoring of keyboard = /dev/input/by-path/platform-xhci-hcd.1-usb-0:2:1.0-event-kbd
20-Nov-25 06:49:12.794 - Reading DOFLinx.ini startup config file details
20-Nov-25 06:49:12.794 * Processing parameter 'DEBUG' with data '69' not in real-time
20-Nov-25 06:49:12.794 - DEBUG enabled with showing of window True
20-Nov-25 06:49:12.794 * Special logging flag enabled with window turned on
20-Nov-25 06:49:12.794 * Processing parameter 'COLOUR_FILE' with data './config/colours.ini' not in real-time
20-Nov-25 06:49:12.794 - Reading colour file named ./config/colours.ini
20-Nov-25 06:49:12.797 * Processing parameter 'PATH_MAME' with data './mame/' not in real-time
20-Nov-25 06:49:12.797 * Processing parameter 'PATH_PIXELCADE' with data './pixelcade/' not in real-time
20-Nov-25 06:49:12.798 - The path './pixelcade/' does not exist
20-Nov-25 06:49:12.798 * Processing parameter 'MAME_FOLDER' with data '/usr/games/' not in real-time
20-Nov-25 06:49:12.798 * Processing parameter 'PROCESSES' with data 'retroarch' not in real-time
20-Nov-25 06:49:12.798 * Processing parameter 'MAME_PROCESS' with data 'retroarch' not in real-time
20-Nov-25 06:49:12.798 * Processing parameter 'MAME_RETROARCH_NCI' with data '1' not in real-time
20-Nov-25 06:49:12.809 * Processing parameter 'PIXELCADE_LCD_USE_NETWORK_ADDRESS' with data '1' not in real-time
20-Nov-25 06:49:12.809 * Processing parameter 'PIXELCADE_MENU_HIGHSCORE' with data '1' not in real-time
20-Nov-25 06:49:12.809 * Processing parameter 'PIXELCADE_GAME_START_HIGHSCORE' with data '1' not in real-time
20-Nov-25 06:49:12.809 * Processing parameter 'RGB_STYLE' with data 'RANDOM' not in real-time
20-Nov-25 06:49:12.809 * Processing parameter 'RGB_TRIGGER' with data 'TIME' not in real-time
20-Nov-25 06:49:12.809 * Processing parameter 'RGB_MIN_TIME' with data '1000' not in real-time
20-Nov-25 06:49:12.810 * Processing parameter 'LINK_BUT_CN' with data '0000,Orange,6' not in real-time
20-Nov-25 06:49:12.814 * Processing parameter 'LINK_BUT_EX' with data '0000,Amber,1' not in real-time
20-Nov-25 06:49:12.814 * Processing parameter 'LINK_BUT_J1' with data '0000,Random,0' not in real-time
20-Nov-25 06:49:12.814 * Processing parameter 'LINK_BUT_ST' with data '0000,White,6' not in real-time
20-Nov-25 06:49:12.814 * Processing parameter 'LINK_BUT_RE' with data '0000,Orange_Red,61' not in real-time
20-Nov-25 06:49:12.814 * Processing parameter 'LINK_BUT_PS' with data '0000,Deep_Pink,25' not in real-time
20-Nov-25 06:49:12.814 * Processing parameter 'LINK_BUT_P1' with data '0000,Cyan,2' not in real-time
20-Nov-25 06:49:12.814 * Processing parameter 'LINK_BUT_P2' with data '0000,Orchid,3' not in real-time
20-Nov-25 06:49:12.814 * Processing parameter 'LINK_BUT_B1' with data '0000,Green,29' not in real-time
20-Nov-25 06:49:12.814 * Processing parameter 'LINK_BUT_B2' with data '0000,Red,56' not in real-time
20-Nov-25 06:49:12.814 * Processing parameter 'LINK_BUT_B3' with data '0000,Yellow,57' not in real-time
20-Nov-25 06:49:12.814 * Processing parameter 'LINK_BUT_B4' with data '0000,Blue,00' not in real-time
20-Nov-25 06:49:12.815 * Processing parameter 'LINK_BUT_B5' with data '0000,Blue,44' not in real-time
20-Nov-25 06:49:12.815 * Processing parameter 'LINK_BUT_B6' with data '0000,Blue,45' not in real-time
20-Nov-25 06:49:12.815 * Processing parameter 'LINK_BUT_CH' with data '0000,Deep_Pink,64' not in real-time
20-Nov-25 06:49:12.815 * Processing parameter 'LINK_BUT_MN' with data '0000,Yellow,15' not in real-time
20-Nov-25 06:49:12.815 - DEBUG enabled with showing of window True
20-Nov-25 06:49:12.856 - No pixelcade.ini or settings.ini file could be found in the PATH_PIXELCADE= location
20-Nov-25 06:49:12.867 * 
20-Nov-25 06:49:12.869 - /usr/games/retroarch for game names was not found
20-Nov-25 06:49:12.871 - Trigger thread starting
20-Nov-25 06:49:12.884 * No menu.ini found
20-Nov-25 06:49:19.891 - Processing incoming message - TEST_PORT=1002,1000
20-Nov-25 06:49:19.891 - Processing parameter 'TEST_PORT' with data '1002,1000' in real-time
20-Nov-25 06:49:19.891 - Turning ON device/port 1002 for 1000 mS
20-Nov-25 06:49:19.894 * USB write to /dev/hidraw2 with data 1,255,0,0,0,
20-Nov-25 06:49:20.896 - Turning OFF device/port 1002
20-Nov-25 06:49:20.896 * USB write to /dev/hidraw2 with data 1,0,0,0,0,
20-Nov-25 06:49:26.237 - Processing incoming message - TEST_PORT=1001,1000
20-Nov-25 06:49:26.237 - Processing parameter 'TEST_PORT' with data '1001,1000' in real-time
20-Nov-25 06:49:26.237 - Turning ON device/port 1001 for 1000 mS
20-Nov-25 06:49:26.237 * USB write to /dev/hidraw2 with data 0,255,0,0,0,
20-Nov-25 06:49:27.237 - Turning OFF device/port 1001
20-Nov-25 06:49:27.237 * USB write to /dev/hidraw2 with data 0,0,0,0,0,
20-Nov-25 06:49:33.904 - Processing incoming message - TEST_PORT=1001,1000
20-Nov-25 06:49:33.904 - Processing parameter 'TEST_PORT' with data '1001,1000' in real-time
20-Nov-25 06:49:33.904 - Turning ON device/port 1001 for 1000 mS
20-Nov-25 06:49:33.904 * USB write to /dev/hidraw2 with data 0,255,0,0,0,
20-Nov-25 06:49:34.904 - Turning OFF device/port 1001
20-Nov-25 06:49:34.904 * USB write to /dev/hidraw2 with data 0,0,0,0,0,
20-Nov-25 06:49:42.497 - Processing incoming message - TEST_PORT=1001,1000
20-Nov-25 06:49:42.497 - Processing parameter 'TEST_PORT' with data '1001,1000' in real-time
20-Nov-25 06:49:42.497 - Turning ON device/port 1001 for 1000 mS
20-Nov-25 06:49:42.497 * USB write to /dev/hidraw2 with data 0,255,0,0,0,
20-Nov-25 06:49:43.497 - Turning OFF device/port 1001
20-Nov-25 06:49:43.497 * USB write to /dev/hidraw2 with data 0,0,0,0,0,
20-Nov-25 06:49:45.812 - Processing incoming message - TEST_PORT=1001,1000
20-Nov-25 06:49:45.812 - Processing parameter 'TEST_PORT' with data '1001,1000' in real-time
20-Nov-25 06:49:45.812 - Turning ON device/port 1001 for 1000 mS
20-Nov-25 06:49:45.812 * USB write to /dev/hidraw2 with data 0,255,0,0,0,
20-Nov-25 06:49:46.812 - Turning OFF device/port 1001
20-Nov-25 06:49:46.812 * USB write to /dev/hidraw2 with data 0,0,0,0,0,
20-Nov-25 06:49:56.153 - Processing incoming message - TEST_PORT=1002,1000
20-Nov-25 06:49:56.153 - Processing parameter 'TEST_PORT' with data '1002,1000' in real-time
20-Nov-25 06:49:56.154 - Turning ON device/port 1002 for 1000 mS
20-Nov-25 06:49:56.154 * USB write to /dev/hidraw2 with data 1,255,0,0,0,
20-Nov-25 06:49:57.154 - Turning OFF device/port 1002
20-Nov-25 06:49:57.154 * USB write to /dev/hidraw2 with data 1,0,0,0,0,
20-Nov-25 06:50:06.013 - Processing incoming message - QUIT
20-Nov-25 06:50:06.014 - Processing parameter 'QUIT' with data '' in real-time
20-Nov-25 06:50:06.014 - Shutting down
20-Nov-25 06:50:06.016 * USB write to /dev/hidraw2 with data 81,0,
20-Nov-25 06:50:06.016 * USB write to /dev/hidraw2 with data 82,0,
20-Nov-25 06:50:06.017 * USB write to /dev/hidraw2 with data 83,0,
20-Nov-25 06:50:06.017 * USB write to /dev/hidraw2 with data 84,0,
20-Nov-25 06:50:06.017 * USB write to /dev/hidraw2 with data 85,0,
20-Nov-25 06:50:06.017 * USB write to /dev/hidraw2 with data 86,0,
20-Nov-25 06:50:06.017 * USB write to /dev/hidraw2 with data 87,0,
20-Nov-25 06:50:06.017 * USB write to /dev/hidraw2 with data 88,0,
20-Nov-25 06:50:06.021 - Program close
20-Nov-25 06:58:58.114 - DEBUG enabled with showing of window True
20-Nov-25 06:58:58.128 * BETA logging flag enabled
20-Nov-25 06:58:58.128 - ***************************************************************
20-Nov-25 06:58:58.128 - Linux DOFLinx for Pinball and MAME Emulators - DOFLinx by DDH69
20-Nov-25 06:58:58.128 - Starting up - version 1.04 Beta 1
20-Nov-25 06:58:58.128 - ***************************************************************
20-Nov-25 06:58:58.130 - Linux OS on Arm64 processor with 64 bit operating system and 64 bit application
20-Nov-25 06:58:58.130 - If you like it, please make a donation here https://www.paypal.com/donate?hosted_button_id=YEPCTUYFX5KDE
20-Nov-25 06:58:58.130 - The guide can be found here https://doflinx.github.io/docs/
20-Nov-25 06:58:58.130 - For support come and visit the community here https://www.vpforums.org/index.php?showforum=104
20-Nov-25 06:58:58.131 - Pre-Reading DOFLinx.ini startup config file details
20-Nov-25 06:58:58.161 * Processing parameter 'DEBUG' with data '69' not in real-time
20-Nov-25 06:58:58.162 - DEBUG enabled with showing of window True
20-Nov-25 06:58:58.162 * Special logging flag enabled with window turned on
20-Nov-25 06:58:58.162 - DEBUG enabled with showing of window True
20-Nov-25 06:58:58.169 * PacLED64 board found - not fully implemented
20-Nov-25 06:58:58.169 - Opening device #1 PacLED64 ID#1 named  with 64 outputs
20-Nov-25 06:58:58.171 * Starting monitoring of keyboard = /dev/input/by-path/platform-xhci-hcd.1-usb-0:2:1.0-event-kbd
20-Nov-25 06:58:58.172 - Reading DOFLinx.ini startup config file details
20-Nov-25 06:58:58.172 * Processing parameter 'DEBUG' with data '69' not in real-time
20-Nov-25 06:58:58.172 - DEBUG enabled with showing of window True
20-Nov-25 06:58:58.172 * Special logging flag enabled with window turned on
20-Nov-25 06:58:58.172 * Processing parameter 'COLOUR_FILE' with data './config/colours.ini' not in real-time
20-Nov-25 06:58:58.173 - Reading colour file named ./config/colours.ini
20-Nov-25 06:58:58.175 * Processing parameter 'PATH_MAME' with data './mame/' not in real-time
20-Nov-25 06:58:58.176 * Processing parameter 'PATH_PIXELCADE' with data './pixelcade/' not in real-time
20-Nov-25 06:58:58.176 - The path './pixelcade/' does not exist
20-Nov-25 06:58:58.176 * Processing parameter 'MAME_FOLDER' with data '/usr/games/' not in real-time
20-Nov-25 06:58:58.176 * Processing parameter 'PROCESSES' with data 'retroarch' not in real-time
20-Nov-25 06:58:58.177 * Processing parameter 'MAME_PROCESS' with data 'retroarch' not in real-time
20-Nov-25 06:58:58.177 * Processing parameter 'MAME_RETROARCH_NCI' with data '1' not in real-time
20-Nov-25 06:58:58.188 * Processing parameter 'PIXELCADE_LCD_USE_NETWORK_ADDRESS' with data '1' not in real-time
20-Nov-25 06:58:58.188 * Processing parameter 'PIXELCADE_MENU_HIGHSCORE' with data '1' not in real-time
20-Nov-25 06:58:58.188 * Processing parameter 'PIXELCADE_GAME_START_HIGHSCORE' with data '1' not in real-time
20-Nov-25 06:58:58.188 * Processing parameter 'RGB_STYLE' with data 'RANDOM' not in real-time
20-Nov-25 06:58:58.188 * Processing parameter 'RGB_TRIGGER' with data 'TIME' not in real-time
20-Nov-25 06:58:58.188 * Processing parameter 'RGB_MIN_TIME' with data '1000' not in real-time
20-Nov-25 06:58:58.189 * Processing parameter 'LINK_BUT_CN' with data '0000,Orange,6' not in real-time
20-Nov-25 06:58:58.193 * Processing parameter 'LINK_BUT_EX' with data '0000,Amber,1' not in real-time
20-Nov-25 06:58:58.193 * Processing parameter 'LINK_BUT_J1' with data '0000,Random,0' not in real-time
20-Nov-25 06:58:58.193 * Processing parameter 'LINK_BUT_ST' with data '0000,White,6' not in real-time
20-Nov-25 06:58:58.193 * Processing parameter 'LINK_BUT_RE' with data '0000,Orange_Red,61' not in real-time
20-Nov-25 06:58:58.193 * Processing parameter 'LINK_BUT_PS' with data '0000,Deep_Pink,25' not in real-time
20-Nov-25 06:58:58.194 * Processing parameter 'LINK_BUT_P1' with data '0000,Cyan,2' not in real-time
20-Nov-25 06:58:58.194 * Processing parameter 'LINK_BUT_P2' with data '0000,Orchid,3' not in real-time
20-Nov-25 06:58:58.194 * Processing parameter 'LINK_BUT_B1' with data '0000,Green,29' not in real-time
20-Nov-25 06:58:58.194 * Processing parameter 'LINK_BUT_B2' with data '0000,Red,56' not in real-time
20-Nov-25 06:58:58.194 * Processing parameter 'LINK_BUT_B3' with data '0000,Yellow,57' not in real-time
20-Nov-25 06:58:58.194 * Processing parameter 'LINK_BUT_B4' with data '0000,Blue,00' not in real-time
20-Nov-25 06:58:58.194 * Processing parameter 'LINK_BUT_B5' with data '0000,Blue,44' not in real-time
20-Nov-25 06:58:58.194 * Processing parameter 'LINK_BUT_B6' with data '0000,Blue,45' not in real-time
20-Nov-25 06:58:58.194 * Processing parameter 'LINK_BUT_CH' with data '0000,Deep_Pink,64' not in real-time
20-Nov-25 06:58:58.194 * Processing parameter 'LINK_BUT_MN' with data '0000,Yellow,15' not in real-time
20-Nov-25 06:58:58.194 - DEBUG enabled with showing of window True
20-Nov-25 06:58:58.236 - No pixelcade.ini or settings.ini file could be found in the PATH_PIXELCADE= location
20-Nov-25 06:58:58.249 * 
20-Nov-25 06:58:58.252 - /usr/games/retroarch for game names was not found
20-Nov-25 06:58:58.254 - Trigger thread starting
20-Nov-25 06:58:58.264 * No menu.ini found
20-Nov-25 06:59:03.600 - Processing incoming message - TEST_PORT=1002,1000
20-Nov-25 06:59:03.600 - Processing parameter 'TEST_PORT' with data '1002,1000' in real-time
20-Nov-25 06:59:03.600 - Turning ON device/port 1002 for 1000 mS
20-Nov-25 06:59:03.603 * USB write to /dev/hidraw2 with data 81,3,
20-Nov-25 06:59:03.605 * USB write to /dev/hidraw2 with data 1,255,
20-Nov-25 06:59:04.606 - Turning OFF device/port 1002
20-Nov-25 06:59:04.608 * USB write to /dev/hidraw2 with data 81,3,
20-Nov-25 06:59:04.608 * USB write to /dev/hidraw2 with data 1,0,
20-Nov-25 06:59:58.148 - Processing incoming message - QUIT
20-Nov-25 06:59:58.148 - Processing parameter 'QUIT' with data '' in real-time
20-Nov-25 06:59:58.151 - Shutting down
20-Nov-25 06:59:58.153 * USB write to /dev/hidraw2 with data 81,0,
20-Nov-25 06:59:58.153 * USB write to /dev/hidraw2 with data 82,0,
20-Nov-25 06:59:58.153 * USB write to /dev/hidraw2 with data 83,0,
20-Nov-25 06:59:58.153 * USB write to /dev/hidraw2 with data 84,0,
20-Nov-25 06:59:58.153 * USB write to /dev/hidraw2 with data 85,0,
20-Nov-25 06:59:58.153 * USB write to /dev/hidraw2 with data 86,0,
20-Nov-25 06:59:58.153 * USB write to /dev/hidraw2 with data 87,0,
20-Nov-25 06:59:58.153 * USB write to /dev/hidraw2 with data 88,0,
20-Nov-25 06:59:58.155 - Program close
20-Nov-25 07:05:11.235 - DEBUG enabled with showing of window True
20-Nov-25 07:05:11.246 * BETA logging flag enabled
20-Nov-25 07:05:11.247 - ***************************************************************
20-Nov-25 07:05:11.247 - Linux DOFLinx for Pinball and MAME Emulators - DOFLinx by DDH69
20-Nov-25 07:05:11.247 - Starting up - version 1.04 Beta 1
20-Nov-25 07:05:11.247 - ***************************************************************
20-Nov-25 07:05:11.248 - Linux OS on Arm64 processor with 64 bit operating system and 64 bit application
20-Nov-25 07:05:11.248 - If you like it, please make a donation here https://www.paypal.com/donate?hosted_button_id=YEPCTUYFX5KDE
20-Nov-25 07:05:11.248 - The guide can be found here https://doflinx.github.io/docs/
20-Nov-25 07:05:11.248 - For support come and visit the community here https://www.vpforums.org/index.php?showforum=104
20-Nov-25 07:05:11.249 - Pre-Reading DOFLinx.ini startup config file details
20-Nov-25 07:05:11.280 * Processing parameter 'DEBUG' with data '69' not in real-time
20-Nov-25 07:05:11.280 - DEBUG enabled with showing of window True
20-Nov-25 07:05:11.280 * Special logging flag enabled with window turned on
20-Nov-25 07:05:11.280 - DEBUG enabled with showing of window True
20-Nov-25 07:05:11.287 * PacLED64 board found - not fully implemented
20-Nov-25 07:05:11.288 - Opening device #1 PacLED64 ID#1 named  with 64 outputs
20-Nov-25 07:05:11.289 * Starting monitoring of keyboard = /dev/input/by-path/platform-xhci-hcd.1-usb-0:2:1.0-event-kbd
20-Nov-25 07:05:11.290 - Reading DOFLinx.ini startup config file details
20-Nov-25 07:05:11.290 * Processing parameter 'DEBUG' with data '69' not in real-time
20-Nov-25 07:05:11.290 - DEBUG enabled with showing of window True
20-Nov-25 07:05:11.290 * Special logging flag enabled with window turned on
20-Nov-25 07:05:11.290 * Processing parameter 'COLOUR_FILE' with data './config/colours.ini' not in real-time
20-Nov-25 07:05:11.291 - Reading colour file named ./config/colours.ini
20-Nov-25 07:05:11.294 * Processing parameter 'PATH_MAME' with data './mame/' not in real-time
20-Nov-25 07:05:11.294 * Processing parameter 'PATH_PIXELCADE' with data './pixelcade/' not in real-time
20-Nov-25 07:05:11.295 - The path './pixelcade/' does not exist
20-Nov-25 07:05:11.295 * Processing parameter 'MAME_FOLDER' with data '/usr/games/' not in real-time
20-Nov-25 07:05:11.295 * Processing parameter 'PROCESSES' with data 'retroarch' not in real-time
20-Nov-25 07:05:11.295 * Processing parameter 'MAME_PROCESS' with data 'retroarch' not in real-time
20-Nov-25 07:05:11.295 * Processing parameter 'MAME_RETROARCH_NCI' with data '1' not in real-time
20-Nov-25 07:05:11.306 * Processing parameter 'PIXELCADE_LCD_USE_NETWORK_ADDRESS' with data '1' not in real-time
20-Nov-25 07:05:11.306 * Processing parameter 'PIXELCADE_MENU_HIGHSCORE' with data '1' not in real-time
20-Nov-25 07:05:11.306 * Processing parameter 'PIXELCADE_GAME_START_HIGHSCORE' with data '1' not in real-time
20-Nov-25 07:05:11.306 * Processing parameter 'RGB_STYLE' with data 'RANDOM' not in real-time
20-Nov-25 07:05:11.306 * Processing parameter 'RGB_TRIGGER' with data 'TIME' not in real-time
20-Nov-25 07:05:11.306 * Processing parameter 'RGB_MIN_TIME' with data '1000' not in real-time
20-Nov-25 07:05:11.307 * Processing parameter 'LINK_BUT_CN' with data '0000,Orange,6' not in real-time
20-Nov-25 07:05:11.310 * Processing parameter 'LINK_BUT_EX' with data '0000,Amber,1' not in real-time
20-Nov-25 07:05:11.310 * Processing parameter 'LINK_BUT_J1' with data '0000,Random,0' not in real-time
20-Nov-25 07:05:11.310 * Processing parameter 'LINK_BUT_ST' with data '0000,White,6' not in real-time
20-Nov-25 07:05:11.310 * Processing parameter 'LINK_BUT_RE' with data '0000,Orange_Red,61' not in real-time
20-Nov-25 07:05:11.311 * Processing parameter 'LINK_BUT_PS' with data '0000,Deep_Pink,25' not in real-time
20-Nov-25 07:05:11.311 * Processing parameter 'LINK_BUT_P1' with data '0000,Cyan,2' not in real-time
20-Nov-25 07:05:11.311 * Processing parameter 'LINK_BUT_P2' with data '0000,Orchid,3' not in real-time
20-Nov-25 07:05:11.311 * Processing parameter 'LINK_BUT_B1' with data '0000,Green,29' not in real-time
20-Nov-25 07:05:11.311 * Processing parameter 'LINK_BUT_B2' with data '0000,Red,56' not in real-time
20-Nov-25 07:05:11.311 * Processing parameter 'LINK_BUT_B3' with data '0000,Yellow,57' not in real-time
20-Nov-25 07:05:11.311 * Processing parameter 'LINK_BUT_B4' with data '0000,Blue,00' not in real-time
20-Nov-25 07:05:11.311 * Processing parameter 'LINK_BUT_B5' with data '0000,Blue,44' not in real-time
20-Nov-25 07:05:11.311 * Processing parameter 'LINK_BUT_B6' with data '0000,Blue,45' not in real-time
20-Nov-25 07:05:11.311 * Processing parameter 'LINK_BUT_CH' with data '0000,Deep_Pink,64' not in real-time
20-Nov-25 07:05:11.311 * Processing parameter 'LINK_BUT_MN' with data '0000,Yellow,15' not in real-time
20-Nov-25 07:05:11.311 - DEBUG enabled with showing of window True
20-Nov-25 07:05:11.353 - No pixelcade.ini or settings.ini file could be found in the PATH_PIXELCADE= location
20-Nov-25 07:05:11.364 * 
20-Nov-25 07:05:11.365 - /usr/games/retroarch for game names was not found
20-Nov-25 07:05:11.367 - Trigger thread starting
20-Nov-25 07:05:11.379 * No menu.ini found
20-Nov-25 07:05:17.471 - Processing incoming message - TEST_PORT=1002,1000
20-Nov-25 07:05:17.471 - Processing parameter 'TEST_PORT' with data '1002,1000' in real-time
20-Nov-25 07:05:17.471 - Turning ON device/port 1002 for 1000 mS
20-Nov-25 07:05:17.476 * USB write to /dev/hidraw2 with data 1,255,
20-Nov-25 07:05:18.480 - Turning OFF device/port 1002
20-Nov-25 07:05:18.480 * USB write to /dev/hidraw2 with data 1,0,
20-Nov-25 07:05:47.729 - Processing incoming message - QUIT
20-Nov-25 07:05:47.729 - Processing parameter 'QUIT' with data '' in real-time
20-Nov-25 07:05:47.735 - Shutting down
20-Nov-25 07:05:47.737 * USB write to /dev/hidraw2 with data 81,0,
20-Nov-25 07:05:47.737 * USB write to /dev/hidraw2 with data 82,0,
20-Nov-25 07:05:47.738 * USB write to /dev/hidraw2 with data 83,0,
20-Nov-25 07:05:47.738 * USB write to /dev/hidraw2 with data 84,0,
20-Nov-25 07:05:47.738 * USB write to /dev/hidraw2 with data 85,0,
20-Nov-25 07:05:47.738 * USB write to /dev/hidraw2 with data 86,0,
20-Nov-25 07:05:47.738 * USB write to /dev/hidraw2 with data 87,0,
20-Nov-25 07:05:47.738 * USB write to /dev/hidraw2 with data 88,0,
20-Nov-25 07:05:47.741 - Program close
20-Nov-25 07:07:46.351 - DEBUG enabled with showing of window True
20-Nov-25 07:07:46.363 * BETA logging flag enabled
20-Nov-25 07:07:46.363 - ***************************************************************
20-Nov-25 07:07:46.363 - Linux DOFLinx for Pinball and MAME Emulators - DOFLinx by DDH69
20-Nov-25 07:07:46.363 - Starting up - version 1.04 Beta 1
20-Nov-25 07:07:46.363 - ***************************************************************
20-Nov-25 07:07:46.365 - Linux OS on Arm64 processor with 64 bit operating system and 64 bit application
20-Nov-25 07:07:46.365 - If you like it, please make a donation here https://www.paypal.com/donate?hosted_button_id=YEPCTUYFX5KDE
20-Nov-25 07:07:46.365 - The guide can be found here https://doflinx.github.io/docs/
20-Nov-25 07:07:46.365 - For support come and visit the community here https://www.vpforums.org/index.php?showforum=104
20-Nov-25 07:07:46.366 - Pre-Reading DOFLinx.ini startup config file details
20-Nov-25 07:07:46.395 * Processing parameter 'DEBUG' with data '69' not in real-time
20-Nov-25 07:07:46.395 - DEBUG enabled with showing of window True
20-Nov-25 07:07:46.395 * Special logging flag enabled with window turned on
20-Nov-25 07:07:46.395 - DEBUG enabled with showing of window True
20-Nov-25 07:07:46.402 * PacLED64 board found - not fully implemented
20-Nov-25 07:07:46.403 - Opening device #1 PacLED64 ID#1 named  with 64 outputs
20-Nov-25 07:07:46.404 * Starting monitoring of keyboard = /dev/input/by-path/platform-xhci-hcd.1-usb-0:2:1.0-event-kbd
20-Nov-25 07:07:46.405 - Reading DOFLinx.ini startup config file details
20-Nov-25 07:07:46.405 * Processing parameter 'DEBUG' with data '69' not in real-time
20-Nov-25 07:07:46.406 - DEBUG enabled with showing of window True
20-Nov-25 07:07:46.406 * Special logging flag enabled with window turned on
20-Nov-25 07:07:46.406 * Processing parameter 'COLOUR_FILE' with data './config/colours.ini' not in real-time
20-Nov-25 07:07:46.406 - Reading colour file named ./config/colours.ini
20-Nov-25 07:07:46.409 * Processing parameter 'PATH_MAME' with data './mame/' not in real-time
20-Nov-25 07:07:46.410 * Processing parameter 'PATH_PIXELCADE' with data './pixelcade/' not in real-time
20-Nov-25 07:07:46.410 - The path './pixelcade/' does not exist
20-Nov-25 07:07:46.410 * Processing parameter 'MAME_FOLDER' with data '/usr/games/' not in real-time
20-Nov-25 07:07:46.410 * Processing parameter 'PROCESSES' with data 'retroarch' not in real-time
20-Nov-25 07:07:46.410 * Processing parameter 'MAME_PROCESS' with data 'retroarch' not in real-time
20-Nov-25 07:07:46.410 * Processing parameter 'MAME_RETROARCH_NCI' with data '1' not in real-time
20-Nov-25 07:07:46.421 * Processing parameter 'PIXELCADE_LCD_USE_NETWORK_ADDRESS' with data '1' not in real-time
20-Nov-25 07:07:46.422 * Processing parameter 'PIXELCADE_MENU_HIGHSCORE' with data '1' not in real-time
20-Nov-25 07:07:46.422 * Processing parameter 'PIXELCADE_GAME_START_HIGHSCORE' with data '1' not in real-time
20-Nov-25 07:07:46.422 * Processing parameter 'RGB_STYLE' with data 'RANDOM' not in real-time
20-Nov-25 07:07:46.422 * Processing parameter 'RGB_TRIGGER' with data 'TIME' not in real-time
20-Nov-25 07:07:46.422 * Processing parameter 'RGB_MIN_TIME' with data '1000' not in real-time
20-Nov-25 07:07:46.422 * Processing parameter 'LINK_BUT_CN' with data '0000,Orange,6' not in real-time
20-Nov-25 07:07:46.426 * Processing parameter 'LINK_BUT_EX' with data '0000,Amber,1' not in real-time
20-Nov-25 07:07:46.426 * Processing parameter 'LINK_BUT_J1' with data '0000,Random,0' not in real-time
20-Nov-25 07:07:46.426 * Processing parameter 'LINK_BUT_ST' with data '0000,White,6' not in real-time
20-Nov-25 07:07:46.426 * Processing parameter 'LINK_BUT_RE' with data '0000,Orange_Red,61' not in real-time
20-Nov-25 07:07:46.426 * Processing parameter 'LINK_BUT_PS' with data '0000,Deep_Pink,25' not in real-time
20-Nov-25 07:07:46.426 * Processing parameter 'LINK_BUT_P1' with data '0000,Cyan,2' not in real-time
20-Nov-25 07:07:46.426 * Processing parameter 'LINK_BUT_P2' with data '0000,Orchid,3' not in real-time
20-Nov-25 07:07:46.426 * Processing parameter 'LINK_BUT_B1' with data '0000,Green,29' not in real-time
20-Nov-25 07:07:46.426 * Processing parameter 'LINK_BUT_B2' with data '0000,Red,56' not in real-time
20-Nov-25 07:07:46.426 * Processing parameter 'LINK_BUT_B3' with data '0000,Yellow,57' not in real-time
20-Nov-25 07:07:46.426 * Processing parameter 'LINK_BUT_B4' with data '0000,Blue,00' not in real-time
20-Nov-25 07:07:46.426 * Processing parameter 'LINK_BUT_B5' with data '0000,Blue,44' not in real-time
20-Nov-25 07:07:46.426 * Processing parameter 'LINK_BUT_B6' with data '0000,Blue,45' not in real-time
20-Nov-25 07:07:46.426 * Processing parameter 'LINK_BUT_CH' with data '0000,Deep_Pink,64' not in real-time
20-Nov-25 07:07:46.426 * Processing parameter 'LINK_BUT_MN' with data '0000,Yellow,15' not in real-time
20-Nov-25 07:07:46.426 - DEBUG enabled with showing of window True
20-Nov-25 07:07:46.469 - No pixelcade.ini or settings.ini file could be found in the PATH_PIXELCADE= location
20-Nov-25 07:07:46.480 * 
20-Nov-25 07:07:46.481 - /usr/games/retroarch for game names was not found
20-Nov-25 07:07:46.485 - Trigger thread starting
20-Nov-25 07:07:46.496 * No menu.ini found
20-Nov-25 07:08:04.249 - Processing incoming message - TEST_PORT=1002,1000
20-Nov-25 07:08:04.249 - Processing parameter 'TEST_PORT' with data '1002,1000' in real-time
20-Nov-25 07:08:04.249 - Turning ON device/port 1002 for 1000 mS
20-Nov-25 07:08:04.254 * USB write to /dev/hidraw2 with data 1,255,
20-Nov-25 07:08:05.257 - Turning OFF device/port 1002
20-Nov-25 07:08:05.257 * USB write to /dev/hidraw2 with data 1,0,
20-Nov-25 07:09:16.724 - Processing incoming message - TEST_PORT=1001,1000
20-Nov-25 07:09:16.724 - Processing parameter 'TEST_PORT' with data '1001,1000' in real-time
20-Nov-25 07:09:16.724 - Turning ON device/port 1001 for 1000 mS
20-Nov-25 07:09:16.724 * USB write to /dev/hidraw2 with data 0,255,
20-Nov-25 07:09:17.724 - Turning OFF device/port 1001
20-Nov-25 07:09:17.724 * USB write to /dev/hidraw2 with data 0,0,
20-Nov-25 07:09:49.483 - Processing incoming message - TEST_PORT=1001,1000
20-Nov-25 07:09:49.486 - Processing parameter 'TEST_PORT' with data '1001,1000' in real-time
20-Nov-25 07:09:49.486 - Turning ON device/port 1001 for 1000 mS
20-Nov-25 07:09:49.486 * USB write to /dev/hidraw2 with data 0,255,
20-Nov-25 07:09:50.486 - Turning OFF device/port 1001
20-Nov-25 07:09:50.487 * USB write to /dev/hidraw2 with data 0,0,
20-Nov-25 07:10:13.150 - Processing incoming message - TEST_PORT=1002,1000
20-Nov-25 07:10:13.150 - Processing parameter 'TEST_PORT' with data '1002,1000' in real-time
20-Nov-25 07:10:13.151 - Turning ON device/port 1002 for 1000 mS
20-Nov-25 07:10:13.151 * USB write to /dev/hidraw2 with data 1,255,
20-Nov-25 07:10:14.151 - Turning OFF device/port 1002
20-Nov-25 07:10:14.151 * USB write to /dev/hidraw2 with data 1,0,
20-Nov-25 07:10:34.995 - Processing incoming message - QUIT
20-Nov-25 07:10:34.995 - Processing parameter 'QUIT' with data '' in real-time
20-Nov-25 07:10:34.998 - Shutting down
20-Nov-25 07:10:35.000 * USB write to /dev/hidraw2 with data 81,0,
20-Nov-25 07:10:35.000 * USB write to /dev/hidraw2 with data 82,0,
20-Nov-25 07:10:35.001 * USB write to /dev/hidraw2 with data 83,0,
20-Nov-25 07:10:35.001 * USB write to /dev/hidraw2 with data 84,0,
20-Nov-25 07:10:35.001 * USB write to /dev/hidraw2 with data 85,0,
20-Nov-25 07:10:35.001 * USB write to /dev/hidraw2 with data 86,0,
20-Nov-25 07:10:35.001 * USB write to /dev/hidraw2 with data 87,0,
20-Nov-25 07:10:35.001 * USB write to /dev/hidraw2 with data 88,0,
20-Nov-25 07:10:35.004 - Program close
20-Nov-25 07:11:44.292 - DEBUG enabled with showing of window True
20-Nov-25 07:11:44.304 * BETA logging flag enabled
20-Nov-25 07:11:44.304 - ***************************************************************
20-Nov-25 07:11:44.304 - Linux DOFLinx for Pinball and MAME Emulators - DOFLinx by DDH69
20-Nov-25 07:11:44.304 - Starting up - version 1.04 Beta 1
20-Nov-25 07:11:44.304 - ***************************************************************
20-Nov-25 07:11:44.305 - Linux OS on Arm64 processor with 64 bit operating system and 64 bit application
20-Nov-25 07:11:44.305 - If you like it, please make a donation here https://www.paypal.com/donate?hosted_button_id=YEPCTUYFX5KDE
20-Nov-25 07:11:44.306 - The guide can be found here https://doflinx.github.io/docs/
20-Nov-25 07:11:44.306 - For support come and visit the community here https://www.vpforums.org/index.php?showforum=104
20-Nov-25 07:11:44.306 - Pre-Reading DOFLinx.ini startup config file details
20-Nov-25 07:11:44.336 * Processing parameter 'DEBUG' with data '69' not in real-time
20-Nov-25 07:11:44.337 - DEBUG enabled with showing of window True
20-Nov-25 07:11:44.337 * Special logging flag enabled with window turned on
20-Nov-25 07:11:44.337 - DEBUG enabled with showing of window True
20-Nov-25 07:11:44.426 - Opening device #1 Pinscape Pico ID#2 named Test Pico with 4 outputs
20-Nov-25 07:11:44.481 * Starting monitoring of keyboard = /dev/input/by-path/platform-xhci-hcd.1-usb-0:2:1.0-event-kbd
20-Nov-25 07:11:44.482 - Reading DOFLinx.ini startup config file details
20-Nov-25 07:11:44.483 * Processing parameter 'DEBUG' with data '69' not in real-time
20-Nov-25 07:11:44.483 - DEBUG enabled with showing of window True
20-Nov-25 07:11:44.483 * Special logging flag enabled with window turned on
20-Nov-25 07:11:44.483 * Processing parameter 'COLOUR_FILE' with data './config/colours.ini' not in real-time
20-Nov-25 07:11:44.483 - Reading colour file named ./config/colours.ini
20-Nov-25 07:11:44.487 * Processing parameter 'PATH_MAME' with data './mame/' not in real-time
20-Nov-25 07:11:44.488 * Processing parameter 'PATH_PIXELCADE' with data './pixelcade/' not in real-time
20-Nov-25 07:11:44.489 - The path './pixelcade/' does not exist
20-Nov-25 07:11:44.489 * Processing parameter 'MAME_FOLDER' with data '/usr/games/' not in real-time
20-Nov-25 07:11:44.489 * Processing parameter 'PROCESSES' with data 'retroarch' not in real-time
20-Nov-25 07:11:44.489 * Processing parameter 'MAME_PROCESS' with data 'retroarch' not in real-time
20-Nov-25 07:11:44.489 * Processing parameter 'MAME_RETROARCH_NCI' with data '1' not in real-time
20-Nov-25 07:11:44.500 * Processing parameter 'PIXELCADE_LCD_USE_NETWORK_ADDRESS' with data '1' not in real-time
20-Nov-25 07:11:44.500 * Processing parameter 'PIXELCADE_MENU_HIGHSCORE' with data '1' not in real-time
20-Nov-25 07:11:44.500 * Processing parameter 'PIXELCADE_GAME_START_HIGHSCORE' with data '1' not in real-time
20-Nov-25 07:11:44.500 * Processing parameter 'RGB_STYLE' with data 'RANDOM' not in real-time
20-Nov-25 07:11:44.500 * Processing parameter 'RGB_TRIGGER' with data 'TIME' not in real-time
20-Nov-25 07:11:44.500 * Processing parameter 'RGB_MIN_TIME' with data '1000' not in real-time
20-Nov-25 07:11:44.500 * Processing parameter 'LINK_BUT_CN' with data '0000,Orange,6' not in real-time
20-Nov-25 07:11:44.503 * Processing parameter 'LINK_BUT_EX' with data '0000,Amber,1' not in real-time
20-Nov-25 07:11:44.503 * Processing parameter 'LINK_BUT_J1' with data '0000,Random,0' not in real-time
20-Nov-25 07:11:44.503 * Processing parameter 'LINK_BUT_ST' with data '0000,White,6' not in real-time
20-Nov-25 07:11:44.503 * Processing parameter 'LINK_BUT_RE' with data '0000,Orange_Red,61' not in real-time
20-Nov-25 07:11:44.503 * Processing parameter 'LINK_BUT_PS' with data '0000,Deep_Pink,25' not in real-time
20-Nov-25 07:11:44.503 * Processing parameter 'LINK_BUT_P1' with data '0000,Cyan,2' not in real-time
20-Nov-25 07:11:44.503 * Processing parameter 'LINK_BUT_P2' with data '0000,Orchid,3' not in real-time
20-Nov-25 07:11:44.503 * Processing parameter 'LINK_BUT_B1' with data '0000,Green,29' not in real-time
20-Nov-25 07:11:44.503 * Processing parameter 'LINK_BUT_B2' with data '0000,Red,56' not in real-time
20-Nov-25 07:11:44.503 * Processing parameter 'LINK_BUT_B3' with data '0000,Yellow,57' not in real-time
20-Nov-25 07:11:44.503 * Processing parameter 'LINK_BUT_B4' with data '0000,Blue,00' not in real-time
20-Nov-25 07:11:44.503 * Processing parameter 'LINK_BUT_B5' with data '0000,Blue,44' not in real-time
20-Nov-25 07:11:44.503 * Processing parameter 'LINK_BUT_B6' with data '0000,Blue,45' not in real-time
20-Nov-25 07:11:44.503 * Processing parameter 'LINK_BUT_CH' with data '0000,Deep_Pink,64' not in real-time
20-Nov-25 07:11:44.503 * Processing parameter 'LINK_BUT_MN' with data '0000,Yellow,15' not in real-time
20-Nov-25 07:11:44.504 - DEBUG enabled with showing of window True
20-Nov-25 07:11:44.545 - No pixelcade.ini or settings.ini file could be found in the PATH_PIXELCADE= location
20-Nov-25 07:11:44.558 * 
20-Nov-25 07:11:44.560 - /usr/games/retroarch for game names was not found
20-Nov-25 07:11:44.561 - Trigger thread starting
20-Nov-25 07:11:44.569 * No menu.ini found
20-Nov-25 07:11:59.481 - Processing incoming message - TEST_PORT=1002,1000
20-Nov-25 07:11:59.481 - Processing parameter 'TEST_PORT' with data '1002,1000' in real-time
20-Nov-25 07:11:59.481 - Turning ON device/port 1002 for 1000 mS
20-Nov-25 07:11:59.485 * USB write to /dev/hidraw2 with data 4,34,1,2,255,0,0,0,0,0,0,0,0,0,0,0,0,0,0,0,0,0,0,0,0,0,0,0,0,0,0,0,0,0,0,0,0,0,0,0,0,0,0,0,0,0,0,0,0,0,0,0,0,0,0,0,0,0,0,0,0,0,0,0,
20-Nov-25 07:12:00.486 - Turning OFF device/port 1002
20-Nov-25 07:12:00.487 * USB write to /dev/hidraw2 with data 4,34,1,2,0,0,0,0,0,0,0,0,0,0,0,0,0,0,0,0,0,0,0,0,0,0,0,0,0,0,0,0,0,0,0,0,0,0,0,0,0,0,0,0,0,0,0,0,0,0,0,0,0,0,0,0,0,0,0,0,0,0,0,0,
20-Nov-25 07:13:07.723 - Processing incoming message - TEST_PORT=1002,1000
20-Nov-25 07:13:07.723 - Processing parameter 'TEST_PORT' with data '1002,1000' in real-time
20-Nov-25 07:13:07.723 - Turning ON device/port 1002 for 1000 mS
20-Nov-25 07:13:07.723 * USB write to /dev/hidraw2 with data 4,34,1,2,255,0,0,0,0,0,0,0,0,0,0,0,0,0,0,0,0,0,0,0,0,0,0,0,0,0,0,0,0,0,0,0,0,0,0,0,0,0,0,0,0,0,0,0,0,0,0,0,0,0,0,0,0,0,0,0,0,0,0,0,
20-Nov-25 07:13:08.723 - Turning OFF device/port 1002
20-Nov-25 07:13:08.723 * USB write to /dev/hidraw2 with data 4,34,1,2,0,0,0,0,0,0,0,0,0,0,0,0,0,0,0,0,0,0,0,0,0,0,0,0,0,0,0,0,0,0,0,0,0,0,0,0,0,0,0,0,0,0,0,0,0,0,0,0,0,0,0,0,0,0,0,0,0,0,0,0,
20-Nov-25 07:13:19.572 - Processing incoming message - TEST_PORT=1002,1000
20-Nov-25 07:13:19.572 - Processing parameter 'TEST_PORT' with data '1002,1000' in real-time
20-Nov-25 07:13:19.572 - Turning ON device/port 1002 for 1000 mS
20-Nov-25 07:13:19.572 * USB write to /dev/hidraw2 with data 4,34,1,2,255,0,0,0,0,0,0,0,0,0,0,0,0,0,0,0,0,0,0,0,0,0,0,0,0,0,0,0,0,0,0,0,0,0,0,0,0,0,0,0,0,0,0,0,0,0,0,0,0,0,0,0,0,0,0,0,0,0,0,0,
20-Nov-25 07:13:20.572 - Turning OFF device/port 1002
20-Nov-25 07:13:20.572 * USB write to /dev/hidraw2 with data 4,34,1,2,0,0,0,0,0,0,0,0,0,0,0,0,0,0,0,0,0,0,0,0,0,0,0,0,0,0,0,0,0,0,0,0,0,0,0,0,0,0,0,0,0,0,0,0,0,0,0,0,0,0,0,0,0,0,0,0,0,0,0,0,
20-Nov-25 07:14:59.760 - Processing incoming message - QUIT
20-Nov-25 07:14:59.764 - Processing parameter 'QUIT' with data '' in real-time
20-Nov-25 07:14:59.767 - Shutting down
20-Nov-25 07:14:59.768 * USB write to /dev/hidraw2 with data 4,32,0,0,0,0,0,0,0,0,0,0,0,0,0,0,0,0,0,0,0,0,0,0,0,0,0,0,0,0,0,0,0,0,0,0,0,0,0,0,0,0,0,0,0,0,0,0,0,0,0,0,0,0,0,0,0,0,0,0,0,0,0,0,
20-Nov-25 07:14:59.780 - Program close
20-Nov-25 07:15:38.439 - DEBUG enabled with showing of window True
20-Nov-25 07:15:38.451 * BETA logging flag enabled
20-Nov-25 07:15:38.451 - ***************************************************************
20-Nov-25 07:15:38.451 - Linux DOFLinx for Pinball and MAME Emulators - DOFLinx by DDH69
20-Nov-25 07:15:38.451 - Starting up - version 1.04 Beta 1
20-Nov-25 07:15:38.451 - ***************************************************************
20-Nov-25 07:15:38.452 - Linux OS on Arm64 processor with 64 bit operating system and 64 bit application
20-Nov-25 07:15:38.452 - If you like it, please make a donation here https://www.paypal.com/donate?hosted_button_id=YEPCTUYFX5KDE
20-Nov-25 07:15:38.452 - The guide can be found here https://doflinx.github.io/docs/
20-Nov-25 07:15:38.452 - For support come and visit the community here https://www.vpforums.org/index.php?showforum=104
20-Nov-25 07:15:38.453 - Pre-Reading DOFLinx.ini startup config file details
20-Nov-25 07:15:38.481 * Processing parameter 'DEBUG' with data '69' not in real-time
20-Nov-25 07:15:38.481 - DEBUG enabled with showing of window True
20-Nov-25 07:15:38.481 * Special logging flag enabled with window turned on
20-Nov-25 07:15:38.481 - DEBUG enabled with showing of window True
20-Nov-25 07:15:38.489 * PacLED64 board found - not fully implemented
20-Nov-25 07:15:38.489 - Opening device #1 PacLED64 ID#1 named  with 64 outputs
20-Nov-25 07:15:38.491 * Starting monitoring of keyboard = /dev/input/by-path/platform-xhci-hcd.1-usb-0:2:1.0-event-kbd
20-Nov-25 07:15:38.492 - Reading DOFLinx.ini startup config file details
20-Nov-25 07:15:38.492 * Processing parameter 'DEBUG' with data '69' not in real-time
20-Nov-25 07:15:38.492 - DEBUG enabled with showing of window True
20-Nov-25 07:15:38.492 * Special logging flag enabled with window turned on
20-Nov-25 07:15:38.492 * Processing parameter 'COLOUR_FILE' with data './config/colours.ini' not in real-time
20-Nov-25 07:15:38.493 - Reading colour file named ./config/colours.ini
20-Nov-25 07:15:38.495 * Processing parameter 'PATH_MAME' with data './mame/' not in real-time
20-Nov-25 07:15:38.496 * Processing parameter 'PATH_PIXELCADE' with data './pixelcade/' not in real-time
20-Nov-25 07:15:38.496 - The path './pixelcade/' does not exist
20-Nov-25 07:15:38.497 * Processing parameter 'MAME_FOLDER' with data '/usr/games/' not in real-time
20-Nov-25 07:15:38.497 * Processing parameter 'PROCESSES' with data 'retroarch' not in real-time
20-Nov-25 07:15:38.497 * Processing parameter 'MAME_PROCESS' with data 'retroarch' not in real-time
20-Nov-25 07:15:38.497 * Processing parameter 'MAME_RETROARCH_NCI' with data '1' not in real-time
20-Nov-25 07:15:38.514 * Processing parameter 'PIXELCADE_LCD_USE_NETWORK_ADDRESS' with data '1' not in real-time
20-Nov-25 07:15:38.514 * Processing parameter 'PIXELCADE_MENU_HIGHSCORE' with data '1' not in real-time
20-Nov-25 07:15:38.514 * Processing parameter 'PIXELCADE_GAME_START_HIGHSCORE' with data '1' not in real-time
20-Nov-25 07:15:38.514 * Processing parameter 'RGB_STYLE' with data 'RANDOM' not in real-time
20-Nov-25 07:15:38.514 * Processing parameter 'RGB_TRIGGER' with data 'TIME' not in real-time
20-Nov-25 07:15:38.514 * Processing parameter 'RGB_MIN_TIME' with data '1000' not in real-time
20-Nov-25 07:15:38.516 * Processing parameter 'LINK_BUT_CN' with data '0000,Orange,6' not in real-time
20-Nov-25 07:15:38.521 * Processing parameter 'LINK_BUT_EX' with data '0000,Amber,1' not in real-time
20-Nov-25 07:15:38.521 * Processing parameter 'LINK_BUT_J1' with data '0000,Random,0' not in real-time
20-Nov-25 07:15:38.521 * Processing parameter 'LINK_BUT_ST' with data '0000,White,6' not in real-time
20-Nov-25 07:15:38.521 * Processing parameter 'LINK_BUT_RE' with data '0000,Orange_Red,61' not in real-time
20-Nov-25 07:15:38.521 * Processing parameter 'LINK_BUT_PS' with data '0000,Deep_Pink,25' not in real-time
20-Nov-25 07:15:38.521 * Processing parameter 'LINK_BUT_P1' with data '0000,Cyan,2' not in real-time
20-Nov-25 07:15:38.521 * Processing parameter 'LINK_BUT_P2' with data '0000,Orchid,3' not in real-time
20-Nov-25 07:15:38.521 * Processing parameter 'LINK_BUT_B1' with data '0000,Green,29' not in real-time
20-Nov-25 07:15:38.521 * Processing parameter 'LINK_BUT_B2' with data '0000,Red,56' not in real-time
20-Nov-25 07:15:38.521 * Processing parameter 'LINK_BUT_B3' with data '0000,Yellow,57' not in real-time
20-Nov-25 07:15:38.521 * Processing parameter 'LINK_BUT_B4' with data '0000,Blue,00' not in real-time
20-Nov-25 07:15:38.521 * Processing parameter 'LINK_BUT_B5' with data '0000,Blue,44' not in real-time
20-Nov-25 07:15:38.521 * Processing parameter 'LINK_BUT_B6' with data '0000,Blue,45' not in real-time
20-Nov-25 07:15:38.522 * Processing parameter 'LINK_BUT_CH' with data '0000,Deep_Pink,64' not in real-time
20-Nov-25 07:15:38.522 * Processing parameter 'LINK_BUT_MN' with data '0000,Yellow,15' not in real-time
20-Nov-25 07:15:38.522 - DEBUG enabled with showing of window True
20-Nov-25 07:15:38.565 - No pixelcade.ini or settings.ini file could be found in the PATH_PIXELCADE= location
20-Nov-25 07:15:38.582 * 
20-Nov-25 07:15:38.584 - /usr/games/retroarch for game names was not found
20-Nov-25 07:15:38.585 - Trigger thread starting
20-Nov-25 07:15:38.595 * No menu.ini found
20-Nov-25 07:15:54.380 - Processing incoming message - TEST_PORT=1001,1000
20-Nov-25 07:15:54.380 - Processing parameter 'TEST_PORT' with data '1001,1000' in real-time
20-Nov-25 07:15:54.380 - Turning ON device/port 1001 for 1000 mS
20-Nov-25 07:15:54.384 * USB write to /dev/hidraw2 with data 0,255,
20-Nov-25 07:15:55.388 - Turning OFF device/port 1001
20-Nov-25 07:15:55.388 * USB write to /dev/hidraw2 with data 0,0,
20-Nov-25 07:17:01.971 - Processing incoming message - TEST_PORT=1002,1000
20-Nov-25 07:17:01.971 - Processing parameter 'TEST_PORT' with data '1002,1000' in real-time
20-Nov-25 07:17:01.971 - Turning ON device/port 1002 for 1000 mS
20-Nov-25 07:17:01.971 * USB write to /dev/hidraw2 with data 1,255,
20-Nov-25 07:17:02.971 - Turning OFF device/port 1002
20-Nov-25 07:17:02.971 * USB write to /dev/hidraw2 with data 1,0,
20-Nov-25 07:21:44.735 - Processing incoming message - QUIT
20-Nov-25 07:21:44.735 - Processing parameter 'QUIT' with data '' in real-time
20-Nov-25 07:21:44.739 - Shutting down
20-Nov-25 07:21:44.740 * USB write to /dev/hidraw2 with data 81,0,
20-Nov-25 07:21:44.740 * USB write to /dev/hidraw2 with data 82,0,
20-Nov-25 07:21:44.741 * USB write to /dev/hidraw2 with data 83,0,
20-Nov-25 07:21:44.741 * USB write to /dev/hidraw2 with data 84,0,
20-Nov-25 07:21:44.741 * USB write to /dev/hidraw2 with data 85,0,
20-Nov-25 07:21:44.741 * USB write to /dev/hidraw2 with data 86,0,
20-Nov-25 07:21:44.741 * USB write to /dev/hidraw2 with data 87,0,
20-Nov-25 07:21:44.741 * USB write to /dev/hidraw2 with data 88,0,
20-Nov-25 07:21:44.744 - Program close
20-Nov-25 07:22:27.920 - DEBUG enabled with showing of window True
20-Nov-25 07:22:27.933 * BETA logging flag enabled
20-Nov-25 07:22:27.933 - ***************************************************************
20-Nov-25 07:22:27.933 - Linux DOFLinx for Pinball and MAME Emulators - DOFLinx by DDH69
20-Nov-25 07:22:27.933 - Starting up - version 1.04 Beta 1
20-Nov-25 07:22:27.933 - ***************************************************************
20-Nov-25 07:22:27.934 - Linux OS on Arm64 processor with 64 bit operating system and 64 bit application
20-Nov-25 07:22:27.934 - If you like it, please make a donation here https://www.paypal.com/donate?hosted_button_id=YEPCTUYFX5KDE
20-Nov-25 07:22:27.934 - The guide can be found here https://doflinx.github.io/docs/
20-Nov-25 07:22:27.934 - For support come and visit the community here https://www.vpforums.org/index.php?showforum=104
20-Nov-25 07:22:27.935 - Pre-Reading DOFLinx.ini startup config file details
20-Nov-25 07:22:27.964 * Processing parameter 'DEBUG' with data '69' not in real-time
20-Nov-25 07:22:27.964 - DEBUG enabled with showing of window True
20-Nov-25 07:22:27.964 * Special logging flag enabled with window turned on
20-Nov-25 07:22:27.964 - DEBUG enabled with showing of window True
20-Nov-25 07:22:27.972 * PacLED64 board found - not fully implemented
20-Nov-25 07:22:27.972 - Opening device #1 PacLED64 ID#1 named  with 64 outputs
20-Nov-25 07:22:27.974 * Starting monitoring of keyboard = /dev/input/by-path/platform-xhci-hcd.1-usb-0:2:1.0-event-kbd
20-Nov-25 07:22:27.975 - Reading DOFLinx.ini startup config file details
20-Nov-25 07:22:27.975 * Processing parameter 'DEBUG' with data '69' not in real-time
20-Nov-25 07:22:27.975 - DEBUG enabled with showing of window True
20-Nov-25 07:22:27.975 * Special logging flag enabled with window turned on
20-Nov-25 07:22:27.975 * Processing parameter 'COLOUR_FILE' with data './config/colours.ini' not in real-time
20-Nov-25 07:22:27.975 - Reading colour file named ./config/colours.ini
20-Nov-25 07:22:27.978 * Processing parameter 'PATH_MAME' with data './mame/' not in real-time
20-Nov-25 07:22:27.979 * Processing parameter 'PATH_PIXELCADE' with data './pixelcade/' not in real-time
20-Nov-25 07:22:27.979 - The path './pixelcade/' does not exist
20-Nov-25 07:22:27.979 * Processing parameter 'MAME_FOLDER' with data '/usr/games/' not in real-time
20-Nov-25 07:22:27.979 * Processing parameter 'PROCESSES' with data 'retroarch' not in real-time
20-Nov-25 07:22:27.979 * Processing parameter 'MAME_PROCESS' with data 'retroarch' not in real-time
20-Nov-25 07:22:27.979 * Processing parameter 'MAME_RETROARCH_NCI' with data '1' not in real-time
20-Nov-25 07:22:27.991 * Processing parameter 'PIXELCADE_LCD_USE_NETWORK_ADDRESS' with data '1' not in real-time
20-Nov-25 07:22:27.991 * Processing parameter 'PIXELCADE_MENU_HIGHSCORE' with data '1' not in real-time
20-Nov-25 07:22:27.991 * Processing parameter 'PIXELCADE_GAME_START_HIGHSCORE' with data '1' not in real-time
20-Nov-25 07:22:27.991 * Processing parameter 'RGB_STYLE' with data 'RANDOM' not in real-time
20-Nov-25 07:22:27.991 * Processing parameter 'RGB_TRIGGER' with data 'TIME' not in real-time
20-Nov-25 07:22:27.991 * Processing parameter 'RGB_MIN_TIME' with data '1000' not in real-time
20-Nov-25 07:22:27.992 * Processing parameter 'LINK_BUT_CN' with data '0000,Orange,6' not in real-time
20-Nov-25 07:22:27.995 * Processing parameter 'LINK_BUT_EX' with data '0000,Amber,1' not in real-time
20-Nov-25 07:22:27.995 * Processing parameter 'LINK_BUT_J1' with data '0000,Random,0' not in real-time
20-Nov-25 07:22:27.995 * Processing parameter 'LINK_BUT_ST' with data '0000,White,6' not in real-time
20-Nov-25 07:22:27.995 * Processing parameter 'LINK_BUT_RE' with data '0000,Orange_Red,61' not in real-time
20-Nov-25 07:22:27.995 * Processing parameter 'LINK_BUT_PS' with data '0000,Deep_Pink,25' not in real-time
20-Nov-25 07:22:27.995 * Processing parameter 'LINK_BUT_P1' with data '0000,Cyan,2' not in real-time
20-Nov-25 07:22:27.995 * Processing parameter 'LINK_BUT_P2' with data '0000,Orchid,3' not in real-time
20-Nov-25 07:22:27.995 * Processing parameter 'LINK_BUT_B1' with data '0000,Green,29' not in real-time
20-Nov-25 07:22:27.995 * Processing parameter 'LINK_BUT_B2' with data '0000,Red,56' not in real-time
20-Nov-25 07:22:27.995 * Processing parameter 'LINK_BUT_B3' with data '0000,Yellow,57' not in real-time
20-Nov-25 07:22:27.995 * Processing parameter 'LINK_BUT_B4' with data '0000,Blue,00' not in real-time
20-Nov-25 07:22:27.995 * Processing parameter 'LINK_BUT_B5' with data '0000,Blue,44' not in real-time
20-Nov-25 07:22:27.995 * Processing parameter 'LINK_BUT_B6' with data '0000,Blue,45' not in real-time
20-Nov-25 07:22:27.995 * Processing parameter 'LINK_BUT_CH' with data '0000,Deep_Pink,64' not in real-time
20-Nov-25 07:22:27.995 * Processing parameter 'LINK_BUT_MN' with data '0000,Yellow,15' not in real-time
20-Nov-25 07:22:27.995 - DEBUG enabled with showing of window True
20-Nov-25 07:22:28.039 - No pixelcade.ini or settings.ini file could be found in the PATH_PIXELCADE= location
20-Nov-25 07:22:28.055 * 
20-Nov-25 07:22:28.056 - /usr/games/retroarch for game names was not found
20-Nov-25 07:22:28.058 - Trigger thread starting
20-Nov-25 07:22:28.068 * No menu.ini found
20-Nov-25 07:23:02.237 - Processing incoming message - TEST_PORT=1002,1000
20-Nov-25 07:23:02.238 - Processing parameter 'TEST_PORT' with data '1002,1000' in real-time
20-Nov-25 07:23:02.238 - Turning ON device/port 1002 for 1000 mS
20-Nov-25 07:23:02.242 * USB write to /dev/hidraw2 with data 1,255,
20-Nov-25 07:23:02.280 - Writing USB device /dev/hidraw2 failed with System.IO.IOException: Broken pipe : '/dev/hidraw2'
   at System.IO.RandomAccess.WriteAtOffset(SafeFileHandle handle, ReadOnlySpan`1 buffer, Int64 fileOffset)
   at System.IO.Strategies.OSFileStreamStrategy.Write(ReadOnlySpan`1 buffer)
   at System.IO.Strategies.BufferedFileStreamStrategy.Flush(Boolean flushToDisk)
   at LDOFLinx.DLOutput.WriteUSB(Byte TheOutput, Byte[]& Snd, Int16 BytesToWrite, Boolean GetReply) in K:\DOFLinx\LDOFLinx\DLOutput.vb:line 37
20-Nov-25 07:23:03.281 - Turning OFF device/port 1002
20-Nov-25 07:23:03.281 * USB write to /dev/hidraw2 with data 1,0,
20-Nov-25 07:23:03.282 - Writing USB device /dev/hidraw2 failed with System.IO.IOException: Broken pipe : '/dev/hidraw2'
   at System.IO.RandomAccess.WriteAtOffset(SafeFileHandle handle, ReadOnlySpan`1 buffer, Int64 fileOffset)
   at System.IO.Strategies.OSFileStreamStrategy.Write(ReadOnlySpan`1 buffer)
   at System.IO.Strategies.BufferedFileStreamStrategy.Flush(Boolean flushToDisk)
   at LDOFLinx.DLOutput.WriteUSB(Byte TheOutput, Byte[]& Snd, Int16 BytesToWrite, Boolean GetReply) in K:\DOFLinx\LDOFLinx\DLOutput.vb:line 37
20-Nov-25 07:26:12.781 - Processing incoming message - QUIT
20-Nov-25 07:26:12.782 - Processing parameter 'QUIT' with data '' in real-time
20-Nov-25 07:26:12.784 - Shutting down
20-Nov-25 07:26:12.785 * USB write to /dev/hidraw2 with data 81,0,
20-Nov-25 07:26:12.790 - Writing USB device /dev/hidraw2 failed with System.IO.IOException: Broken pipe : '/dev/hidraw2'
   at System.IO.RandomAccess.WriteAtOffset(SafeFileHandle handle, ReadOnlySpan`1 buffer, Int64 fileOffset)
   at System.IO.Strategies.OSFileStreamStrategy.Write(ReadOnlySpan`1 buffer)
   at System.IO.Strategies.BufferedFileStreamStrategy.Flush(Boolean flushToDisk)
   at LDOFLinx.DLOutput.WriteUSB(Byte TheOutput, Byte[]& Snd, Int16 BytesToWrite, Boolean GetReply) in K:\DOFLinx\LDOFLinx\DLOutput.vb:line 37
20-Nov-25 07:26:12.790 * USB write to /dev/hidraw2 with data 82,0,
20-Nov-25 07:26:12.790 - Writing USB device /dev/hidraw2 failed with System.IO.IOException: Broken pipe : '/dev/hidraw2'
   at System.IO.RandomAccess.WriteAtOffset(SafeFileHandle handle, ReadOnlySpan`1 buffer, Int64 fileOffset)
   at System.IO.Strategies.OSFileStreamStrategy.Write(ReadOnlySpan`1 buffer)
   at System.IO.Strategies.BufferedFileStreamStrategy.Flush(Boolean flushToDisk)
   at LDOFLinx.DLOutput.WriteUSB(Byte TheOutput, Byte[]& Snd, Int16 BytesToWrite, Boolean GetReply) in K:\DOFLinx\LDOFLinx\DLOutput.vb:line 37
20-Nov-25 07:26:12.791 * USB write to /dev/hidraw2 with data 83,0,
20-Nov-25 07:26:12.799 - Writing USB device /dev/hidraw2 failed with System.IO.IOException: Broken pipe : '/dev/hidraw2'
   at System.IO.RandomAccess.WriteAtOffset(SafeFileHandle handle, ReadOnlySpan`1 buffer, Int64 fileOffset)
   at System.IO.Strategies.OSFileStreamStrategy.Write(ReadOnlySpan`1 buffer)
   at System.IO.Strategies.BufferedFileStreamStrategy.Flush(Boolean flushToDisk)
   at LDOFLinx.DLOutput.WriteUSB(Byte TheOutput, Byte[]& Snd, Int16 BytesToWrite, Boolean GetReply) in K:\DOFLinx\LDOFLinx\DLOutput.vb:line 37
20-Nov-25 07:26:12.799 * USB write to /dev/hidraw2 with data 84,0,
20-Nov-25 07:26:12.800 - Writing USB device /dev/hidraw2 failed with System.IO.IOException: Broken pipe : '/dev/hidraw2'
   at System.IO.RandomAccess.WriteAtOffset(SafeFileHandle handle, ReadOnlySpan`1 buffer, Int64 fileOffset)
   at System.IO.Strategies.OSFileStreamStrategy.Write(ReadOnlySpan`1 buffer)
   at System.IO.Strategies.BufferedFileStreamStrategy.Flush(Boolean flushToDisk)
   at LDOFLinx.DLOutput.WriteUSB(Byte TheOutput, Byte[]& Snd, Int16 BytesToWrite, Boolean GetReply) in K:\DOFLinx\LDOFLinx\DLOutput.vb:line 37
20-Nov-25 07:26:12.801 * USB write to /dev/hidraw2 with data 85,0,
20-Nov-25 07:26:12.801 - Writing USB device /dev/hidraw2 failed with System.IO.IOException: Broken pipe : '/dev/hidraw2'
   at System.IO.RandomAccess.WriteAtOffset(SafeFileHandle handle, ReadOnlySpan`1 buffer, Int64 fileOffset)
   at System.IO.Strategies.OSFileStreamStrategy.Write(ReadOnlySpan`1 buffer)
   at System.IO.Strategies.BufferedFileStreamStrategy.Flush(Boolean flushToDisk)
   at LDOFLinx.DLOutput.WriteUSB(Byte TheOutput, Byte[]& Snd, Int16 BytesToWrite, Boolean GetReply) in K:\DOFLinx\LDOFLinx\DLOutput.vb:line 37
20-Nov-25 07:26:12.801 * USB write to /dev/hidraw2 with data 86,0,
20-Nov-25 07:26:12.803 - Writing USB device /dev/hidraw2 failed with System.IO.IOException: Broken pipe : '/dev/hidraw2'
   at System.IO.RandomAccess.WriteAtOffset(SafeFileHandle handle, ReadOnlySpan`1 buffer, Int64 fileOffset)
   at System.IO.Strategies.OSFileStreamStrategy.Write(ReadOnlySpan`1 buffer)
   at System.IO.Strategies.BufferedFileStreamStrategy.Flush(Boolean flushToDisk)
   at LDOFLinx.DLOutput.WriteUSB(Byte TheOutput, Byte[]& Snd, Int16 BytesToWrite, Boolean GetReply) in K:\DOFLinx\LDOFLinx\DLOutput.vb:line 37
20-Nov-25 07:26:12.804 * USB write to /dev/hidraw2 with data 87,0,
20-Nov-25 07:26:12.804 - Writing USB device /dev/hidraw2 failed with System.IO.IOException: Broken pipe : '/dev/hidraw2'
   at System.IO.RandomAccess.WriteAtOffset(SafeFileHandle handle, ReadOnlySpan`1 buffer, Int64 fileOffset)
   at System.IO.Strategies.OSFileStreamStrategy.Write(ReadOnlySpan`1 buffer)
   at System.IO.Strategies.BufferedFileStreamStrategy.Flush(Boolean flushToDisk)
   at LDOFLinx.DLOutput.WriteUSB(Byte TheOutput, Byte[]& Snd, Int16 BytesToWrite, Boolean GetReply) in K:\DOFLinx\LDOFLinx\DLOutput.vb:line 37
20-Nov-25 07:26:12.805 * USB write to /dev/hidraw2 with data 88,0,
20-Nov-25 07:26:12.805 - Writing USB device /dev/hidraw2 failed with System.IO.IOException: Broken pipe : '/dev/hidraw2'
   at System.IO.RandomAccess.WriteAtOffset(SafeFileHandle handle, ReadOnlySpan`1 buffer, Int64 fileOffset)
   at System.IO.Strategies.OSFileStreamStrategy.Write(ReadOnlySpan`1 buffer)
   at System.IO.Strategies.BufferedFileStreamStrategy.Flush(Boolean flushToDisk)
   at LDOFLinx.DLOutput.WriteUSB(Byte TheOutput, Byte[]& Snd, Int16 BytesToWrite, Boolean GetReply) in K:\DOFLinx\LDOFLinx\DLOutput.vb:line 37
20-Nov-25 07:26:12.808 - Program close
20-Nov-25 07:26:43.738 - DEBUG enabled with showing of window True
20-Nov-25 07:26:43.750 * BETA logging flag enabled
20-Nov-25 07:26:43.750 - ***************************************************************
20-Nov-25 07:26:43.750 - Linux DOFLinx for Pinball and MAME Emulators - DOFLinx by DDH69
20-Nov-25 07:26:43.750 - Starting up - version 1.04 Beta 1
20-Nov-25 07:26:43.750 - ***************************************************************
20-Nov-25 07:26:43.752 - Linux OS on Arm64 processor with 64 bit operating system and 64 bit application
20-Nov-25 07:26:43.752 - If you like it, please make a donation here https://www.paypal.com/donate?hosted_button_id=YEPCTUYFX5KDE
20-Nov-25 07:26:43.752 - The guide can be found here https://doflinx.github.io/docs/
20-Nov-25 07:26:43.752 - For support come and visit the community here https://www.vpforums.org/index.php?showforum=104
20-Nov-25 07:26:43.753 - Pre-Reading DOFLinx.ini startup config file details
20-Nov-25 07:26:43.779 * Processing parameter 'DEBUG' with data '69' not in real-time
20-Nov-25 07:26:43.780 - DEBUG enabled with showing of window True
20-Nov-25 07:26:43.780 * Special logging flag enabled with window turned on
20-Nov-25 07:26:43.780 - DEBUG enabled with showing of window True
20-Nov-25 07:26:43.787 * PacLED64 board found - not fully implemented
20-Nov-25 07:26:43.788 - Opening device #1 PacLED64 ID#1 named  with 64 outputs
20-Nov-25 07:26:43.789 * Starting monitoring of keyboard = /dev/input/by-path/platform-xhci-hcd.1-usb-0:2:1.0-event-kbd
20-Nov-25 07:26:43.790 - Reading DOFLinx.ini startup config file details
20-Nov-25 07:26:43.791 * Processing parameter 'DEBUG' with data '69' not in real-time
20-Nov-25 07:26:43.791 - DEBUG enabled with showing of window True
20-Nov-25 07:26:43.791 * Special logging flag enabled with window turned on
20-Nov-25 07:26:43.791 * Processing parameter 'COLOUR_FILE' with data './config/colours.ini' not in real-time
20-Nov-25 07:26:43.791 - Reading colour file named ./config/colours.ini
20-Nov-25 07:26:43.794 * Processing parameter 'PATH_MAME' with data './mame/' not in real-time
20-Nov-25 07:26:43.795 * Processing parameter 'PATH_PIXELCADE' with data './pixelcade/' not in real-time
20-Nov-25 07:26:43.795 - The path './pixelcade/' does not exist
20-Nov-25 07:26:43.795 * Processing parameter 'MAME_FOLDER' with data '/usr/games/' not in real-time
20-Nov-25 07:26:43.795 * Processing parameter 'PROCESSES' with data 'retroarch' not in real-time
20-Nov-25 07:26:43.795 * Processing parameter 'MAME_PROCESS' with data 'retroarch' not in real-time
20-Nov-25 07:26:43.795 * Processing parameter 'MAME_RETROARCH_NCI' with data '1' not in real-time
20-Nov-25 07:26:43.806 * Processing parameter 'PIXELCADE_LCD_USE_NETWORK_ADDRESS' with data '1' not in real-time
20-Nov-25 07:26:43.806 * Processing parameter 'PIXELCADE_MENU_HIGHSCORE' with data '1' not in real-time
20-Nov-25 07:26:43.806 * Processing parameter 'PIXELCADE_GAME_START_HIGHSCORE' with data '1' not in real-time
20-Nov-25 07:26:43.806 * Processing parameter 'RGB_STYLE' with data 'RANDOM' not in real-time
20-Nov-25 07:26:43.806 * Processing parameter 'RGB_TRIGGER' with data 'TIME' not in real-time
20-Nov-25 07:26:43.806 * Processing parameter 'RGB_MIN_TIME' with data '1000' not in real-time
20-Nov-25 07:26:43.807 * Processing parameter 'LINK_BUT_CN' with data '0000,Orange,6' not in real-time
20-Nov-25 07:26:43.811 * Processing parameter 'LINK_BUT_EX' with data '0000,Amber,1' not in real-time
20-Nov-25 07:26:43.811 * Processing parameter 'LINK_BUT_J1' with data '0000,Random,0' not in real-time
20-Nov-25 07:26:43.811 * Processing parameter 'LINK_BUT_ST' with data '0000,White,6' not in real-time
20-Nov-25 07:26:43.811 * Processing parameter 'LINK_BUT_RE' with data '0000,Orange_Red,61' not in real-time
20-Nov-25 07:26:43.811 * Processing parameter 'LINK_BUT_PS' with data '0000,Deep_Pink,25' not in real-time
20-Nov-25 07:26:43.811 * Processing parameter 'LINK_BUT_P1' with data '0000,Cyan,2' not in real-time
20-Nov-25 07:26:43.811 * Processing parameter 'LINK_BUT_P2' with data '0000,Orchid,3' not in real-time
20-Nov-25 07:26:43.811 * Processing parameter 'LINK_BUT_B1' with data '0000,Green,29' not in real-time
20-Nov-25 07:26:43.811 * Processing parameter 'LINK_BUT_B2' with data '0000,Red,56' not in real-time
20-Nov-25 07:26:43.811 * Processing parameter 'LINK_BUT_B3' with data '0000,Yellow,57' not in real-time
20-Nov-25 07:26:43.811 * Processing parameter 'LINK_BUT_B4' with data '0000,Blue,00' not in real-time
20-Nov-25 07:26:43.811 * Processing parameter 'LINK_BUT_B5' with data '0000,Blue,44' not in real-time
20-Nov-25 07:26:43.811 * Processing parameter 'LINK_BUT_B6' with data '0000,Blue,45' not in real-time
20-Nov-25 07:26:43.811 * Processing parameter 'LINK_BUT_CH' with data '0000,Deep_Pink,64' not in real-time
20-Nov-25 07:26:43.811 * Processing parameter 'LINK_BUT_MN' with data '0000,Yellow,15' not in real-time
20-Nov-25 07:26:43.811 - DEBUG enabled with showing of window True
20-Nov-25 07:26:43.853 - No pixelcade.ini or settings.ini file could be found in the PATH_PIXELCADE= location
20-Nov-25 07:26:43.863 * 
20-Nov-25 07:26:43.865 - /usr/games/retroarch for game names was not found
20-Nov-25 07:26:43.866 - Trigger thread starting
20-Nov-25 07:26:43.878 * No menu.ini found
20-Nov-25 07:26:56.038 - Processing incoming message - TEST_PORT=1002,1000
20-Nov-25 07:26:56.043 - Processing parameter 'TEST_PORT' with data '1002,1000' in real-time
20-Nov-25 07:26:56.043 - Turning ON device/port 1002 for 1000 mS
20-Nov-25 07:26:56.046 * USB write to /dev/hidraw2 with data 1,255,
20-Nov-25 07:26:56.078 - Writing USB device /dev/hidraw2 failed with System.IO.IOException: Broken pipe : '/dev/hidraw2'
   at System.IO.RandomAccess.WriteAtOffset(SafeFileHandle handle, ReadOnlySpan`1 buffer, Int64 fileOffset)
   at System.IO.Strategies.OSFileStreamStrategy.Write(ReadOnlySpan`1 buffer)
   at System.IO.Strategies.BufferedFileStreamStrategy.Flush(Boolean flushToDisk)
   at System.IO.Strategies.BufferedFileStreamStrategy.Dispose(Boolean disposing)
   at System.IO.Stream.Close()
   at LDOFLinx.DLOutput.WriteUSB(Byte TheOutput, Byte[]& Snd, Int16 BytesToWrite, Boolean GetReply) in K:\DOFLinx\LDOFLinx\DLOutput.vb:line 38
20-Nov-25 07:26:57.078 - Turning OFF device/port 1002
20-Nov-25 07:26:57.079 * USB write to /dev/hidraw2 with data 1,0,
20-Nov-25 07:26:57.079 - Writing USB device /dev/hidraw2 failed with System.ObjectDisposedException: Cannot access a closed file.
   at System.IO.FileStream.WriteAsync(Byte[] buffer, Int32 offset, Int32 count, CancellationToken cancellationToken)
   at System.IO.Stream.WriteAsync(Byte[] buffer, Int32 offset, Int32 count)
   at LDOFLinx.DLOutput.WriteUSB(Byte TheOutput, Byte[]& Snd, Int16 BytesToWrite, Boolean GetReply) in K:\DOFLinx\LDOFLinx\DLOutput.vb:line 36
20-Nov-25 07:27:23.013 - Processing incoming message - TEST_PORT=1001,1000
20-Nov-25 07:27:23.013 - Processing parameter 'TEST_PORT' with data '1001,1000' in real-time
20-Nov-25 07:27:23.013 - Turning ON device/port 1001 for 1000 mS
20-Nov-25 07:27:23.013 * USB write to /dev/hidraw2 with data 0,255,
20-Nov-25 07:27:23.016 - Writing USB device /dev/hidraw2 failed with System.ObjectDisposedException: Cannot access a closed file.
   at System.IO.FileStream.WriteAsync(Byte[] buffer, Int32 offset, Int32 count, CancellationToken cancellationToken)
   at System.IO.Stream.WriteAsync(Byte[] buffer, Int32 offset, Int32 count)
   at LDOFLinx.DLOutput.WriteUSB(Byte TheOutput, Byte[]& Snd, Int16 BytesToWrite, Boolean GetReply) in K:\DOFLinx\LDOFLinx\DLOutput.vb:line 36
20-Nov-25 07:27:24.017 - Turning OFF device/port 1001
20-Nov-25 07:27:24.017 * USB write to /dev/hidraw2 with data 0,0,
20-Nov-25 07:27:24.017 - Writing USB device /dev/hidraw2 failed with System.ObjectDisposedException: Cannot access a closed file.
   at System.IO.FileStream.WriteAsync(Byte[] buffer, Int32 offset, Int32 count, CancellationToken cancellationToken)
   at System.IO.Stream.WriteAsync(Byte[] buffer, Int32 offset, Int32 count)
   at LDOFLinx.DLOutput.WriteUSB(Byte TheOutput, Byte[]& Snd, Int16 BytesToWrite, Boolean GetReply) in K:\DOFLinx\LDOFLinx\DLOutput.vb:line 36
20-Nov-25 07:28:11.062 - Processing incoming message - QUIT
20-Nov-25 07:28:11.062 - Processing parameter 'QUIT' with data '' in real-time
20-Nov-25 07:28:11.069 - Shutting down
20-Nov-25 07:28:11.071 * USB write to /dev/hidraw2 with data 81,0,
20-Nov-25 07:28:11.072 - Writing USB device /dev/hidraw2 failed with System.ObjectDisposedException: Cannot access a closed file.
   at System.IO.FileStream.WriteAsync(Byte[] buffer, Int32 offset, Int32 count, CancellationToken cancellationToken)
   at System.IO.Stream.WriteAsync(Byte[] buffer, Int32 offset, Int32 count)
   at LDOFLinx.DLOutput.WriteUSB(Byte TheOutput, Byte[]& Snd, Int16 BytesToWrite, Boolean GetReply) in K:\DOFLinx\LDOFLinx\DLOutput.vb:line 36
20-Nov-25 07:28:11.072 * USB write to /dev/hidraw2 with data 82,0,
20-Nov-25 07:28:11.072 - Writing USB device /dev/hidraw2 failed with System.ObjectDisposedException: Cannot access a closed file.
   at System.IO.FileStream.WriteAsync(Byte[] buffer, Int32 offset, Int32 count, CancellationToken cancellationToken)
   at System.IO.Stream.WriteAsync(Byte[] buffer, Int32 offset, Int32 count)
   at LDOFLinx.DLOutput.WriteUSB(Byte TheOutput, Byte[]& Snd, Int16 BytesToWrite, Boolean GetReply) in K:\DOFLinx\LDOFLinx\DLOutput.vb:line 36
20-Nov-25 07:28:11.072 * USB write to /dev/hidraw2 with data 83,0,
20-Nov-25 07:28:11.072 - Writing USB device /dev/hidraw2 failed with System.ObjectDisposedException: Cannot access a closed file.
   at System.IO.FileStream.WriteAsync(Byte[] buffer, Int32 offset, Int32 count, CancellationToken cancellationToken)
   at System.IO.Stream.WriteAsync(Byte[] buffer, Int32 offset, Int32 count)
   at LDOFLinx.DLOutput.WriteUSB(Byte TheOutput, Byte[]& Snd, Int16 BytesToWrite, Boolean GetReply) in K:\DOFLinx\LDOFLinx\DLOutput.vb:line 36
20-Nov-25 07:28:11.073 * USB write to /dev/hidraw2 with data 84,0,
20-Nov-25 07:28:11.073 - Writing USB device /dev/hidraw2 failed with System.ObjectDisposedException: Cannot access a closed file.
   at System.IO.FileStream.WriteAsync(Byte[] buffer, Int32 offset, Int32 count, CancellationToken cancellationToken)
   at System.IO.Stream.WriteAsync(Byte[] buffer, Int32 offset, Int32 count)
   at LDOFLinx.DLOutput.WriteUSB(Byte TheOutput, Byte[]& Snd, Int16 BytesToWrite, Boolean GetReply) in K:\DOFLinx\LDOFLinx\DLOutput.vb:line 36
20-Nov-25 07:28:11.073 * USB write to /dev/hidraw2 with data 85,0,
20-Nov-25 07:28:11.073 - Writing USB device /dev/hidraw2 failed with System.ObjectDisposedException: Cannot access a closed file.
   at System.IO.FileStream.WriteAsync(Byte[] buffer, Int32 offset, Int32 count, CancellationToken cancellationToken)
   at System.IO.Stream.WriteAsync(Byte[] buffer, Int32 offset, Int32 count)
   at LDOFLinx.DLOutput.WriteUSB(Byte TheOutput, Byte[]& Snd, Int16 BytesToWrite, Boolean GetReply) in K:\DOFLinx\LDOFLinx\DLOutput.vb:line 36
20-Nov-25 07:28:11.073 * USB write to /dev/hidraw2 with data 86,0,
20-Nov-25 07:28:11.073 - Writing USB device /dev/hidraw2 failed with System.ObjectDisposedException: Cannot access a closed file.
   at System.IO.FileStream.WriteAsync(Byte[] buffer, Int32 offset, Int32 count, CancellationToken cancellationToken)
   at System.IO.Stream.WriteAsync(Byte[] buffer, Int32 offset, Int32 count)
   at LDOFLinx.DLOutput.WriteUSB(Byte TheOutput, Byte[]& Snd, Int16 BytesToWrite, Boolean GetReply) in K:\DOFLinx\LDOFLinx\DLOutput.vb:line 36
20-Nov-25 07:28:11.073 * USB write to /dev/hidraw2 with data 87,0,
20-Nov-25 07:28:11.073 - Writing USB device /dev/hidraw2 failed with System.ObjectDisposedException: Cannot access a closed file.
   at System.IO.FileStream.WriteAsync(Byte[] buffer, Int32 offset, Int32 count, CancellationToken cancellationToken)
   at System.IO.Stream.WriteAsync(Byte[] buffer, Int32 offset, Int32 count)
   at LDOFLinx.DLOutput.WriteUSB(Byte TheOutput, Byte[]& Snd, Int16 BytesToWrite, Boolean GetReply) in K:\DOFLinx\LDOFLinx\DLOutput.vb:line 36
20-Nov-25 07:28:11.073 * USB write to /dev/hidraw2 with data 88,0,
20-Nov-25 07:28:11.073 - Writing USB device /dev/hidraw2 failed with System.ObjectDisposedException: Cannot access a closed file.
   at System.IO.FileStream.WriteAsync(Byte[] buffer, Int32 offset, Int32 count, CancellationToken cancellationToken)
   at System.IO.Stream.WriteAsync(Byte[] buffer, Int32 offset, Int32 count)
   at LDOFLinx.DLOutput.WriteUSB(Byte TheOutput, Byte[]& Snd, Int16 BytesToWrite, Boolean GetReply) in K:\DOFLinx\LDOFLinx\DLOutput.vb:line 36
20-Nov-25 07:28:11.075 - Program close
20-Nov-25 07:32:30.404 - DEBUG enabled with showing of window True
20-Nov-25 07:32:30.419 * BETA logging flag enabled
20-Nov-25 07:32:30.419 - ***************************************************************
20-Nov-25 07:32:30.419 - Linux DOFLinx for Pinball and MAME Emulators - DOFLinx by DDH69
20-Nov-25 07:32:30.419 - Starting up - version 1.04 Beta 1
20-Nov-25 07:32:30.419 - ***************************************************************
20-Nov-25 07:32:30.421 - Linux OS on Arm64 processor with 64 bit operating system and 64 bit application
20-Nov-25 07:32:30.421 - If you like it, please make a donation here https://www.paypal.com/donate?hosted_button_id=YEPCTUYFX5KDE
20-Nov-25 07:32:30.421 - The guide can be found here https://doflinx.github.io/docs/
20-Nov-25 07:32:30.421 - For support come and visit the community here https://www.vpforums.org/index.php?showforum=104
20-Nov-25 07:32:30.422 - Pre-Reading DOFLinx.ini startup config file details
20-Nov-25 07:32:30.450 * Processing parameter 'DEBUG' with data '69' not in real-time
20-Nov-25 07:32:30.450 - DEBUG enabled with showing of window True
20-Nov-25 07:32:30.450 * Special logging flag enabled with window turned on
20-Nov-25 07:32:30.451 - DEBUG enabled with showing of window True
20-Nov-25 07:32:30.458 * PacLED64 board found - not fully implemented
20-Nov-25 07:32:30.458 - Opening device #1 PacLED64 ID#1 named  with 64 outputs
20-Nov-25 07:32:30.460 * Starting monitoring of keyboard = /dev/input/by-path/platform-xhci-hcd.1-usb-0:2:1.0-event-kbd
20-Nov-25 07:32:30.460 - Reading DOFLinx.ini startup config file details
20-Nov-25 07:32:30.461 * Processing parameter 'DEBUG' with data '69' not in real-time
20-Nov-25 07:32:30.461 - DEBUG enabled with showing of window True
20-Nov-25 07:32:30.461 * Special logging flag enabled with window turned on
20-Nov-25 07:32:30.461 * Processing parameter 'COLOUR_FILE' with data './config/colours.ini' not in real-time
20-Nov-25 07:32:30.461 - Reading colour file named ./config/colours.ini
20-Nov-25 07:32:30.464 * Processing parameter 'PATH_MAME' with data './mame/' not in real-time
20-Nov-25 07:32:30.465 * Processing parameter 'PATH_PIXELCADE' with data './pixelcade/' not in real-time
20-Nov-25 07:32:30.465 - The path './pixelcade/' does not exist
20-Nov-25 07:32:30.465 * Processing parameter 'MAME_FOLDER' with data '/usr/games/' not in real-time
20-Nov-25 07:32:30.465 * Processing parameter 'PROCESSES' with data 'retroarch' not in real-time
20-Nov-25 07:32:30.466 * Processing parameter 'MAME_PROCESS' with data 'retroarch' not in real-time
20-Nov-25 07:32:30.466 * Processing parameter 'MAME_RETROARCH_NCI' with data '1' not in real-time
20-Nov-25 07:32:30.477 * Processing parameter 'PIXELCADE_LCD_USE_NETWORK_ADDRESS' with data '1' not in real-time
20-Nov-25 07:32:30.477 * Processing parameter 'PIXELCADE_MENU_HIGHSCORE' with data '1' not in real-time
20-Nov-25 07:32:30.477 * Processing parameter 'PIXELCADE_GAME_START_HIGHSCORE' with data '1' not in real-time
20-Nov-25 07:32:30.477 * Processing parameter 'RGB_STYLE' with data 'RANDOM' not in real-time
20-Nov-25 07:32:30.477 * Processing parameter 'RGB_TRIGGER' with data 'TIME' not in real-time
20-Nov-25 07:32:30.477 * Processing parameter 'RGB_MIN_TIME' with data '1000' not in real-time
20-Nov-25 07:32:30.478 * Processing parameter 'LINK_BUT_CN' with data '0000,Orange,6' not in real-time
20-Nov-25 07:32:30.482 * Processing parameter 'LINK_BUT_EX' with data '0000,Amber,1' not in real-time
20-Nov-25 07:32:30.482 * Processing parameter 'LINK_BUT_J1' with data '0000,Random,0' not in real-time
20-Nov-25 07:32:30.482 * Processing parameter 'LINK_BUT_ST' with data '0000,White,6' not in real-time
20-Nov-25 07:32:30.482 * Processing parameter 'LINK_BUT_RE' with data '0000,Orange_Red,61' not in real-time
20-Nov-25 07:32:30.482 * Processing parameter 'LINK_BUT_PS' with data '0000,Deep_Pink,25' not in real-time
20-Nov-25 07:32:30.482 * Processing parameter 'LINK_BUT_P1' with data '0000,Cyan,2' not in real-time
20-Nov-25 07:32:30.482 * Processing parameter 'LINK_BUT_P2' with data '0000,Orchid,3' not in real-time
20-Nov-25 07:32:30.482 * Processing parameter 'LINK_BUT_B1' with data '0000,Green,29' not in real-time
20-Nov-25 07:32:30.482 * Processing parameter 'LINK_BUT_B2' with data '0000,Red,56' not in real-time
20-Nov-25 07:32:30.482 * Processing parameter 'LINK_BUT_B3' with data '0000,Yellow,57' not in real-time
20-Nov-25 07:32:30.482 * Processing parameter 'LINK_BUT_B4' with data '0000,Blue,00' not in real-time
20-Nov-25 07:32:30.482 * Processing parameter 'LINK_BUT_B5' with data '0000,Blue,44' not in real-time
20-Nov-25 07:32:30.482 * Processing parameter 'LINK_BUT_B6' with data '0000,Blue,45' not in real-time
20-Nov-25 07:32:30.482 * Processing parameter 'LINK_BUT_CH' with data '0000,Deep_Pink,64' not in real-time
20-Nov-25 07:32:30.482 * Processing parameter 'LINK_BUT_MN' with data '0000,Yellow,15' not in real-time
20-Nov-25 07:32:30.482 - DEBUG enabled with showing of window True
20-Nov-25 07:32:30.524 - No pixelcade.ini or settings.ini file could be found in the PATH_PIXELCADE= location
20-Nov-25 07:32:30.537 * 
20-Nov-25 07:32:30.538 - /usr/games/retroarch for game names was not found
20-Nov-25 07:32:30.540 - Trigger thread starting
20-Nov-25 07:32:30.552 * No menu.ini found
20-Nov-25 07:32:40.403 - Processing incoming message - TEST_PORT=1002,1000
20-Nov-25 07:32:40.403 - Processing parameter 'TEST_PORT' with data '1002,1000' in real-time
20-Nov-25 07:32:40.403 - Turning ON device/port 1002 for 1000 mS
20-Nov-25 07:32:40.405 * USB write to /dev/hidraw2 with data 1,255,
20-Nov-25 07:32:40.436 - Writing USB device /dev/hidraw2 failed with System.IO.IOException: Broken pipe : '/dev/hidraw2'
   at System.IO.RandomAccess.WriteAtOffset(SafeFileHandle handle, ReadOnlySpan`1 buffer, Int64 fileOffset)
   at System.IO.Strategies.OSFileStreamStrategy.Write(ReadOnlySpan`1 buffer)
   at System.IO.Strategies.BufferedFileStreamStrategy.Flush(Boolean flushToDisk)
   at System.IO.Strategies.BufferedFileStreamStrategy.Dispose(Boolean disposing)
   at System.IO.Stream.Close()
   at LDOFLinx.DLOutput.WriteUSB(Byte TheOutput, Byte[]& Snd, Int16 BytesToWrite, Boolean GetReply) in K:\DOFLinx\LDOFLinx\DLOutput.vb:line 38
20-Nov-25 07:32:41.437 - Turning OFF device/port 1002
20-Nov-25 07:32:41.437 * USB write to /dev/hidraw2 with data 1,0,
20-Nov-25 07:32:41.438 - Writing USB device /dev/hidraw2 failed with System.ObjectDisposedException: Cannot access a closed file.
   at System.IO.FileStream.WriteAsync(Byte[] buffer, Int32 offset, Int32 count, CancellationToken cancellationToken)
   at System.IO.Stream.WriteAsync(Byte[] buffer, Int32 offset, Int32 count)
   at LDOFLinx.DLOutput.WriteUSB(Byte TheOutput, Byte[]& Snd, Int16 BytesToWrite, Boolean GetReply) in K:\DOFLinx\LDOFLinx\DLOutput.vb:line 36
20-Nov-25 07:33:09.681 - Processing incoming message - QUIT
20-Nov-25 07:33:09.681 - Processing parameter 'QUIT' with data '' in real-time
20-Nov-25 07:33:09.686 - Shutting down
20-Nov-25 07:33:09.688 * USB write to /dev/hidraw2 with data 81,0,
20-Nov-25 07:33:09.688 - Writing USB device /dev/hidraw2 failed with System.ObjectDisposedException: Cannot access a closed file.
   at System.IO.FileStream.WriteAsync(Byte[] buffer, Int32 offset, Int32 count, CancellationToken cancellationToken)
   at System.IO.Stream.WriteAsync(Byte[] buffer, Int32 offset, Int32 count)
   at LDOFLinx.DLOutput.WriteUSB(Byte TheOutput, Byte[]& Snd, Int16 BytesToWrite, Boolean GetReply) in K:\DOFLinx\LDOFLinx\DLOutput.vb:line 36
20-Nov-25 07:33:09.688 * USB write to /dev/hidraw2 with data 82,0,
20-Nov-25 07:33:09.688 - Writing USB device /dev/hidraw2 failed with System.ObjectDisposedException: Cannot access a closed file.
   at System.IO.FileStream.WriteAsync(Byte[] buffer, Int32 offset, Int32 count, CancellationToken cancellationToken)
   at System.IO.Stream.WriteAsync(Byte[] buffer, Int32 offset, Int32 count)
   at LDOFLinx.DLOutput.WriteUSB(Byte TheOutput, Byte[]& Snd, Int16 BytesToWrite, Boolean GetReply) in K:\DOFLinx\LDOFLinx\DLOutput.vb:line 36
20-Nov-25 07:33:09.688 * USB write to /dev/hidraw2 with data 83,0,
20-Nov-25 07:33:09.688 - Writing USB device /dev/hidraw2 failed with System.ObjectDisposedException: Cannot access a closed file.
   at System.IO.FileStream.WriteAsync(Byte[] buffer, Int32 offset, Int32 count, CancellationToken cancellationToken)
   at System.IO.Stream.WriteAsync(Byte[] buffer, Int32 offset, Int32 count)
   at LDOFLinx.DLOutput.WriteUSB(Byte TheOutput, Byte[]& Snd, Int16 BytesToWrite, Boolean GetReply) in K:\DOFLinx\LDOFLinx\DLOutput.vb:line 36
20-Nov-25 07:33:09.688 * USB write to /dev/hidraw2 with data 84,0,
20-Nov-25 07:33:09.688 - Writing USB device /dev/hidraw2 failed with System.ObjectDisposedException: Cannot access a closed file.
   at System.IO.FileStream.WriteAsync(Byte[] buffer, Int32 offset, Int32 count, CancellationToken cancellationToken)
   at System.IO.Stream.WriteAsync(Byte[] buffer, Int32 offset, Int32 count)
   at LDOFLinx.DLOutput.WriteUSB(Byte TheOutput, Byte[]& Snd, Int16 BytesToWrite, Boolean GetReply) in K:\DOFLinx\LDOFLinx\DLOutput.vb:line 36
20-Nov-25 07:33:09.688 * USB write to /dev/hidraw2 with data 85,0,
20-Nov-25 07:33:09.690 - Writing USB device /dev/hidraw2 failed with System.ObjectDisposedException: Cannot access a closed file.
   at System.IO.FileStream.WriteAsync(Byte[] buffer, Int32 offset, Int32 count, CancellationToken cancellationToken)
   at System.IO.Stream.WriteAsync(Byte[] buffer, Int32 offset, Int32 count)
   at LDOFLinx.DLOutput.WriteUSB(Byte TheOutput, Byte[]& Snd, Int16 BytesToWrite, Boolean GetReply) in K:\DOFLinx\LDOFLinx\DLOutput.vb:line 36
20-Nov-25 07:33:09.690 * USB write to /dev/hidraw2 with data 86,0,
20-Nov-25 07:33:09.690 - Writing USB device /dev/hidraw2 failed with System.ObjectDisposedException: Cannot access a closed file.
   at System.IO.FileStream.WriteAsync(Byte[] buffer, Int32 offset, Int32 count, CancellationToken cancellationToken)
   at System.IO.Stream.WriteAsync(Byte[] buffer, Int32 offset, Int32 count)
   at LDOFLinx.DLOutput.WriteUSB(Byte TheOutput, Byte[]& Snd, Int16 BytesToWrite, Boolean GetReply) in K:\DOFLinx\LDOFLinx\DLOutput.vb:line 36
20-Nov-25 07:33:09.691 * USB write to /dev/hidraw2 with data 87,0,
20-Nov-25 07:33:09.691 - Writing USB device /dev/hidraw2 failed with System.ObjectDisposedException: Cannot access a closed file.
   at System.IO.FileStream.WriteAsync(Byte[] buffer, Int32 offset, Int32 count, CancellationToken cancellationToken)
   at System.IO.Stream.WriteAsync(Byte[] buffer, Int32 offset, Int32 count)
   at LDOFLinx.DLOutput.WriteUSB(Byte TheOutput, Byte[]& Snd, Int16 BytesToWrite, Boolean GetReply) in K:\DOFLinx\LDOFLinx\DLOutput.vb:line 36
20-Nov-25 07:33:09.691 * USB write to /dev/hidraw2 with data 88,0,
20-Nov-25 07:33:09.691 - Writing USB device /dev/hidraw2 failed with System.ObjectDisposedException: Cannot access a closed file.
   at System.IO.FileStream.WriteAsync(Byte[] buffer, Int32 offset, Int32 count, CancellationToken cancellationToken)
   at System.IO.Stream.WriteAsync(Byte[] buffer, Int32 offset, Int32 count)
   at LDOFLinx.DLOutput.WriteUSB(Byte TheOutput, Byte[]& Snd, Int16 BytesToWrite, Boolean GetReply) in K:\DOFLinx\LDOFLinx\DLOutput.vb:line 36
20-Nov-25 07:33:09.693 - Program close
20-Nov-25 07:33:26.356 - DEBUG enabled with showing of window True
20-Nov-25 07:33:26.368 * BETA logging flag enabled
20-Nov-25 07:33:26.369 - ***************************************************************
20-Nov-25 07:33:26.369 - Linux DOFLinx for Pinball and MAME Emulators - DOFLinx by DDH69
20-Nov-25 07:33:26.369 - Starting up - version 1.04 Beta 1
20-Nov-25 07:33:26.369 - ***************************************************************
20-Nov-25 07:33:26.370 - Linux OS on Arm64 processor with 64 bit operating system and 64 bit application
20-Nov-25 07:33:26.370 - If you like it, please make a donation here https://www.paypal.com/donate?hosted_button_id=YEPCTUYFX5KDE
20-Nov-25 07:33:26.370 - The guide can be found here https://doflinx.github.io/docs/
20-Nov-25 07:33:26.370 - For support come and visit the community here https://www.vpforums.org/index.php?showforum=104
20-Nov-25 07:33:26.371 - Pre-Reading DOFLinx.ini startup config file details
20-Nov-25 07:33:26.399 * Processing parameter 'DEBUG' with data '69' not in real-time
20-Nov-25 07:33:26.399 - DEBUG enabled with showing of window True
20-Nov-25 07:33:26.399 * Special logging flag enabled with window turned on
20-Nov-25 07:33:26.399 - DEBUG enabled with showing of window True
20-Nov-25 07:33:26.406 * PacLED64 board found - not fully implemented
20-Nov-25 07:33:26.407 - Opening device #1 PacLED64 ID#1 named  with 64 outputs
20-Nov-25 07:33:26.408 * Starting monitoring of keyboard = /dev/input/by-path/platform-xhci-hcd.1-usb-0:2:1.0-event-kbd
20-Nov-25 07:33:26.409 - Reading DOFLinx.ini startup config file details
20-Nov-25 07:33:26.409 * Processing parameter 'DEBUG' with data '69' not in real-time
20-Nov-25 07:33:26.409 - DEBUG enabled with showing of window True
20-Nov-25 07:33:26.409 * Special logging flag enabled with window turned on
20-Nov-25 07:33:26.409 * Processing parameter 'COLOUR_FILE' with data './config/colours.ini' not in real-time
20-Nov-25 07:33:26.410 - Reading colour file named ./config/colours.ini
20-Nov-25 07:33:26.413 * Processing parameter 'PATH_MAME' with data './mame/' not in real-time
20-Nov-25 07:33:26.413 * Processing parameter 'PATH_PIXELCADE' with data './pixelcade/' not in real-time
20-Nov-25 07:33:26.414 - The path './pixelcade/' does not exist
20-Nov-25 07:33:26.414 * Processing parameter 'MAME_FOLDER' with data '/usr/games/' not in real-time
20-Nov-25 07:33:26.414 * Processing parameter 'PROCESSES' with data 'retroarch' not in real-time
20-Nov-25 07:33:26.414 * Processing parameter 'MAME_PROCESS' with data 'retroarch' not in real-time
20-Nov-25 07:33:26.414 * Processing parameter 'MAME_RETROARCH_NCI' with data '1' not in real-time
20-Nov-25 07:33:26.425 * Processing parameter 'PIXELCADE_LCD_USE_NETWORK_ADDRESS' with data '1' not in real-time
20-Nov-25 07:33:26.425 * Processing parameter 'PIXELCADE_MENU_HIGHSCORE' with data '1' not in real-time
20-Nov-25 07:33:26.425 * Processing parameter 'PIXELCADE_GAME_START_HIGHSCORE' with data '1' not in real-time
20-Nov-25 07:33:26.425 * Processing parameter 'RGB_STYLE' with data 'RANDOM' not in real-time
20-Nov-25 07:33:26.425 * Processing parameter 'RGB_TRIGGER' with data 'TIME' not in real-time
20-Nov-25 07:33:26.425 * Processing parameter 'RGB_MIN_TIME' with data '1000' not in real-time
20-Nov-25 07:33:26.427 * Processing parameter 'LINK_BUT_CN' with data '0000,Orange,6' not in real-time
20-Nov-25 07:33:26.430 * Processing parameter 'LINK_BUT_EX' with data '0000,Amber,1' not in real-time
20-Nov-25 07:33:26.430 * Processing parameter 'LINK_BUT_J1' with data '0000,Random,0' not in real-time
20-Nov-25 07:33:26.430 * Processing parameter 'LINK_BUT_ST' with data '0000,White,6' not in real-time
20-Nov-25 07:33:26.430 * Processing parameter 'LINK_BUT_RE' with data '0000,Orange_Red,61' not in real-time
20-Nov-25 07:33:26.430 * Processing parameter 'LINK_BUT_PS' with data '0000,Deep_Pink,25' not in real-time
20-Nov-25 07:33:26.430 * Processing parameter 'LINK_BUT_P1' with data '0000,Cyan,2' not in real-time
20-Nov-25 07:33:26.430 * Processing parameter 'LINK_BUT_P2' with data '0000,Orchid,3' not in real-time
20-Nov-25 07:33:26.430 * Processing parameter 'LINK_BUT_B1' with data '0000,Green,29' not in real-time
20-Nov-25 07:33:26.430 * Processing parameter 'LINK_BUT_B2' with data '0000,Red,56' not in real-time
20-Nov-25 07:33:26.430 * Processing parameter 'LINK_BUT_B3' with data '0000,Yellow,57' not in real-time
20-Nov-25 07:33:26.430 * Processing parameter 'LINK_BUT_B4' with data '0000,Blue,00' not in real-time
20-Nov-25 07:33:26.430 * Processing parameter 'LINK_BUT_B5' with data '0000,Blue,44' not in real-time
20-Nov-25 07:33:26.430 * Processing parameter 'LINK_BUT_B6' with data '0000,Blue,45' not in real-time
20-Nov-25 07:33:26.430 * Processing parameter 'LINK_BUT_CH' with data '0000,Deep_Pink,64' not in real-time
20-Nov-25 07:33:26.430 * Processing parameter 'LINK_BUT_MN' with data '0000,Yellow,15' not in real-time
20-Nov-25 07:33:26.430 - DEBUG enabled with showing of window True
20-Nov-25 07:33:26.473 - No pixelcade.ini or settings.ini file could be found in the PATH_PIXELCADE= location
20-Nov-25 07:33:26.491 * 
20-Nov-25 07:33:26.493 - /usr/games/retroarch for game names was not found
20-Nov-25 07:33:26.495 - Trigger thread starting
20-Nov-25 07:33:26.506 * No menu.ini found
20-Nov-25 07:33:33.982 - Processing incoming message - TEST_PORT=1002,1000
20-Nov-25 07:33:33.982 - Processing parameter 'TEST_PORT' with data '1002,1000' in real-time
20-Nov-25 07:33:33.982 - Turning ON device/port 1002 for 1000 mS
20-Nov-25 07:33:33.985 * USB write to /dev/hidraw2 with data 1,255,
20-Nov-25 07:33:34.031 - Writing USB device /dev/hidraw2 failed with System.IO.IOException: Broken pipe : '/dev/hidraw2'
   at System.IO.RandomAccess.WriteAtOffset(SafeFileHandle handle, ReadOnlySpan`1 buffer, Int64 fileOffset)
   at System.IO.Strategies.OSFileStreamStrategy.Write(ReadOnlySpan`1 buffer)
   at System.IO.Strategies.BufferedFileStreamStrategy.Flush(Boolean flushToDisk)
   at System.IO.Strategies.BufferedFileStreamStrategy.Dispose(Boolean disposing)
   at System.IO.Stream.Close()
   at LDOFLinx.DLOutput.WriteUSB(Byte TheOutput, Byte[]& Snd, Int16 BytesToWrite, Boolean GetReply) in K:\DOFLinx\LDOFLinx\DLOutput.vb:line 38
20-Nov-25 07:33:35.031 - Turning OFF device/port 1002
20-Nov-25 07:33:35.032 * USB write to /dev/hidraw2 with data 1,0,
20-Nov-25 07:33:35.034 - Writing USB device /dev/hidraw2 failed with System.ObjectDisposedException: Cannot access a closed file.
   at System.IO.FileStream.WriteAsync(Byte[] buffer, Int32 offset, Int32 count, CancellationToken cancellationToken)
   at System.IO.Stream.WriteAsync(Byte[] buffer, Int32 offset, Int32 count)
   at LDOFLinx.DLOutput.WriteUSB(Byte TheOutput, Byte[]& Snd, Int16 BytesToWrite, Boolean GetReply) in K:\DOFLinx\LDOFLinx\DLOutput.vb:line 36
20-Nov-25 07:36:51.410 - Processing incoming message - QUIT
20-Nov-25 07:36:51.410 - Processing parameter 'QUIT' with data '' in real-time
20-Nov-25 07:36:51.411 - Shutting down
20-Nov-25 07:36:51.412 * USB write to /dev/hidraw2 with data 81,0,
20-Nov-25 07:36:51.413 - Writing USB device /dev/hidraw2 failed with System.ObjectDisposedException: Cannot access a closed file.
   at System.IO.FileStream.WriteAsync(Byte[] buffer, Int32 offset, Int32 count, CancellationToken cancellationToken)
   at System.IO.Stream.WriteAsync(Byte[] buffer, Int32 offset, Int32 count)
   at LDOFLinx.DLOutput.WriteUSB(Byte TheOutput, Byte[]& Snd, Int16 BytesToWrite, Boolean GetReply) in K:\DOFLinx\LDOFLinx\DLOutput.vb:line 36
20-Nov-25 07:36:51.413 * USB write to /dev/hidraw2 with data 82,0,
20-Nov-25 07:36:51.413 - Writing USB device /dev/hidraw2 failed with System.ObjectDisposedException: Cannot access a closed file.
   at System.IO.FileStream.WriteAsync(Byte[] buffer, Int32 offset, Int32 count, CancellationToken cancellationToken)
   at System.IO.Stream.WriteAsync(Byte[] buffer, Int32 offset, Int32 count)
   at LDOFLinx.DLOutput.WriteUSB(Byte TheOutput, Byte[]& Snd, Int16 BytesToWrite, Boolean GetReply) in K:\DOFLinx\LDOFLinx\DLOutput.vb:line 36
20-Nov-25 07:36:51.413 * USB write to /dev/hidraw2 with data 83,0,
20-Nov-25 07:36:51.413 - Writing USB device /dev/hidraw2 failed with System.ObjectDisposedException: Cannot access a closed file.
   at System.IO.FileStream.WriteAsync(Byte[] buffer, Int32 offset, Int32 count, CancellationToken cancellationToken)
   at System.IO.Stream.WriteAsync(Byte[] buffer, Int32 offset, Int32 count)
   at LDOFLinx.DLOutput.WriteUSB(Byte TheOutput, Byte[]& Snd, Int16 BytesToWrite, Boolean GetReply) in K:\DOFLinx\LDOFLinx\DLOutput.vb:line 36
20-Nov-25 07:36:51.413 * USB write to /dev/hidraw2 with data 84,0,
20-Nov-25 07:36:51.413 - Writing USB device /dev/hidraw2 failed with System.ObjectDisposedException: Cannot access a closed file.
   at System.IO.FileStream.WriteAsync(Byte[] buffer, Int32 offset, Int32 count, CancellationToken cancellationToken)
   at System.IO.Stream.WriteAsync(Byte[] buffer, Int32 offset, Int32 count)
   at LDOFLinx.DLOutput.WriteUSB(Byte TheOutput, Byte[]& Snd, Int16 BytesToWrite, Boolean GetReply) in K:\DOFLinx\LDOFLinx\DLOutput.vb:line 36
20-Nov-25 07:36:51.413 * USB write to /dev/hidraw2 with data 85,0,
20-Nov-25 07:36:51.414 - Writing USB device /dev/hidraw2 failed with System.ObjectDisposedException: Cannot access a closed file.
   at System.IO.FileStream.WriteAsync(Byte[] buffer, Int32 offset, Int32 count, CancellationToken cancellationToken)
   at System.IO.Stream.WriteAsync(Byte[] buffer, Int32 offset, Int32 count)
   at LDOFLinx.DLOutput.WriteUSB(Byte TheOutput, Byte[]& Snd, Int16 BytesToWrite, Boolean GetReply) in K:\DOFLinx\LDOFLinx\DLOutput.vb:line 36
20-Nov-25 07:36:51.414 * USB write to /dev/hidraw2 with data 86,0,
20-Nov-25 07:36:51.414 - Writing USB device /dev/hidraw2 failed with System.ObjectDisposedException: Cannot access a closed file.
   at System.IO.FileStream.WriteAsync(Byte[] buffer, Int32 offset, Int32 count, CancellationToken cancellationToken)
   at System.IO.Stream.WriteAsync(Byte[] buffer, Int32 offset, Int32 count)
   at LDOFLinx.DLOutput.WriteUSB(Byte TheOutput, Byte[]& Snd, Int16 BytesToWrite, Boolean GetReply) in K:\DOFLinx\LDOFLinx\DLOutput.vb:line 36
20-Nov-25 07:36:51.414 * USB write to /dev/hidraw2 with data 87,0,
20-Nov-25 07:36:51.414 - Writing USB device /dev/hidraw2 failed with System.ObjectDisposedException: Cannot access a closed file.
   at System.IO.FileStream.WriteAsync(Byte[] buffer, Int32 offset, Int32 count, CancellationToken cancellationToken)
   at System.IO.Stream.WriteAsync(Byte[] buffer, Int32 offset, Int32 count)
   at LDOFLinx.DLOutput.WriteUSB(Byte TheOutput, Byte[]& Snd, Int16 BytesToWrite, Boolean GetReply) in K:\DOFLinx\LDOFLinx\DLOutput.vb:line 36
20-Nov-25 07:36:51.414 * USB write to /dev/hidraw2 with data 88,0,
20-Nov-25 07:36:51.415 - Writing USB device /dev/hidraw2 failed with System.ObjectDisposedException: Cannot access a closed file.
   at System.IO.FileStream.WriteAsync(Byte[] buffer, Int32 offset, Int32 count, CancellationToken cancellationToken)
   at System.IO.Stream.WriteAsync(Byte[] buffer, Int32 offset, Int32 count)
   at LDOFLinx.DLOutput.WriteUSB(Byte TheOutput, Byte[]& Snd, Int16 BytesToWrite, Boolean GetReply) in K:\DOFLinx\LDOFLinx\DLOutput.vb:line 36
20-Nov-25 07:36:51.417 - Program close
20-Nov-25 07:37:48.419 - DEBUG enabled with showing of window True
20-Nov-25 07:37:48.433 * BETA logging flag enabled
20-Nov-25 07:37:48.434 - ***************************************************************
20-Nov-25 07:37:48.434 - Linux DOFLinx for Pinball and MAME Emulators - DOFLinx by DDH69
20-Nov-25 07:37:48.434 - Starting up - version 1.04 Beta 1
20-Nov-25 07:37:48.434 - ***************************************************************
20-Nov-25 07:37:48.435 - Linux OS on Arm64 processor with 64 bit operating system and 64 bit application
20-Nov-25 07:37:48.435 - If you like it, please make a donation here https://www.paypal.com/donate?hosted_button_id=YEPCTUYFX5KDE
20-Nov-25 07:37:48.435 - The guide can be found here https://doflinx.github.io/docs/
20-Nov-25 07:37:48.435 - For support come and visit the community here https://www.vpforums.org/index.php?showforum=104
20-Nov-25 07:37:48.436 - Pre-Reading DOFLinx.ini startup config file details
20-Nov-25 07:37:48.470 * Processing parameter 'DEBUG' with data '69' not in real-time
20-Nov-25 07:37:48.471 - DEBUG enabled with showing of window True
20-Nov-25 07:37:48.471 * Special logging flag enabled with window turned on
20-Nov-25 07:37:48.471 - DEBUG enabled with showing of window True
20-Nov-25 07:37:48.478 * PacLED64 board found - not fully implemented
20-Nov-25 07:37:48.478 * /dev/hidraw2
20-Nov-25 07:37:48.478 * After Config
20-Nov-25 07:37:48.480 - Discovery error with /dev/hidraw2
20-Nov-25 07:37:48.506 * System.IO.IOException: Broken pipe : '/dev/hidraw2'
   at System.IO.RandomAccess.WriteAtOffset(SafeFileHandle handle, ReadOnlySpan`1 buffer, Int64 fileOffset)
   at System.IO.Strategies.OSFileStreamStrategy.Write(ReadOnlySpan`1 buffer)
   at System.IO.Strategies.BufferedFileStreamStrategy.Flush(Boolean flushToDisk)
   at System.IO.Strategies.BufferedFileStreamStrategy.Dispose(Boolean disposing)
   at System.IO.Stream.Close()
   at LDOFLinx.DLOutput.FindOutput() in K:\DOFLinx\LDOFLinx\DLOutput.vb:line 335
20-Nov-25 07:37:48.507 - Opening device #1 PacLED64 ID#1 named  with 64 outputs
20-Nov-25 07:37:48.509 * Starting monitoring of keyboard = /dev/input/by-path/platform-xhci-hcd.1-usb-0:2:1.0-event-kbd
20-Nov-25 07:37:48.510 - Reading DOFLinx.ini startup config file details
20-Nov-25 07:37:48.510 * Processing parameter 'DEBUG' with data '69' not in real-time
20-Nov-25 07:37:48.510 - DEBUG enabled with showing of window True
20-Nov-25 07:37:48.510 * Special logging flag enabled with window turned on
20-Nov-25 07:37:48.510 * Processing parameter 'COLOUR_FILE' with data './config/colours.ini' not in real-time
20-Nov-25 07:37:48.511 - Reading colour file named ./config/colours.ini
20-Nov-25 07:37:48.514 * Processing parameter 'PATH_MAME' with data './mame/' not in real-time
20-Nov-25 07:37:48.514 * Processing parameter 'PATH_PIXELCADE' with data './pixelcade/' not in real-time
20-Nov-25 07:37:48.515 - The path './pixelcade/' does not exist
20-Nov-25 07:37:48.515 * Processing parameter 'MAME_FOLDER' with data '/usr/games/' not in real-time
20-Nov-25 07:37:48.515 * Processing parameter 'PROCESSES' with data 'retroarch' not in real-time
20-Nov-25 07:37:48.515 * Processing parameter 'MAME_PROCESS' with data 'retroarch' not in real-time
20-Nov-25 07:37:48.515 * Processing parameter 'MAME_RETROARCH_NCI' with data '1' not in real-time
20-Nov-25 07:37:48.529 * Processing parameter 'PIXELCADE_LCD_USE_NETWORK_ADDRESS' with data '1' not in real-time
20-Nov-25 07:37:48.529 * Processing parameter 'PIXELCADE_MENU_HIGHSCORE' with data '1' not in real-time
20-Nov-25 07:37:48.529 * Processing parameter 'PIXELCADE_GAME_START_HIGHSCORE' with data '1' not in real-time
20-Nov-25 07:37:48.529 * Processing parameter 'RGB_STYLE' with data 'RANDOM' not in real-time
20-Nov-25 07:37:48.530 * Processing parameter 'RGB_TRIGGER' with data 'TIME' not in real-time
20-Nov-25 07:37:48.530 * Processing parameter 'RGB_MIN_TIME' with data '1000' not in real-time
20-Nov-25 07:37:48.530 * Processing parameter 'LINK_BUT_CN' with data '0000,Orange,6' not in real-time
20-Nov-25 07:37:48.534 * Processing parameter 'LINK_BUT_EX' with data '0000,Amber,1' not in real-time
20-Nov-25 07:37:48.534 * Processing parameter 'LINK_BUT_J1' with data '0000,Random,0' not in real-time
20-Nov-25 07:37:48.534 * Processing parameter 'LINK_BUT_ST' with data '0000,White,6' not in real-time
20-Nov-25 07:37:48.534 * Processing parameter 'LINK_BUT_RE' with data '0000,Orange_Red,61' not in real-time
20-Nov-25 07:37:48.534 * Processing parameter 'LINK_BUT_PS' with data '0000,Deep_Pink,25' not in real-time
20-Nov-25 07:37:48.535 * Processing parameter 'LINK_BUT_P1' with data '0000,Cyan,2' not in real-time
20-Nov-25 07:37:48.535 * Processing parameter 'LINK_BUT_P2' with data '0000,Orchid,3' not in real-time
20-Nov-25 07:37:48.535 * Processing parameter 'LINK_BUT_B1' with data '0000,Green,29' not in real-time
20-Nov-25 07:37:48.535 * Processing parameter 'LINK_BUT_B2' with data '0000,Red,56' not in real-time
20-Nov-25 07:37:48.535 * Processing parameter 'LINK_BUT_B3' with data '0000,Yellow,57' not in real-time
20-Nov-25 07:37:48.535 * Processing parameter 'LINK_BUT_B4' with data '0000,Blue,00' not in real-time
20-Nov-25 07:37:48.535 * Processing parameter 'LINK_BUT_B5' with data '0000,Blue,44' not in real-time
20-Nov-25 07:37:48.535 * Processing parameter 'LINK_BUT_B6' with data '0000,Blue,45' not in real-time
20-Nov-25 07:37:48.535 * Processing parameter 'LINK_BUT_CH' with data '0000,Deep_Pink,64' not in real-time
20-Nov-25 07:37:48.535 * Processing parameter 'LINK_BUT_MN' with data '0000,Yellow,15' not in real-time
20-Nov-25 07:37:48.535 - DEBUG enabled with showing of window True
20-Nov-25 07:37:48.577 - No pixelcade.ini or settings.ini file could be found in the PATH_PIXELCADE= location
20-Nov-25 07:37:48.591 * 
20-Nov-25 07:37:48.592 - /usr/games/retroarch for game names was not found
20-Nov-25 07:37:48.594 - Trigger thread starting
20-Nov-25 07:37:48.603 * No menu.ini found
20-Nov-25 07:38:17.329 - Processing incoming message - TEST_PORT=1001,1000
20-Nov-25 07:38:17.329 - Processing parameter 'TEST_PORT' with data '1001,1000' in real-time
20-Nov-25 07:38:17.329 - Turning ON device/port 1001 for 1000 mS
20-Nov-25 07:38:17.332 * USB write to /dev/hidraw2 with data 0,255,
20-Nov-25 07:38:18.335 - Turning OFF device/port 1001
20-Nov-25 07:38:18.335 * USB write to /dev/hidraw2 with data 0,0,
20-Nov-25 07:38:40.067 - Processing incoming message - TEST_PORT=1002,1000
20-Nov-25 07:38:40.069 - Processing parameter 'TEST_PORT' with data '1002,1000' in real-time
20-Nov-25 07:38:40.069 - Turning ON device/port 1002 for 1000 mS
20-Nov-25 07:38:40.069 * USB write to /dev/hidraw2 with data 1,255,
20-Nov-25 07:38:41.069 - Turning OFF device/port 1002
20-Nov-25 07:38:41.070 * USB write to /dev/hidraw2 with data 1,0,
20-Nov-25 07:44:48.006 - Processing incoming message - QUIT
20-Nov-25 07:44:48.006 - Processing parameter 'QUIT' with data '' in real-time
20-Nov-25 07:44:48.011 - Shutting down
20-Nov-25 07:44:48.013 * USB write to /dev/hidraw2 with data 81,0,
20-Nov-25 07:44:48.013 * USB write to /dev/hidraw2 with data 82,0,
20-Nov-25 07:44:48.014 * USB write to /dev/hidraw2 with data 83,0,
20-Nov-25 07:44:48.014 * USB write to /dev/hidraw2 with data 84,0,
20-Nov-25 07:44:48.014 * USB write to /dev/hidraw2 with data 85,0,
20-Nov-25 07:44:48.014 * USB write to /dev/hidraw2 with data 86,0,
20-Nov-25 07:44:48.014 * USB write to /dev/hidraw2 with data 87,0,
20-Nov-25 07:44:48.014 * USB write to /dev/hidraw2 with data 88,0,
20-Nov-25 07:44:48.017 - Program close
20-Nov-25 09:40:37.344 - DEBUG enabled with showing of window True
20-Nov-25 09:40:37.362 * BETA logging flag enabled
20-Nov-25 09:40:37.362 - ***************************************************************
20-Nov-25 09:40:37.362 - Linux DOFLinx for Pinball and MAME Emulators - DOFLinx by DDH69
20-Nov-25 09:40:37.362 - Starting up - version 1.04 Beta 1
20-Nov-25 09:40:37.362 - ***************************************************************
20-Nov-25 09:40:37.363 - Linux OS on Arm64 processor with 64 bit operating system and 64 bit application
20-Nov-25 09:40:37.363 - If you like it, please make a donation here https://www.paypal.com/donate?hosted_button_id=YEPCTUYFX5KDE
20-Nov-25 09:40:37.363 - The guide can be found here https://doflinx.github.io/docs/
20-Nov-25 09:40:37.363 - For support come and visit the community here https://www.vpforums.org/index.php?showforum=104
20-Nov-25 09:40:37.364 - Pre-Reading DOFLinx.ini startup config file details
20-Nov-25 09:40:37.391 * Processing parameter 'DEBUG' with data '69' not in real-time
20-Nov-25 09:40:37.392 - DEBUG enabled with showing of window True
20-Nov-25 09:40:37.392 * Special logging flag enabled with window turned on
20-Nov-25 09:40:37.392 - DEBUG enabled with showing of window True
20-Nov-25 09:40:37.399 * Ultimate I/O board found - not fully implemented
20-Nov-25 09:40:37.399 * Ultimate I/O board found - not fully implemented
20-Nov-25 09:40:37.399 * Ultimate I/O board found - not fully implemented
20-Nov-25 09:40:37.399 * Num devices=3
20-Nov-25 09:40:37.400 * pre d=0
20-Nov-25 09:40:37.400 * TOutput.dudeport length=129
20-Nov-25 09:40:37.400 * pre d=1
20-Nov-25 09:40:37.400 * TOutput.dudeport length=129
20-Nov-25 09:40:37.400 * pre d=2
20-Nov-25 09:40:37.400 * TOutput.dudeport length=129
20-Nov-25 09:40:37.400 * pre d=3
20-Nov-25 09:40:37.400 * TOutput.dudeport length=129
20-Nov-25 09:40:37.400 * pre d=4
20-Nov-25 09:40:37.400 * TOutput.dudeport length=129
20-Nov-25 09:40:37.400 * pre d=5
20-Nov-25 09:40:37.400 * TOutput.dudeport length=129
20-Nov-25 09:40:37.400 * pre d=6
20-Nov-25 09:40:37.400 * TOutput.dudeport length=129
20-Nov-25 09:40:37.400 * pre d=7
20-Nov-25 09:40:37.400 * TOutput.dudeport length=129
20-Nov-25 09:40:37.400 * pre d=8
20-Nov-25 09:40:37.400 * TOutput.dudeport length=129
20-Nov-25 09:40:37.400 * pre d=9
20-Nov-25 09:40:37.400 * TOutput.dudeport length=129
20-Nov-25 09:40:37.400 * post d=0
20-Nov-25 09:40:37.400 * TOutput.dudeport length=129
20-Nov-25 09:40:37.400 * post d=1
20-Nov-25 09:40:37.400 * TOutput.dudeport length=129
20-Nov-25 09:40:37.400 * post d=2
20-Nov-25 09:40:37.400 * TOutput.dudeport length=129
20-Nov-25 09:40:37.400 * post d=3
20-Nov-25 09:40:37.400 * TOutput.dudeport length=129
20-Nov-25 09:40:37.400 * post d=4
20-Nov-25 09:40:37.400 * TOutput.dudeport length=129
20-Nov-25 09:40:37.400 * post d=5
20-Nov-25 09:40:37.400 * TOutput.dudeport length=129
20-Nov-25 09:40:37.400 * post d=6
20-Nov-25 09:40:37.400 * TOutput.dudeport length=129
20-Nov-25 09:40:37.400 * post d=7
20-Nov-25 09:40:37.400 * TOutput.dudeport length=129
20-Nov-25 09:40:37.400 * post d=8
20-Nov-25 09:40:37.400 * TOutput.dudeport length=129
20-Nov-25 09:40:37.400 * post d=9
20-Nov-25 09:40:37.400 * TOutput.dudeport length=129
20-Nov-25 09:40:37.400 * d=0
20-Nov-25 09:40:37.400 *  Outputs.Dude=129
20-Nov-25 09:40:37.400 *  TOutputs.Dude=129
20-Nov-25 09:40:37.400 * d=0 TOutputs.Dude=129 Outputs.Dude=129
20-Nov-25 09:40:37.400 * A
20-Nov-25 09:40:37.400 * From #96
20-Nov-25 09:40:37.400 * b=0
20-Nov-25 09:40:37.400 * b=1
20-Nov-25 09:40:37.400 * b=2
20-Nov-25 09:40:37.400 * b=3
20-Nov-25 09:40:37.400 * b=4
20-Nov-25 09:40:37.400 * b=5
20-Nov-25 09:40:37.400 * b=6
20-Nov-25 09:40:37.400 * b=7
20-Nov-25 09:40:37.400 * b=8
20-Nov-25 09:40:37.400 * b=9
20-Nov-25 09:40:37.400 * b=10
20-Nov-25 09:40:37.401 * b=11
20-Nov-25 09:40:37.401 * b=12
20-Nov-25 09:40:37.401 * b=13
20-Nov-25 09:40:37.401 * b=14
20-Nov-25 09:40:37.401 * b=15
20-Nov-25 09:40:37.401 * b=16
20-Nov-25 09:40:37.401 * b=17
20-Nov-25 09:40:37.401 * b=18
20-Nov-25 09:40:37.401 * b=19
20-Nov-25 09:40:37.401 * b=20
20-Nov-25 09:40:37.401 * b=21
20-Nov-25 09:40:37.401 * b=22
20-Nov-25 09:40:37.401 * b=23
20-Nov-25 09:40:37.401 * b=24
20-Nov-25 09:40:37.401 * b=25
20-Nov-25 09:40:37.401 * b=26
20-Nov-25 09:40:37.401 * b=27
20-Nov-25 09:40:37.401 * b=28
20-Nov-25 09:40:37.401 * b=29
20-Nov-25 09:40:37.401 * b=30
20-Nov-25 09:40:37.401 * b=31
20-Nov-25 09:40:37.401 * b=32
20-Nov-25 09:40:37.401 * b=33
20-Nov-25 09:40:37.401 * b=34
20-Nov-25 09:40:37.401 * b=35
20-Nov-25 09:40:37.401 * b=36
20-Nov-25 09:40:37.401 * b=37
20-Nov-25 09:40:37.401 * b=38
20-Nov-25 09:40:37.401 * b=39
20-Nov-25 09:40:37.401 * b=40
20-Nov-25 09:40:37.401 * b=41
20-Nov-25 09:40:37.401 * b=42
20-Nov-25 09:40:37.401 * b=43
20-Nov-25 09:40:37.401 * b=44
20-Nov-25 09:40:37.401 * b=45
20-Nov-25 09:40:37.401 * b=46
20-Nov-25 09:40:37.401 * b=47
20-Nov-25 09:40:37.401 * b=48
20-Nov-25 09:40:37.401 * b=49
20-Nov-25 09:40:37.401 * b=50
20-Nov-25 09:40:37.401 * b=51
20-Nov-25 09:40:37.401 * b=52
20-Nov-25 09:40:37.401 * b=53
20-Nov-25 09:40:37.401 * b=54
20-Nov-25 09:40:37.401 * b=55
20-Nov-25 09:40:37.401 * b=56
20-Nov-25 09:40:37.401 * b=57
20-Nov-25 09:40:37.401 * b=58
20-Nov-25 09:40:37.401 * b=59
20-Nov-25 09:40:37.401 * b=60
20-Nov-25 09:40:37.401 * b=61
20-Nov-25 09:40:37.401 * b=62
20-Nov-25 09:40:37.401 * b=63
20-Nov-25 09:40:37.401 * b=64
20-Nov-25 09:40:37.401 * b=65
20-Nov-25 09:40:37.401 * b=66
20-Nov-25 09:40:37.401 * b=67
20-Nov-25 09:40:37.401 * b=68
20-Nov-25 09:40:37.401 * b=69
20-Nov-25 09:40:37.401 * b=70
20-Nov-25 09:40:37.401 * b=71
20-Nov-25 09:40:37.401 * b=72
20-Nov-25 09:40:37.401 * b=73
20-Nov-25 09:40:37.401 * b=74
20-Nov-25 09:40:37.401 * b=75
20-Nov-25 09:40:37.401 * b=76
20-Nov-25 09:40:37.401 * b=77
20-Nov-25 09:40:37.401 * b=78
20-Nov-25 09:40:37.401 * b=79
20-Nov-25 09:40:37.401 * b=80
20-Nov-25 09:40:37.401 * b=81
20-Nov-25 09:40:37.401 * b=82
20-Nov-25 09:40:37.401 * b=83
20-Nov-25 09:40:37.401 * b=84
20-Nov-25 09:40:37.401 * b=85
20-Nov-25 09:40:37.401 * b=86
20-Nov-25 09:40:37.401 * b=87
20-Nov-25 09:40:37.401 * b=88
20-Nov-25 09:40:37.401 * b=89
20-Nov-25 09:40:37.401 * b=90
20-Nov-25 09:40:37.401 * b=91
20-Nov-25 09:40:37.401 * b=92
20-Nov-25 09:40:37.401 * b=93
20-Nov-25 09:40:37.401 * b=94
20-Nov-25 09:40:37.401 * b=95
20-Nov-25 09:40:37.401 - Opening device #1 Ultimate I/O ID#1 named  with 96 outputs
20-Nov-25 09:40:37.401 * d=1
20-Nov-25 09:40:37.401 *  Outputs.Dude=129
20-Nov-25 09:40:37.401 *  TOutputs.Dude=129
20-Nov-25 09:40:37.401 * d=1 TOutputs.Dude=129 Outputs.Dude=129
20-Nov-25 09:40:37.401 * A
20-Nov-25 09:40:37.401 * From #96
20-Nov-25 09:40:37.401 * b=0
20-Nov-25 09:40:37.401 * b=1
20-Nov-25 09:40:37.401 * b=2
20-Nov-25 09:40:37.401 * b=3
20-Nov-25 09:40:37.401 * b=4
20-Nov-25 09:40:37.401 * b=5
20-Nov-25 09:40:37.401 * b=6
20-Nov-25 09:40:37.401 * b=7
20-Nov-25 09:40:37.401 * b=8
20-Nov-25 09:40:37.401 * b=9
20-Nov-25 09:40:37.401 * b=10
20-Nov-25 09:40:37.401 * b=11
20-Nov-25 09:40:37.401 * b=12
20-Nov-25 09:40:37.401 * b=13
20-Nov-25 09:40:37.401 * b=14
20-Nov-25 09:40:37.401 * b=15
20-Nov-25 09:40:37.401 * b=16
20-Nov-25 09:40:37.401 * b=17
20-Nov-25 09:40:37.401 * b=18
20-Nov-25 09:40:37.401 * b=19
20-Nov-25 09:40:37.401 * b=20
20-Nov-25 09:40:37.401 * b=21
20-Nov-25 09:40:37.401 * b=22
20-Nov-25 09:40:37.401 * b=23
20-Nov-25 09:40:37.401 * b=24
20-Nov-25 09:40:37.401 * b=25
20-Nov-25 09:40:37.401 * b=26
20-Nov-25 09:40:37.401 * b=27
20-Nov-25 09:40:37.401 * b=28
20-Nov-25 09:40:37.401 * b=29
20-Nov-25 09:40:37.401 * b=30
20-Nov-25 09:40:37.401 * b=31
20-Nov-25 09:40:37.401 * b=32
20-Nov-25 09:40:37.401 * b=33
20-Nov-25 09:40:37.401 * b=34
20-Nov-25 09:40:37.401 * b=35
20-Nov-25 09:40:37.401 * b=36
20-Nov-25 09:40:37.402 * b=37
20-Nov-25 09:40:37.402 * b=38
20-Nov-25 09:40:37.402 * b=39
20-Nov-25 09:40:37.402 * b=40
20-Nov-25 09:40:37.402 * b=41
20-Nov-25 09:40:37.402 * b=42
20-Nov-25 09:40:37.402 * b=43
20-Nov-25 09:40:37.402 * b=44
20-Nov-25 09:40:37.402 * b=45
20-Nov-25 09:40:37.402 * b=46
20-Nov-25 09:40:37.402 * b=47
20-Nov-25 09:40:37.402 * b=48
20-Nov-25 09:40:37.402 * b=49
20-Nov-25 09:40:37.402 * b=50
20-Nov-25 09:40:37.402 * b=51
20-Nov-25 09:40:37.402 * b=52
20-Nov-25 09:40:37.402 * b=53
20-Nov-25 09:40:37.402 * b=54
20-Nov-25 09:40:37.402 * b=55
20-Nov-25 09:40:37.402 * b=56
20-Nov-25 09:40:37.402 * b=57
20-Nov-25 09:40:37.402 * b=58
20-Nov-25 09:40:37.402 * b=59
20-Nov-25 09:40:37.402 * b=60
20-Nov-25 09:40:37.402 * b=61
20-Nov-25 09:40:37.402 * b=62
20-Nov-25 09:40:37.402 * b=63
20-Nov-25 09:40:37.402 * b=64
20-Nov-25 09:40:37.402 * b=65
20-Nov-25 09:40:37.402 * b=66
20-Nov-25 09:40:37.402 * b=67
20-Nov-25 09:40:37.402 * b=68
20-Nov-25 09:40:37.402 * b=69
20-Nov-25 09:40:37.402 * b=70
20-Nov-25 09:40:37.402 * b=71
20-Nov-25 09:40:37.402 * b=72
20-Nov-25 09:40:37.402 * b=73
20-Nov-25 09:40:37.402 * b=74
20-Nov-25 09:40:37.402 * b=75
20-Nov-25 09:40:37.402 * b=76
20-Nov-25 09:40:37.402 * b=77
20-Nov-25 09:40:37.402 * b=78
20-Nov-25 09:40:37.402 * b=79
20-Nov-25 09:40:37.402 * b=80
20-Nov-25 09:40:37.402 * b=81
20-Nov-25 09:40:37.402 * b=82
20-Nov-25 09:40:37.402 * b=83
20-Nov-25 09:40:37.402 * b=84
20-Nov-25 09:40:37.402 * b=85
20-Nov-25 09:40:37.402 * b=86
20-Nov-25 09:40:37.402 * b=87
20-Nov-25 09:40:37.402 * b=88
20-Nov-25 09:40:37.402 * b=89
20-Nov-25 09:40:37.402 * b=90
20-Nov-25 09:40:37.402 * b=91
20-Nov-25 09:40:37.402 * b=92
20-Nov-25 09:40:37.402 * b=93
20-Nov-25 09:40:37.402 * b=94
20-Nov-25 09:40:37.402 * b=95
20-Nov-25 09:40:37.402 - Opening device #2 Ultimate I/O ID#1 named  with 96 outputs
20-Nov-25 09:40:37.402 * d=2
20-Nov-25 09:40:37.402 *  Outputs.Dude=129
20-Nov-25 09:40:37.402 *  TOutputs.Dude=129
20-Nov-25 09:40:37.402 * d=2 TOutputs.Dude=129 Outputs.Dude=129
20-Nov-25 09:40:37.402 * A
20-Nov-25 09:40:37.402 * From #96
20-Nov-25 09:40:37.402 * b=0
20-Nov-25 09:40:37.402 * b=1
20-Nov-25 09:40:37.402 * b=2
20-Nov-25 09:40:37.402 * b=3
20-Nov-25 09:40:37.402 * b=4
20-Nov-25 09:40:37.402 * b=5
20-Nov-25 09:40:37.402 * b=6
20-Nov-25 09:40:37.402 * b=7
20-Nov-25 09:40:37.402 * b=8
20-Nov-25 09:40:37.402 * b=9
20-Nov-25 09:40:37.402 * b=10
20-Nov-25 09:40:37.402 * b=11
20-Nov-25 09:40:37.402 * b=12
20-Nov-25 09:40:37.402 * b=13
20-Nov-25 09:40:37.402 * b=14
20-Nov-25 09:40:37.402 * b=15
20-Nov-25 09:40:37.402 * b=16
20-Nov-25 09:40:37.402 * b=17
20-Nov-25 09:40:37.402 * b=18
20-Nov-25 09:40:37.402 * b=19
20-Nov-25 09:40:37.402 * b=20
20-Nov-25 09:40:37.402 * b=21
20-Nov-25 09:40:37.402 * b=22
20-Nov-25 09:40:37.402 * b=23
20-Nov-25 09:40:37.402 * b=24
20-Nov-25 09:40:37.402 * b=25
20-Nov-25 09:40:37.402 * b=26
20-Nov-25 09:40:37.402 * b=27
20-Nov-25 09:40:37.402 * b=28
20-Nov-25 09:40:37.402 * b=29
20-Nov-25 09:40:37.402 * b=30
20-Nov-25 09:40:37.402 * b=31
20-Nov-25 09:40:37.402 * b=32
20-Nov-25 09:40:37.402 * b=33
20-Nov-25 09:40:37.402 * b=34
20-Nov-25 09:40:37.402 * b=35
20-Nov-25 09:40:37.402 * b=36
20-Nov-25 09:40:37.402 * b=37
20-Nov-25 09:40:37.402 * b=38
20-Nov-25 09:40:37.402 * b=39
20-Nov-25 09:40:37.402 * b=40
20-Nov-25 09:40:37.402 * b=41
20-Nov-25 09:40:37.402 * b=42
20-Nov-25 09:40:37.402 * b=43
20-Nov-25 09:40:37.402 * b=44
20-Nov-25 09:40:37.402 * b=45
20-Nov-25 09:40:37.402 * b=46
20-Nov-25 09:40:37.402 * b=47
20-Nov-25 09:40:37.402 * b=48
20-Nov-25 09:40:37.402 * b=49
20-Nov-25 09:40:37.402 * b=50
20-Nov-25 09:40:37.402 * b=51
20-Nov-25 09:40:37.402 * b=52
20-Nov-25 09:40:37.402 * b=53
20-Nov-25 09:40:37.402 * b=54
20-Nov-25 09:40:37.402 * b=55
20-Nov-25 09:40:37.402 * b=56
20-Nov-25 09:40:37.402 * b=57
20-Nov-25 09:40:37.402 * b=58
20-Nov-25 09:40:37.402 * b=59
20-Nov-25 09:40:37.402 * b=60
20-Nov-25 09:40:37.402 * b=61
20-Nov-25 09:40:37.402 * b=62
20-Nov-25 09:40:37.402 * b=63
20-Nov-25 09:40:37.402 * b=64
20-Nov-25 09:40:37.402 * b=65
20-Nov-25 09:40:37.402 * b=66
20-Nov-25 09:40:37.402 * b=67
20-Nov-25 09:40:37.402 * b=68
20-Nov-25 09:40:37.402 * b=69
20-Nov-25 09:40:37.402 * b=70
20-Nov-25 09:40:37.402 * b=71
20-Nov-25 09:40:37.402 * b=72
20-Nov-25 09:40:37.402 * b=73
20-Nov-25 09:40:37.402 * b=74
20-Nov-25 09:40:37.402 * b=75
20-Nov-25 09:40:37.403 * b=76
20-Nov-25 09:40:37.403 * b=77
20-Nov-25 09:40:37.403 * b=78
20-Nov-25 09:40:37.403 * b=79
20-Nov-25 09:40:37.403 * b=80
20-Nov-25 09:40:37.403 * b=81
20-Nov-25 09:40:37.403 * b=82
20-Nov-25 09:40:37.403 * b=83
20-Nov-25 09:40:37.403 * b=84
20-Nov-25 09:40:37.403 * b=85
20-Nov-25 09:40:37.403 * b=86
20-Nov-25 09:40:37.403 * b=87
20-Nov-25 09:40:37.403 * b=88
20-Nov-25 09:40:37.403 * b=89
20-Nov-25 09:40:37.403 * b=90
20-Nov-25 09:40:37.403 * b=91
20-Nov-25 09:40:37.403 * b=92
20-Nov-25 09:40:37.403 * b=93
20-Nov-25 09:40:37.403 * b=94
20-Nov-25 09:40:37.403 * b=95
20-Nov-25 09:40:37.403 - Opening device #3 Ultimate I/O ID#1 named  with 96 outputs
20-Nov-25 09:40:37.404 * Starting monitoring of keyboard = /dev/input/by-path/platform-xhci-hcd.1-usb-0:1:1.0-event-kbd
20-Nov-25 09:40:37.404 * Starting monitoring of keyboard = /dev/input/by-path/platform-xhci-hcd.1-usb-0:2:1.0-event-kbd
20-Nov-25 09:40:37.405 - Reading DOFLinx.ini startup config file details
20-Nov-25 09:40:37.405 * Processing parameter 'DEBUG' with data '69' not in real-time
20-Nov-25 09:40:37.405 - DEBUG enabled with showing of window True
20-Nov-25 09:40:37.405 * Special logging flag enabled with window turned on
20-Nov-25 09:40:37.406 * Processing parameter 'COLOUR_FILE' with data './config/colours.ini' not in real-time
20-Nov-25 09:40:37.406 - Reading colour file named ./config/colours.ini
20-Nov-25 09:40:37.409 * Processing parameter 'PATH_MAME' with data './mame/' not in real-time
20-Nov-25 09:40:37.409 * Processing parameter 'PATH_PIXELCADE' with data './pixelcade/' not in real-time
20-Nov-25 09:40:37.409 - The path './pixelcade/' does not exist
20-Nov-25 09:40:37.410 * Processing parameter 'MAME_FOLDER' with data '/usr/games/' not in real-time
20-Nov-25 09:40:37.410 * Processing parameter 'PROCESSES' with data 'retroarch' not in real-time
20-Nov-25 09:40:37.410 * Processing parameter 'MAME_PROCESS' with data 'retroarch' not in real-time
20-Nov-25 09:40:37.410 * Processing parameter 'MAME_RETROARCH_NCI' with data '1' not in real-time
20-Nov-25 09:40:37.421 * Processing parameter 'PIXELCADE_LCD_USE_NETWORK_ADDRESS' with data '1' not in real-time
20-Nov-25 09:40:37.421 * Processing parameter 'PIXELCADE_MENU_HIGHSCORE' with data '1' not in real-time
20-Nov-25 09:40:37.421 * Processing parameter 'PIXELCADE_GAME_START_HIGHSCORE' with data '1' not in real-time
20-Nov-25 09:40:37.421 * Processing parameter 'RGB_STYLE' with data 'RANDOM' not in real-time
20-Nov-25 09:40:37.421 * Processing parameter 'RGB_TRIGGER' with data 'TIME' not in real-time
20-Nov-25 09:40:37.421 * Processing parameter 'RGB_MIN_TIME' with data '1000' not in real-time
20-Nov-25 09:40:37.422 * Processing parameter 'LINK_BUT_CN' with data '0000,Orange,6' not in real-time
20-Nov-25 09:40:37.425 * Processing parameter 'LINK_BUT_EX' with data '0000,Amber,1' not in real-time
20-Nov-25 09:40:37.426 * Processing parameter 'LINK_BUT_J1' with data '0000,Random,0' not in real-time
20-Nov-25 09:40:37.426 * Processing parameter 'LINK_BUT_ST' with data '0000,White,6' not in real-time
20-Nov-25 09:40:37.426 * Processing parameter 'LINK_BUT_RE' with data '0000,Orange_Red,61' not in real-time
20-Nov-25 09:40:37.426 * Processing parameter 'LINK_BUT_PS' with data '0000,Deep_Pink,25' not in real-time
20-Nov-25 09:40:37.426 * Processing parameter 'LINK_BUT_P1' with data '0000,Cyan,2' not in real-time
20-Nov-25 09:40:37.426 * Processing parameter 'LINK_BUT_P2' with data '0000,Orchid,3' not in real-time
20-Nov-25 09:40:37.426 * Processing parameter 'LINK_BUT_B1' with data '0000,Green,29' not in real-time
20-Nov-25 09:40:37.426 * Processing parameter 'LINK_BUT_B2' with data '0000,Red,56' not in real-time
20-Nov-25 09:40:37.426 * Processing parameter 'LINK_BUT_B3' with data '0000,Yellow,57' not in real-time
20-Nov-25 09:40:37.426 * Processing parameter 'LINK_BUT_B4' with data '0000,Blue,00' not in real-time
20-Nov-25 09:40:37.426 * Processing parameter 'LINK_BUT_B5' with data '0000,Blue,44' not in real-time
20-Nov-25 09:40:37.426 * Processing parameter 'LINK_BUT_B6' with data '0000,Blue,45' not in real-time
20-Nov-25 09:40:37.426 * Processing parameter 'LINK_BUT_CH' with data '0000,Deep_Pink,64' not in real-time
20-Nov-25 09:40:37.426 * Processing parameter 'LINK_BUT_MN' with data '0000,Yellow,15' not in real-time
20-Nov-25 09:40:37.426 - DEBUG enabled with showing of window True
20-Nov-25 09:40:37.467 - No pixelcade.ini or settings.ini file could be found in the PATH_PIXELCADE= location
20-Nov-25 09:40:37.478 * 
20-Nov-25 09:40:37.480 - /usr/games/retroarch for game names was not found
20-Nov-25 09:40:37.481 - Trigger thread starting
20-Nov-25 09:40:37.495 * No menu.ini found
20-Nov-25 09:41:42.700 - Processing incoming message - QUIT
20-Nov-25 09:41:42.700 - Processing parameter 'QUIT' with data '' in real-time
20-Nov-25 09:41:42.703 - Shutting down
20-Nov-25 09:41:42.705 * USB write to /dev/hidraw4 with data 3,81,0,0,0,
20-Nov-25 09:41:42.707 * USB write to /dev/hidraw4 with data 3,82,0,0,0,
20-Nov-25 09:41:42.708 * USB write to /dev/hidraw4 with data 3,83,0,0,0,
20-Nov-25 09:41:42.708 * USB write to /dev/hidraw4 with data 3,84,0,0,0,
20-Nov-25 09:41:42.708 * USB write to /dev/hidraw4 with data 3,85,0,0,0,
20-Nov-25 09:41:42.708 * USB write to /dev/hidraw4 with data 3,86,0,0,0,
20-Nov-25 09:41:42.708 * USB write to /dev/hidraw4 with data 3,87,0,0,0,
20-Nov-25 09:41:42.708 * USB write to /dev/hidraw4 with data 3,88,0,0,0,
20-Nov-25 09:41:42.708 * USB write to /dev/hidraw4 with data 3,91,0,0,0,
20-Nov-25 09:41:42.708 * USB write to /dev/hidraw4 with data 3,92,0,0,0,
20-Nov-25 09:41:42.708 * USB write to /dev/hidraw4 with data 3,93,0,0,0,
20-Nov-25 09:41:42.708 * USB write to /dev/hidraw4 with data 3,94,0,0,0,
20-Nov-25 09:41:42.708 * USB write to /dev/hidraw3 with data 3,81,0,0,0,
20-Nov-25 09:41:42.708 * USB write to /dev/hidraw3 with data 3,82,0,0,0,
20-Nov-25 09:41:42.708 * USB write to /dev/hidraw3 with data 3,83,0,0,0,
20-Nov-25 09:41:42.708 * USB write to /dev/hidraw3 with data 3,84,0,0,0,
20-Nov-25 09:41:42.708 * USB write to /dev/hidraw3 with data 3,85,0,0,0,
20-Nov-25 09:41:42.708 * USB write to /dev/hidraw3 with data 3,86,0,0,0,
20-Nov-25 09:41:42.708 * USB write to /dev/hidraw3 with data 3,87,0,0,0,
20-Nov-25 09:41:42.708 * USB write to /dev/hidraw3 with data 3,88,0,0,0,
20-Nov-25 09:41:42.708 * USB write to /dev/hidraw3 with data 3,91,0,0,0,
20-Nov-25 09:41:42.708 * USB write to /dev/hidraw3 with data 3,92,0,0,0,
20-Nov-25 09:41:42.708 * USB write to /dev/hidraw3 with data 3,93,0,0,0,
20-Nov-25 09:41:42.708 * USB write to /dev/hidraw3 with data 3,94,0,0,0,
20-Nov-25 09:41:42.708 * USB write to /dev/hidraw2 with data 3,81,0,0,0,
20-Nov-25 09:41:42.709 * USB write to /dev/hidraw2 with data 3,82,0,0,0,
20-Nov-25 09:41:42.709 * USB write to /dev/hidraw2 with data 3,83,0,0,0,
20-Nov-25 09:41:42.709 * USB write to /dev/hidraw2 with data 3,84,0,0,0,
20-Nov-25 09:41:42.709 * USB write to /dev/hidraw2 with data 3,85,0,0,0,
20-Nov-25 09:41:42.709 * USB write to /dev/hidraw2 with data 3,86,0,0,0,
20-Nov-25 09:41:42.709 * USB write to /dev/hidraw2 with data 3,87,0,0,0,
20-Nov-25 09:41:42.709 * USB write to /dev/hidraw2 with data 3,88,0,0,0,
20-Nov-25 09:41:42.709 * USB write to /dev/hidraw2 with data 3,91,0,0,0,
20-Nov-25 09:41:42.709 * USB write to /dev/hidraw2 with data 3,92,0,0,0,
20-Nov-25 09:41:42.709 * USB write to /dev/hidraw2 with data 3,93,0,0,0,
20-Nov-25 09:41:42.709 * USB write to /dev/hidraw2 with data 3,94,0,0,0,
20-Nov-25 09:41:42.724 - Program close
20-Nov-25 09:42:13.447 - DEBUG enabled with showing of window True
20-Nov-25 09:42:13.461 * BETA logging flag enabled
20-Nov-25 09:42:13.461 - ***************************************************************
20-Nov-25 09:42:13.461 - Linux DOFLinx for Pinball and MAME Emulators - DOFLinx by DDH69
20-Nov-25 09:42:13.461 - Starting up - version 1.04 Beta 1
20-Nov-25 09:42:13.461 - ***************************************************************
20-Nov-25 09:42:13.463 - Linux OS on Arm64 processor with 64 bit operating system and 64 bit application
20-Nov-25 09:42:13.463 - If you like it, please make a donation here https://www.paypal.com/donate?hosted_button_id=YEPCTUYFX5KDE
20-Nov-25 09:42:13.463 - The guide can be found here https://doflinx.github.io/docs/
20-Nov-25 09:42:13.463 - For support come and visit the community here https://www.vpforums.org/index.php?showforum=104
20-Nov-25 09:42:13.464 - Pre-Reading DOFLinx.ini startup config file details
20-Nov-25 09:42:13.491 * Processing parameter 'DEBUG' with data '69' not in real-time
20-Nov-25 09:42:13.491 - DEBUG enabled with showing of window True
20-Nov-25 09:42:13.491 * Special logging flag enabled with window turned on
20-Nov-25 09:42:13.491 - DEBUG enabled with showing of window True
20-Nov-25 09:42:13.499 * Ultimate I/O board found - not fully implemented
20-Nov-25 09:42:13.499 * Ultimate I/O board found - not fully implemented
20-Nov-25 09:42:13.499 * Ultimate I/O board found - not fully implemented
20-Nov-25 09:42:13.499 - Opening device #1 Ultimate I/O ID#1 named  with 96 outputs
20-Nov-25 09:42:13.499 - Opening device #2 Ultimate I/O ID#1 named  with 96 outputs
20-Nov-25 09:42:13.499 - Opening device #3 Ultimate I/O ID#1 named  with 96 outputs
20-Nov-25 09:42:13.501 * Starting monitoring of keyboard = /dev/input/by-path/platform-xhci-hcd.1-usb-0:1:1.0-event-kbd
20-Nov-25 09:42:13.501 * Starting monitoring of keyboard = /dev/input/by-path/platform-xhci-hcd.1-usb-0:2:1.0-event-kbd
20-Nov-25 09:42:13.502 - Reading DOFLinx.ini startup config file details
20-Nov-25 09:42:13.502 * Processing parameter 'DEBUG' with data '69' not in real-time
20-Nov-25 09:42:13.502 - DEBUG enabled with showing of window True
20-Nov-25 09:42:13.502 * Special logging flag enabled with window turned on
20-Nov-25 09:42:13.502 * Processing parameter 'COLOUR_FILE' with data './config/colours.ini' not in real-time
20-Nov-25 09:42:13.503 - Reading colour file named ./config/colours.ini
20-Nov-25 09:42:13.505 * Processing parameter 'PATH_MAME' with data './mame/' not in real-time
20-Nov-25 09:42:13.506 * Processing parameter 'PATH_PIXELCADE' with data './pixelcade/' not in real-time
20-Nov-25 09:42:13.506 - The path './pixelcade/' does not exist
20-Nov-25 09:42:13.506 * Processing parameter 'MAME_FOLDER' with data '/usr/games/' not in real-time
20-Nov-25 09:42:13.506 * Processing parameter 'PROCESSES' with data 'retroarch' not in real-time
20-Nov-25 09:42:13.507 * Processing parameter 'MAME_PROCESS' with data 'retroarch' not in real-time
20-Nov-25 09:42:13.507 * Processing parameter 'MAME_RETROARCH_NCI' with data '1' not in real-time
20-Nov-25 09:42:13.517 * Processing parameter 'PIXELCADE_LCD_USE_NETWORK_ADDRESS' with data '1' not in real-time
20-Nov-25 09:42:13.518 * Processing parameter 'PIXELCADE_MENU_HIGHSCORE' with data '1' not in real-time
20-Nov-25 09:42:13.518 * Processing parameter 'PIXELCADE_GAME_START_HIGHSCORE' with data '1' not in real-time
20-Nov-25 09:42:13.518 * Processing parameter 'RGB_STYLE' with data 'RANDOM' not in real-time
20-Nov-25 09:42:13.518 * Processing parameter 'RGB_TRIGGER' with data 'TIME' not in real-time
20-Nov-25 09:42:13.518 * Processing parameter 'RGB_MIN_TIME' with data '1000' not in real-time
20-Nov-25 09:42:13.519 * Processing parameter 'LINK_BUT_CN' with data '0000,Orange,6' not in real-time
20-Nov-25 09:42:13.522 * Processing parameter 'LINK_BUT_EX' with data '0000,Amber,1' not in real-time
20-Nov-25 09:42:13.522 * Processing parameter 'LINK_BUT_J1' with data '0000,Random,0' not in real-time
20-Nov-25 09:42:13.523 * Processing parameter 'LINK_BUT_ST' with data '0000,White,6' not in real-time
20-Nov-25 09:42:13.523 * Processing parameter 'LINK_BUT_RE' with data '0000,Orange_Red,61' not in real-time
20-Nov-25 09:42:13.523 * Processing parameter 'LINK_BUT_PS' with data '0000,Deep_Pink,25' not in real-time
20-Nov-25 09:42:13.523 * Processing parameter 'LINK_BUT_P1' with data '0000,Cyan,2' not in real-time
20-Nov-25 09:42:13.523 * Processing parameter 'LINK_BUT_P2' with data '0000,Orchid,3' not in real-time
20-Nov-25 09:42:13.523 * Processing parameter 'LINK_BUT_B1' with data '0000,Green,29' not in real-time
20-Nov-25 09:42:13.523 * Processing parameter 'LINK_BUT_B2' with data '0000,Red,56' not in real-time
20-Nov-25 09:42:13.523 * Processing parameter 'LINK_BUT_B3' with data '0000,Yellow,57' not in real-time
20-Nov-25 09:42:13.523 * Processing parameter 'LINK_BUT_B4' with data '0000,Blue,00' not in real-time
20-Nov-25 09:42:13.523 * Processing parameter 'LINK_BUT_B5' with data '0000,Blue,44' not in real-time
20-Nov-25 09:42:13.523 * Processing parameter 'LINK_BUT_B6' with data '0000,Blue,45' not in real-time
20-Nov-25 09:42:13.523 * Processing parameter 'LINK_BUT_CH' with data '0000,Deep_Pink,64' not in real-time
20-Nov-25 09:42:13.523 * Processing parameter 'LINK_BUT_MN' with data '0000,Yellow,15' not in real-time
20-Nov-25 09:42:13.523 - DEBUG enabled with showing of window True
20-Nov-25 09:42:13.565 - No pixelcade.ini or settings.ini file could be found in the PATH_PIXELCADE= location
20-Nov-25 09:42:13.575 * 
20-Nov-25 09:42:13.577 - /usr/games/retroarch for game names was not found
20-Nov-25 09:42:13.578 - Trigger thread starting
20-Nov-25 09:42:13.589 * No menu.ini found
20-Nov-25 09:42:27.621 - Processing incoming message - TEST_PORT=1001,1000
20-Nov-25 09:42:27.621 - Processing parameter 'TEST_PORT' with data '1001,1000' in real-time
20-Nov-25 09:42:27.621 - Turning ON device/port 1001 for 1000 mS
20-Nov-25 09:42:27.624 * USB write to /dev/hidraw4 with data 3,0,255,0,0,
20-Nov-25 09:42:28.626 - Turning OFF device/port 1001
20-Nov-25 09:42:28.627 * USB write to /dev/hidraw4 with data 3,0,0,0,0,
20-Nov-25 09:42:35.539 - Processing incoming message - TEST_PORT=1002,1000
20-Nov-25 09:42:35.539 - Processing parameter 'TEST_PORT' with data '1002,1000' in real-time
20-Nov-25 09:42:35.539 - Turning ON device/port 1002 for 1000 mS
20-Nov-25 09:42:35.539 * USB write to /dev/hidraw4 with data 3,1,255,0,0,
20-Nov-25 09:42:36.540 - Turning OFF device/port 1002
20-Nov-25 09:42:36.540 * USB write to /dev/hidraw4 with data 3,1,0,0,0,
20-Nov-25 09:42:40.782 - Processing incoming message - TEST_PORT=1003,1000
20-Nov-25 09:42:40.782 - Processing parameter 'TEST_PORT' with data '1003,1000' in real-time
20-Nov-25 09:42:40.782 - Turning ON device/port 1003 for 1000 mS
20-Nov-25 09:42:40.782 * USB write to /dev/hidraw4 with data 3,2,255,0,0,
20-Nov-25 09:42:41.782 - Turning OFF device/port 1003
20-Nov-25 09:42:41.782 * USB write to /dev/hidraw4 with data 3,2,0,0,0,
20-Nov-25 09:43:01.580 - Processing incoming message - TEST_PORT=2001,1000
20-Nov-25 09:43:01.580 - Processing parameter 'TEST_PORT' with data '2001,1000' in real-time
20-Nov-25 09:43:01.580 - Turning ON device/port 2001 for 1000 mS
20-Nov-25 09:43:01.580 * USB write to /dev/hidraw3 with data 3,0,255,0,0,
20-Nov-25 09:43:02.580 - Turning OFF device/port 2001
20-Nov-25 09:43:02.580 * USB write to /dev/hidraw3 with data 3,0,0,0,0,
20-Nov-25 09:43:07.652 - Processing incoming message - TEST_PORT=3001,1000
20-Nov-25 09:43:07.652 - Processing parameter 'TEST_PORT' with data '3001,1000' in real-time
20-Nov-25 09:43:07.652 - Turning ON device/port 3001 for 1000 mS
20-Nov-25 09:43:07.652 * USB write to /dev/hidraw2 with data 3,0,255,0,0,
20-Nov-25 09:43:08.652 - Turning OFF device/port 3001
20-Nov-25 09:43:08.652 * USB write to /dev/hidraw2 with data 3,0,0,0,0,
20-Nov-25 09:43:25.744 - Processing incoming message - QUIT
20-Nov-25 09:43:25.744 - Processing parameter 'QUIT' with data '' in real-time
20-Nov-25 09:43:25.750 - Shutting down
20-Nov-25 09:43:25.752 * USB write to /dev/hidraw4 with data 3,81,0,0,0,
20-Nov-25 09:43:25.752 * USB write to /dev/hidraw4 with data 3,82,0,0,0,
20-Nov-25 09:43:25.753 * USB write to /dev/hidraw4 with data 3,83,0,0,0,
20-Nov-25 09:43:25.753 * USB write to /dev/hidraw4 with data 3,84,0,0,0,
20-Nov-25 09:43:25.753 * USB write to /dev/hidraw4 with data 3,85,0,0,0,
20-Nov-25 09:43:25.753 * USB write to /dev/hidraw4 with data 3,86,0,0,0,
20-Nov-25 09:43:25.753 * USB write to /dev/hidraw4 with data 3,87,0,0,0,
20-Nov-25 09:43:25.753 * USB write to /dev/hidraw4 with data 3,88,0,0,0,
20-Nov-25 09:43:25.753 * USB write to /dev/hidraw4 with data 3,91,0,0,0,
20-Nov-25 09:43:25.753 * USB write to /dev/hidraw4 with data 3,92,0,0,0,
20-Nov-25 09:43:25.753 * USB write to /dev/hidraw4 with data 3,93,0,0,0,
20-Nov-25 09:43:25.753 * USB write to /dev/hidraw4 with data 3,94,0,0,0,
20-Nov-25 09:43:25.753 * USB write to /dev/hidraw3 with data 3,81,0,0,0,
20-Nov-25 09:43:25.753 * USB write to /dev/hidraw3 with data 3,82,0,0,0,
20-Nov-25 09:43:25.754 * USB write to /dev/hidraw3 with data 3,83,0,0,0,
20-Nov-25 09:43:25.754 * USB write to /dev/hidraw3 with data 3,84,0,0,0,
20-Nov-25 09:43:25.754 * USB write to /dev/hidraw3 with data 3,85,0,0,0,
20-Nov-25 09:43:25.754 * USB write to /dev/hidraw3 with data 3,86,0,0,0,
20-Nov-25 09:43:25.754 * USB write to /dev/hidraw3 with data 3,87,0,0,0,
20-Nov-25 09:43:25.754 * USB write to /dev/hidraw3 with data 3,88,0,0,0,
20-Nov-25 09:43:25.754 * USB write to /dev/hidraw3 with data 3,91,0,0,0,
20-Nov-25 09:43:25.754 * USB write to /dev/hidraw3 with data 3,92,0,0,0,
20-Nov-25 09:43:25.754 * USB write to /dev/hidraw3 with data 3,93,0,0,0,
20-Nov-25 09:43:25.754 * USB write to /dev/hidraw3 with data 3,94,0,0,0,
20-Nov-25 09:43:25.754 * USB write to /dev/hidraw2 with data 3,81,0,0,0,
20-Nov-25 09:43:25.754 * USB write to /dev/hidraw2 with data 3,82,0,0,0,
20-Nov-25 09:43:25.754 * USB write to /dev/hidraw2 with data 3,83,0,0,0,
20-Nov-25 09:43:25.754 * USB write to /dev/hidraw2 with data 3,84,0,0,0,
20-Nov-25 09:43:25.754 * USB write to /dev/hidraw2 with data 3,85,0,0,0,
20-Nov-25 09:43:25.754 * USB write to /dev/hidraw2 with data 3,86,0,0,0,
20-Nov-25 09:43:25.754 * USB write to /dev/hidraw2 with data 3,87,0,0,0,
20-Nov-25 09:43:25.754 * USB write to /dev/hidraw2 with data 3,88,0,0,0,
20-Nov-25 09:43:25.754 * USB write to /dev/hidraw2 with data 3,91,0,0,0,
20-Nov-25 09:43:25.754 * USB write to /dev/hidraw2 with data 3,92,0,0,0,
20-Nov-25 09:43:25.754 * USB write to /dev/hidraw2 with data 3,93,0,0,0,
20-Nov-25 09:43:25.754 * USB write to /dev/hidraw2 with data 3,94,0,0,0,
20-Nov-25 09:43:25.762 - Program close
20-Nov-25 16:08:20.917 - DEBUG enabled with showing of window True
20-Nov-25 16:08:20.929 * BETA logging flag enabled
20-Nov-25 16:08:20.929 - ***************************************************************
20-Nov-25 16:08:20.929 - Linux DOFLinx for Pinball and MAME Emulators - DOFLinx by DDH69
20-Nov-25 16:08:20.929 - Starting up - version 1.04 Beta 1
20-Nov-25 16:08:20.929 - ***************************************************************
20-Nov-25 16:08:20.930 - Linux OS on Arm64 processor with 64 bit operating system and 64 bit application
20-Nov-25 16:08:20.930 - If you like it, please make a donation here https://www.paypal.com/donate?hosted_button_id=YEPCTUYFX5KDE
20-Nov-25 16:08:20.930 - The guide can be found here https://doflinx.github.io/docs/
20-Nov-25 16:08:20.930 - For support come and visit the community here https://www.vpforums.org/index.php?showforum=104
20-Nov-25 16:08:20.931 - Pre-Reading DOFLinx.ini startup config file details
20-Nov-25 16:08:20.960 * Processing parameter 'DEBUG' with data '69' not in real-time
20-Nov-25 16:08:20.961 - DEBUG enabled with showing of window True
20-Nov-25 16:08:20.961 * Special logging flag enabled with window turned on
20-Nov-25 16:08:20.961 - DEBUG enabled with showing of window True
20-Nov-25 16:08:20.967 * PacLED64 board found - not fully implemented
20-Nov-25 16:08:20.978 * Probable ID=1
20-Nov-25 16:08:20.978 * /dev/hidraw2
20-Nov-25 16:08:20.979 - Opening device #1 PacLED64 ID#1 named  with 64 outputs
20-Nov-25 16:08:20.980 * Starting monitoring of keyboard = /dev/input/by-path/platform-xhci-hcd.1-usb-0:2:1.0-event-kbd
20-Nov-25 16:08:20.981 - Reading DOFLinx.ini startup config file details
20-Nov-25 16:08:20.981 * Processing parameter 'DEBUG' with data '69' not in real-time
20-Nov-25 16:08:20.981 - DEBUG enabled with showing of window True
20-Nov-25 16:08:20.981 * Special logging flag enabled with window turned on
20-Nov-25 16:08:20.981 * Processing parameter 'COLOUR_FILE' with data './config/colours.ini' not in real-time
20-Nov-25 16:08:20.982 - Reading colour file named ./config/colours.ini
20-Nov-25 16:08:20.984 * Processing parameter 'PATH_MAME' with data './mame/' not in real-time
20-Nov-25 16:08:20.986 * Processing parameter 'PATH_PIXELCADE' with data './pixelcade/' not in real-time
20-Nov-25 16:08:20.986 - The path './pixelcade/' does not exist
20-Nov-25 16:08:20.987 * Processing parameter 'MAME_FOLDER' with data '/usr/games/' not in real-time
20-Nov-25 16:08:20.987 * Processing parameter 'PROCESSES' with data 'retroarch' not in real-time
20-Nov-25 16:08:20.987 * Processing parameter 'MAME_PROCESS' with data 'retroarch' not in real-time
20-Nov-25 16:08:20.988 * Processing parameter 'MAME_RETROARCH_NCI' with data '1' not in real-time
20-Nov-25 16:08:20.988 * Processing parameter 'PIXELCADE_LCD_USE_NETWORK_ADDRESS' with data '1' not in real-time
20-Nov-25 16:08:20.988 * Processing parameter 'PIXELCADE_MENU_HIGHSCORE' with data '1' not in real-time
20-Nov-25 16:08:20.988 * Processing parameter 'PIXELCADE_GAME_START_HIGHSCORE' with data '1' not in real-time
20-Nov-25 16:08:20.988 * Processing parameter 'RGB_STYLE' with data 'RANDOM' not in real-time
20-Nov-25 16:08:20.988 * Processing parameter 'RGB_TRIGGER' with data 'TIME' not in real-time
20-Nov-25 16:08:20.988 * Processing parameter 'RGB_MIN_TIME' with data '1000' not in real-time
20-Nov-25 16:08:20.988 * Processing parameter 'LINK_BUT_CN' with data '0000,Orange,6' not in real-time
20-Nov-25 16:08:20.992 * Processing parameter 'LINK_BUT_EX' with data '0000,Amber,1' not in real-time
20-Nov-25 16:08:20.992 * Processing parameter 'LINK_BUT_J1' with data '0000,Random,0' not in real-time
20-Nov-25 16:08:20.992 * Processing parameter 'LINK_BUT_ST' with data '0000,White,6' not in real-time
20-Nov-25 16:08:20.992 * Processing parameter 'LINK_BUT_RE' with data '0000,Orange_Red,61' not in real-time
20-Nov-25 16:08:20.992 * Processing parameter 'LINK_BUT_PS' with data '0000,Deep_Pink,25' not in real-time
20-Nov-25 16:08:20.992 * Processing parameter 'LINK_BUT_P1' with data '0000,Cyan,2' not in real-time
20-Nov-25 16:08:20.992 * Processing parameter 'LINK_BUT_P2' with data '0000,Orchid,3' not in real-time
20-Nov-25 16:08:20.992 * Processing parameter 'LINK_BUT_B1' with data '0000,Green,29' not in real-time
20-Nov-25 16:08:20.992 * Processing parameter 'LINK_BUT_B2' with data '0000,Red,56' not in real-time
20-Nov-25 16:08:20.992 * Processing parameter 'LINK_BUT_B3' with data '0000,Yellow,57' not in real-time
20-Nov-25 16:08:20.992 * Processing parameter 'LINK_BUT_B4' with data '0000,Blue,00' not in real-time
20-Nov-25 16:08:20.992 * Processing parameter 'LINK_BUT_B5' with data '0000,Blue,44' not in real-time
20-Nov-25 16:08:20.992 * Processing parameter 'LINK_BUT_B6' with data '0000,Blue,45' not in real-time
20-Nov-25 16:08:20.992 * Processing parameter 'LINK_BUT_CH' with data '0000,Deep_Pink,64' not in real-time
20-Nov-25 16:08:20.992 * Processing parameter 'LINK_BUT_MN' with data '0000,Yellow,15' not in real-time
20-Nov-25 16:08:20.992 - DEBUG enabled with showing of window True
20-Nov-25 16:08:21.038 - No pixelcade.ini or settings.ini file could be found in the PATH_PIXELCADE= location
20-Nov-25 16:08:21.048 * 
20-Nov-25 16:08:21.050 - /usr/games/retroarch for game names was not found
20-Nov-25 16:08:21.053 - Trigger thread starting
20-Nov-25 16:08:21.063 * No menu.ini found
20-Nov-25 16:08:40.781 - Processing incoming message - QUIT
20-Nov-25 16:08:40.781 - Processing parameter 'QUIT' with data '' in real-time
20-Nov-25 16:08:40.783 - Shutting down
20-Nov-25 16:08:40.792 * USB write to /dev/hidraw2 with data 81,0,
20-Nov-25 16:08:40.793 * USB write to /dev/hidraw2 with data 82,0,
20-Nov-25 16:08:40.794 * USB write to /dev/hidraw2 with data 83,0,
20-Nov-25 16:08:40.794 * USB write to /dev/hidraw2 with data 84,0,
20-Nov-25 16:08:40.795 * USB write to /dev/hidraw2 with data 85,0,
20-Nov-25 16:08:40.795 * USB write to /dev/hidraw2 with data 86,0,
20-Nov-25 16:08:40.795 * USB write to /dev/hidraw2 with data 87,0,
20-Nov-25 16:08:40.795 * USB write to /dev/hidraw2 with data 88,0,
20-Nov-25 16:08:40.797 - Program close
20-Nov-25 16:21:32.462 - DEBUG enabled with showing of window True
20-Nov-25 16:21:32.474 * BETA logging flag enabled
20-Nov-25 16:21:32.474 - ***************************************************************
20-Nov-25 16:21:32.474 - Linux DOFLinx for Pinball and MAME Emulators - DOFLinx by DDH69
20-Nov-25 16:21:32.474 - Starting up - version 1.04 Beta 1
20-Nov-25 16:21:32.474 - ***************************************************************
20-Nov-25 16:21:32.476 - Linux OS on Arm64 processor with 64 bit operating system and 64 bit application
20-Nov-25 16:21:32.476 - If you like it, please make a donation here https://www.paypal.com/donate?hosted_button_id=YEPCTUYFX5KDE
20-Nov-25 16:21:32.476 - The guide can be found here https://doflinx.github.io/docs/
20-Nov-25 16:21:32.476 - For support come and visit the community here https://www.vpforums.org/index.php?showforum=104
20-Nov-25 16:21:32.477 - Pre-Reading DOFLinx.ini startup config file details
20-Nov-25 16:21:32.504 * Processing parameter 'DEBUG' with data '69' not in real-time
20-Nov-25 16:21:32.504 - DEBUG enabled with showing of window True
20-Nov-25 16:21:32.504 * Special logging flag enabled with window turned on
20-Nov-25 16:21:32.504 - DEBUG enabled with showing of window True
20-Nov-25 16:21:32.512 * Ultimate I/O board found - not fully implemented
20-Nov-25 16:21:32.512 * Ultimate I/O board found - not fully implemented
20-Nov-25 16:21:32.512 * Ultimate I/O board found - not fully implemented
20-Nov-25 16:21:32.512 - Opening device #1 Ultimate I/O ID#1 named  with 96 outputs
20-Nov-25 16:21:32.512 - Opening device #2 Ultimate I/O ID#1 named  with 96 outputs
20-Nov-25 16:21:32.512 - Opening device #3 Ultimate I/O ID#1 named  with 96 outputs
20-Nov-25 16:21:32.514 * Starting monitoring of keyboard = /dev/input/by-path/platform-xhci-hcd.1-usb-0:1:1.0-event-kbd
20-Nov-25 16:21:32.514 * Starting monitoring of keyboard = /dev/input/by-path/platform-xhci-hcd.1-usb-0:2:1.0-event-kbd
20-Nov-25 16:21:32.515 - Reading DOFLinx.ini startup config file details
20-Nov-25 16:21:32.515 * Processing parameter 'DEBUG' with data '69' not in real-time
20-Nov-25 16:21:32.515 - DEBUG enabled with showing of window True
20-Nov-25 16:21:32.515 * Special logging flag enabled with window turned on
20-Nov-25 16:21:32.515 * Processing parameter 'COLOUR_FILE' with data './config/colours.ini' not in real-time
20-Nov-25 16:21:32.516 - Reading colour file named ./config/colours.ini
20-Nov-25 16:21:32.518 * Processing parameter 'PATH_MAME' with data './mame/' not in real-time
20-Nov-25 16:21:32.519 * Processing parameter 'PATH_PIXELCADE' with data './pixelcade/' not in real-time
20-Nov-25 16:21:32.519 - The path './pixelcade/' does not exist
20-Nov-25 16:21:32.519 * Processing parameter 'MAME_FOLDER' with data '/usr/games/' not in real-time
20-Nov-25 16:21:32.519 * Processing parameter 'PROCESSES' with data 'retroarch' not in real-time
20-Nov-25 16:21:32.520 * Processing parameter 'MAME_PROCESS' with data 'retroarch' not in real-time
20-Nov-25 16:21:32.520 * Processing parameter 'MAME_RETROARCH_NCI' with data '1' not in real-time
20-Nov-25 16:21:32.530 * Processing parameter 'PIXELCADE_LCD_USE_NETWORK_ADDRESS' with data '1' not in real-time
20-Nov-25 16:21:32.531 * Processing parameter 'PIXELCADE_MENU_HIGHSCORE' with data '1' not in real-time
20-Nov-25 16:21:32.531 * Processing parameter 'PIXELCADE_GAME_START_HIGHSCORE' with data '1' not in real-time
20-Nov-25 16:21:32.531 * Processing parameter 'RGB_STYLE' with data 'RANDOM' not in real-time
20-Nov-25 16:21:32.531 * Processing parameter 'RGB_TRIGGER' with data 'TIME' not in real-time
20-Nov-25 16:21:32.531 * Processing parameter 'RGB_MIN_TIME' with data '1000' not in real-time
20-Nov-25 16:21:32.532 * Processing parameter 'LINK_BUT_CN' with data '0000,Orange,6' not in real-time
20-Nov-25 16:21:32.536 * Processing parameter 'LINK_BUT_EX' with data '0000,Amber,1' not in real-time
20-Nov-25 16:21:32.536 * Processing parameter 'LINK_BUT_J1' with data '0000,Random,0' not in real-time
20-Nov-25 16:21:32.536 * Processing parameter 'LINK_BUT_ST' with data '0000,White,6' not in real-time
20-Nov-25 16:21:32.536 * Processing parameter 'LINK_BUT_RE' with data '0000,Orange_Red,61' not in real-time
20-Nov-25 16:21:32.536 * Processing parameter 'LINK_BUT_PS' with data '0000,Deep_Pink,25' not in real-time
20-Nov-25 16:21:32.536 * Processing parameter 'LINK_BUT_P1' with data '0000,Cyan,2' not in real-time
20-Nov-25 16:21:32.536 * Processing parameter 'LINK_BUT_P2' with data '0000,Orchid,3' not in real-time
20-Nov-25 16:21:32.536 * Processing parameter 'LINK_BUT_B1' with data '0000,Green,29' not in real-time
20-Nov-25 16:21:32.536 * Processing parameter 'LINK_BUT_B2' with data '0000,Red,56' not in real-time
20-Nov-25 16:21:32.536 * Processing parameter 'LINK_BUT_B3' with data '0000,Yellow,57' not in real-time
20-Nov-25 16:21:32.536 * Processing parameter 'LINK_BUT_B4' with data '0000,Blue,00' not in real-time
20-Nov-25 16:21:32.536 * Processing parameter 'LINK_BUT_B5' with data '0000,Blue,44' not in real-time
20-Nov-25 16:21:32.536 * Processing parameter 'LINK_BUT_B6' with data '0000,Blue,45' not in real-time
20-Nov-25 16:21:32.536 * Processing parameter 'LINK_BUT_CH' with data '0000,Deep_Pink,64' not in real-time
20-Nov-25 16:21:32.536 * Processing parameter 'LINK_BUT_MN' with data '0000,Yellow,15' not in real-time
20-Nov-25 16:21:32.536 - DEBUG enabled with showing of window True
20-Nov-25 16:21:32.578 - No pixelcade.ini or settings.ini file could be found in the PATH_PIXELCADE= location
20-Nov-25 16:21:32.590 * 
20-Nov-25 16:21:32.591 - /usr/games/retroarch for game names was not found
20-Nov-25 16:21:32.592 - Trigger thread starting
20-Nov-25 16:21:32.602 * No menu.ini found
20-Nov-25 16:21:57.054 - Processing incoming message - TEST_PORT=1001,1000
20-Nov-25 16:21:57.054 - Processing parameter 'TEST_PORT' with data '1001,1000' in real-time
20-Nov-25 16:21:57.054 - Turning ON device/port 1001 for 1000 mS
20-Nov-25 16:21:57.058 * USB write to /dev/hidraw4 with data 3,0,255,0,0,
20-Nov-25 16:21:58.061 - Turning OFF device/port 1001
20-Nov-25 16:21:58.062 * USB write to /dev/hidraw4 with data 3,0,0,0,0,
20-Nov-25 16:22:27.334 - Processing incoming message - TEST_PORT=1002,1000
20-Nov-25 16:22:27.334 - Processing parameter 'TEST_PORT' with data '1002,1000' in real-time
20-Nov-25 16:22:27.334 - Turning ON device/port 1002 for 1000 mS
20-Nov-25 16:22:27.334 * USB write to /dev/hidraw4 with data 3,1,255,0,0,
20-Nov-25 16:22:28.334 - Turning OFF device/port 1002
20-Nov-25 16:22:28.334 * USB write to /dev/hidraw4 with data 3,1,0,0,0,
20-Nov-25 16:22:44.580 - Processing incoming message - TEST_PORT=2002,1000
20-Nov-25 16:22:44.580 - Processing parameter 'TEST_PORT' with data '2002,1000' in real-time
20-Nov-25 16:22:44.580 - Turning ON device/port 2002 for 1000 mS
20-Nov-25 16:22:44.580 * USB write to /dev/hidraw3 with data 3,1,255,0,0,
20-Nov-25 16:22:45.580 - Turning OFF device/port 2002
20-Nov-25 16:22:45.580 * USB write to /dev/hidraw3 with data 3,1,0,0,0,
20-Nov-25 16:23:06.508 - Processing incoming message - TEST_PORT=3002,1000
20-Nov-25 16:23:06.508 - Processing parameter 'TEST_PORT' with data '3002,1000' in real-time
20-Nov-25 16:23:06.508 - Turning ON device/port 3002 for 1000 mS
20-Nov-25 16:23:06.508 * USB write to /dev/hidraw2 with data 3,1,255,0,0,
20-Nov-25 16:23:07.508 - Turning OFF device/port 3002
20-Nov-25 16:23:07.508 * USB write to /dev/hidraw2 with data 3,1,0,0,0,
20-Nov-25 16:23:33.064 - Processing incoming message - QUIT
20-Nov-25 16:23:33.064 - Processing parameter 'QUIT' with data '' in real-time
20-Nov-25 16:23:33.066 - Shutting down
20-Nov-25 16:23:33.067 * USB write to /dev/hidraw4 with data 3,81,0,0,0,
20-Nov-25 16:23:33.067 * USB write to /dev/hidraw4 with data 3,82,0,0,0,
20-Nov-25 16:23:33.069 * USB write to /dev/hidraw4 with data 3,83,0,0,0,
20-Nov-25 16:23:33.069 * USB write to /dev/hidraw4 with data 3,84,0,0,0,
20-Nov-25 16:23:33.069 * USB write to /dev/hidraw4 with data 3,85,0,0,0,
20-Nov-25 16:23:33.069 * USB write to /dev/hidraw4 with data 3,86,0,0,0,
20-Nov-25 16:23:33.069 * USB write to /dev/hidraw4 with data 3,87,0,0,0,
20-Nov-25 16:23:33.069 * USB write to /dev/hidraw4 with data 3,88,0,0,0,
20-Nov-25 16:23:33.069 * USB write to /dev/hidraw4 with data 3,91,0,0,0,
20-Nov-25 16:23:33.069 * USB write to /dev/hidraw4 with data 3,92,0,0,0,
20-Nov-25 16:23:33.069 * USB write to /dev/hidraw4 with data 3,93,0,0,0,
20-Nov-25 16:23:33.069 * USB write to /dev/hidraw4 with data 3,94,0,0,0,
20-Nov-25 16:23:33.069 * USB write to /dev/hidraw3 with data 3,81,0,0,0,
20-Nov-25 16:23:33.069 * USB write to /dev/hidraw3 with data 3,82,0,0,0,
20-Nov-25 16:23:33.069 * USB write to /dev/hidraw3 with data 3,83,0,0,0,
20-Nov-25 16:23:33.069 * USB write to /dev/hidraw3 with data 3,84,0,0,0,
20-Nov-25 16:23:33.069 * USB write to /dev/hidraw3 with data 3,85,0,0,0,
20-Nov-25 16:23:33.069 * USB write to /dev/hidraw3 with data 3,86,0,0,0,
20-Nov-25 16:23:33.069 * USB write to /dev/hidraw3 with data 3,87,0,0,0,
20-Nov-25 16:23:33.069 * USB write to /dev/hidraw3 with data 3,88,0,0,0,
20-Nov-25 16:23:33.069 * USB write to /dev/hidraw3 with data 3,91,0,0,0,
20-Nov-25 16:23:33.069 * USB write to /dev/hidraw3 with data 3,92,0,0,0,
20-Nov-25 16:23:33.069 * USB write to /dev/hidraw3 with data 3,93,0,0,0,
20-Nov-25 16:23:33.069 * USB write to /dev/hidraw3 with data 3,94,0,0,0,
20-Nov-25 16:23:33.069 * USB write to /dev/hidraw2 with data 3,81,0,0,0,
20-Nov-25 16:23:33.069 * USB write to /dev/hidraw2 with data 3,82,0,0,0,
20-Nov-25 16:23:33.070 * USB write to /dev/hidraw2 with data 3,83,0,0,0,
20-Nov-25 16:23:33.070 * USB write to /dev/hidraw2 with data 3,84,0,0,0,
20-Nov-25 16:23:33.070 * USB write to /dev/hidraw2 with data 3,85,0,0,0,
20-Nov-25 16:23:33.070 * USB write to /dev/hidraw2 with data 3,86,0,0,0,
20-Nov-25 16:23:33.070 * USB write to /dev/hidraw2 with data 3,87,0,0,0,
20-Nov-25 16:23:33.070 * USB write to /dev/hidraw2 with data 3,88,0,0,0,
20-Nov-25 16:23:33.070 * USB write to /dev/hidraw2 with data 3,91,0,0,0,
20-Nov-25 16:23:33.070 * USB write to /dev/hidraw2 with data 3,92,0,0,0,
20-Nov-25 16:23:33.070 * USB write to /dev/hidraw2 with data 3,93,0,0,0,
20-Nov-25 16:23:33.070 * USB write to /dev/hidraw2 with data 3,94,0,0,0,
20-Nov-25 16:23:33.089 - Program close
20-Nov-25 16:23:43.648 - DEBUG enabled with showing of window True
20-Nov-25 16:23:43.660 * BETA logging flag enabled
20-Nov-25 16:23:43.660 - ***************************************************************
20-Nov-25 16:23:43.660 - Linux DOFLinx for Pinball and MAME Emulators - DOFLinx by DDH69
20-Nov-25 16:23:43.660 - Starting up - version 1.04 Beta 1
20-Nov-25 16:23:43.660 - ***************************************************************
20-Nov-25 16:23:43.662 - Linux OS on Arm64 processor with 64 bit operating system and 64 bit application
20-Nov-25 16:23:43.662 - If you like it, please make a donation here https://www.paypal.com/donate?hosted_button_id=YEPCTUYFX5KDE
20-Nov-25 16:23:43.662 - The guide can be found here https://doflinx.github.io/docs/
20-Nov-25 16:23:43.662 - For support come and visit the community here https://www.vpforums.org/index.php?showforum=104
20-Nov-25 16:23:43.663 - Pre-Reading DOFLinx.ini startup config file details
20-Nov-25 16:23:43.690 * Processing parameter 'DEBUG' with data '69' not in real-time
20-Nov-25 16:23:43.690 - DEBUG enabled with showing of window True
20-Nov-25 16:23:43.690 * Special logging flag enabled with window turned on
20-Nov-25 16:23:43.690 - DEBUG enabled with showing of window True
20-Nov-25 16:23:43.698 * Ultimate I/O board found - not fully implemented
20-Nov-25 16:23:43.698 * Ultimate I/O board found - not fully implemented
20-Nov-25 16:23:43.698 * Ultimate I/O board found - not fully implemented
20-Nov-25 16:23:43.699 - Opening device #1 Ultimate I/O ID#1 named  with 96 outputs
20-Nov-25 16:23:43.699 - Opening device #2 Ultimate I/O ID#1 named  with 96 outputs
20-Nov-25 16:23:43.699 - Opening device #3 Ultimate I/O ID#1 named  with 96 outputs
20-Nov-25 16:23:43.700 * Starting monitoring of keyboard = /dev/input/by-path/platform-xhci-hcd.1-usb-0:1:1.0-event-kbd
20-Nov-25 16:23:43.701 * Starting monitoring of keyboard = /dev/input/by-path/platform-xhci-hcd.1-usb-0:2:1.0-event-kbd
20-Nov-25 16:23:43.701 - Reading DOFLinx.ini startup config file details
20-Nov-25 16:23:43.702 * Processing parameter 'DEBUG' with data '69' not in real-time
20-Nov-25 16:23:43.702 - DEBUG enabled with showing of window True
20-Nov-25 16:23:43.702 * Special logging flag enabled with window turned on
20-Nov-25 16:23:43.702 * Processing parameter 'COLOUR_FILE' with data './config/colours.ini' not in real-time
20-Nov-25 16:23:43.702 - Reading colour file named ./config/colours.ini
20-Nov-25 16:23:43.705 * Processing parameter 'PATH_MAME' with data './mame/' not in real-time
20-Nov-25 16:23:43.705 * Processing parameter 'PATH_PIXELCADE' with data './pixelcade/' not in real-time
20-Nov-25 16:23:43.706 - The path './pixelcade/' does not exist
20-Nov-25 16:23:43.706 * Processing parameter 'MAME_FOLDER' with data '/usr/games/' not in real-time
20-Nov-25 16:23:43.706 * Processing parameter 'PROCESSES' with data 'retroarch' not in real-time
20-Nov-25 16:23:43.706 * Processing parameter 'MAME_PROCESS' with data 'retroarch' not in real-time
20-Nov-25 16:23:43.706 * Processing parameter 'MAME_RETROARCH_NCI' with data '1' not in real-time
20-Nov-25 16:23:43.717 * Processing parameter 'PIXELCADE_LCD_USE_NETWORK_ADDRESS' with data '1' not in real-time
20-Nov-25 16:23:43.717 * Processing parameter 'PIXELCADE_MENU_HIGHSCORE' with data '1' not in real-time
20-Nov-25 16:23:43.717 * Processing parameter 'PIXELCADE_GAME_START_HIGHSCORE' with data '1' not in real-time
20-Nov-25 16:23:43.717 * Processing parameter 'RGB_STYLE' with data 'RANDOM' not in real-time
20-Nov-25 16:23:43.717 * Processing parameter 'RGB_TRIGGER' with data 'TIME' not in real-time
20-Nov-25 16:23:43.717 * Processing parameter 'RGB_MIN_TIME' with data '1000' not in real-time
20-Nov-25 16:23:43.718 * Processing parameter 'LINK_BUT_CN' with data '0000,Orange,6' not in real-time
20-Nov-25 16:23:43.722 * Processing parameter 'LINK_BUT_EX' with data '0000,Amber,1' not in real-time
20-Nov-25 16:23:43.722 * Processing parameter 'LINK_BUT_J1' with data '0000,Random,0' not in real-time
20-Nov-25 16:23:43.722 * Processing parameter 'LINK_BUT_ST' with data '0000,White,6' not in real-time
20-Nov-25 16:23:43.722 * Processing parameter 'LINK_BUT_RE' with data '0000,Orange_Red,61' not in real-time
20-Nov-25 16:23:43.722 * Processing parameter 'LINK_BUT_PS' with data '0000,Deep_Pink,25' not in real-time
20-Nov-25 16:23:43.722 * Processing parameter 'LINK_BUT_P1' with data '0000,Cyan,2' not in real-time
20-Nov-25 16:23:43.722 * Processing parameter 'LINK_BUT_P2' with data '0000,Orchid,3' not in real-time
20-Nov-25 16:23:43.722 * Processing parameter 'LINK_BUT_B1' with data '0000,Green,29' not in real-time
20-Nov-25 16:23:43.723 * Processing parameter 'LINK_BUT_B2' with data '0000,Red,56' not in real-time
20-Nov-25 16:23:43.723 * Processing parameter 'LINK_BUT_B3' with data '0000,Yellow,57' not in real-time
20-Nov-25 16:23:43.723 * Processing parameter 'LINK_BUT_B4' with data '0000,Blue,00' not in real-time
20-Nov-25 16:23:43.723 * Processing parameter 'LINK_BUT_B5' with data '0000,Blue,44' not in real-time
20-Nov-25 16:23:43.723 * Processing parameter 'LINK_BUT_B6' with data '0000,Blue,45' not in real-time
20-Nov-25 16:23:43.724 * Processing parameter 'LINK_BUT_CH' with data '0000,Deep_Pink,64' not in real-time
20-Nov-25 16:23:43.724 * Processing parameter 'LINK_BUT_MN' with data '0000,Yellow,15' not in real-time
20-Nov-25 16:23:43.724 - DEBUG enabled with showing of window True
20-Nov-25 16:23:43.766 - No pixelcade.ini or settings.ini file could be found in the PATH_PIXELCADE= location
20-Nov-25 16:23:43.781 * 
20-Nov-25 16:23:43.783 - /usr/games/retroarch for game names was not found
20-Nov-25 16:23:43.785 - Trigger thread starting
20-Nov-25 16:23:43.793 * No menu.ini found
20-Nov-25 16:23:49.633 - Processing incoming message - TEST_PORT=3002,1000
20-Nov-25 16:23:49.633 - Processing parameter 'TEST_PORT' with data '3002,1000' in real-time
20-Nov-25 16:23:49.633 - Turning ON device/port 3002 for 1000 mS
20-Nov-25 16:23:49.636 * USB write to /dev/hidraw2 with data 3,1,255,0,0,
20-Nov-25 16:23:50.640 - Turning OFF device/port 3002
20-Nov-25 16:23:50.640 * USB write to /dev/hidraw2 with data 3,1,0,0,0,
20-Nov-25 16:23:56.068 - Processing incoming message - TEST_PORT=2002,1000
20-Nov-25 16:23:56.068 - Processing parameter 'TEST_PORT' with data '2002,1000' in real-time
20-Nov-25 16:23:56.068 - Turning ON device/port 2002 for 1000 mS
20-Nov-25 16:23:56.068 * USB write to /dev/hidraw3 with data 3,1,255,0,0,
20-Nov-25 16:23:57.069 - Turning OFF device/port 2002
20-Nov-25 16:23:57.069 * USB write to /dev/hidraw3 with data 3,1,0,0,0,
20-Nov-25 16:24:00.822 - Processing incoming message - TEST_PORT=1002,1000
20-Nov-25 16:24:00.822 - Processing parameter 'TEST_PORT' with data '1002,1000' in real-time
20-Nov-25 16:24:00.822 - Turning ON device/port 1002 for 1000 mS
20-Nov-25 16:24:00.822 * USB write to /dev/hidraw4 with data 3,1,255,0,0,
20-Nov-25 16:24:01.822 - Turning OFF device/port 1002
20-Nov-25 16:24:01.822 * USB write to /dev/hidraw4 with data 3,1,0,0,0,
20-Nov-25 16:25:09.428 - Processing incoming message - QUIT
20-Nov-25 16:25:09.428 - Processing parameter 'QUIT' with data '' in real-time
20-Nov-25 16:25:09.434 - Shutting down
20-Nov-25 16:25:09.438 * USB write to /dev/hidraw4 with data 3,81,0,0,0,
20-Nov-25 16:25:09.438 * USB write to /dev/hidraw4 with data 3,82,0,0,0,
20-Nov-25 16:25:09.441 * USB write to /dev/hidraw4 with data 3,83,0,0,0,
20-Nov-25 16:25:09.442 * USB write to /dev/hidraw4 with data 3,84,0,0,0,
20-Nov-25 16:25:09.442 * USB write to /dev/hidraw4 with data 3,85,0,0,0,
20-Nov-25 16:25:09.442 * USB write to /dev/hidraw4 with data 3,86,0,0,0,
20-Nov-25 16:25:09.444 * USB write to /dev/hidraw4 with data 3,87,0,0,0,
20-Nov-25 16:25:09.444 * USB write to /dev/hidraw4 with data 3,88,0,0,0,
20-Nov-25 16:25:09.444 * USB write to /dev/hidraw4 with data 3,91,0,0,0,
20-Nov-25 16:25:09.444 * USB write to /dev/hidraw4 with data 3,92,0,0,0,
20-Nov-25 16:25:09.444 * USB write to /dev/hidraw4 with data 3,93,0,0,0,
20-Nov-25 16:25:09.444 * USB write to /dev/hidraw4 with data 3,94,0,0,0,
20-Nov-25 16:25:09.444 * USB write to /dev/hidraw3 with data 3,81,0,0,0,
20-Nov-25 16:25:09.445 * USB write to /dev/hidraw3 with data 3,82,0,0,0,
20-Nov-25 16:25:09.445 * USB write to /dev/hidraw3 with data 3,83,0,0,0,
20-Nov-25 16:25:09.445 * USB write to /dev/hidraw3 with data 3,84,0,0,0,
20-Nov-25 16:25:09.445 * USB write to /dev/hidraw3 with data 3,85,0,0,0,
20-Nov-25 16:25:09.445 * USB write to /dev/hidraw3 with data 3,86,0,0,0,
20-Nov-25 16:25:09.445 * USB write to /dev/hidraw3 with data 3,87,0,0,0,
20-Nov-25 16:25:09.445 * USB write to /dev/hidraw3 with data 3,88,0,0,0,
20-Nov-25 16:25:09.445 * USB write to /dev/hidraw3 with data 3,91,0,0,0,
20-Nov-25 16:25:09.445 * USB write to /dev/hidraw3 with data 3,92,0,0,0,
20-Nov-25 16:25:09.445 * USB write to /dev/hidraw3 with data 3,93,0,0,0,
20-Nov-25 16:25:09.445 * USB write to /dev/hidraw3 with data 3,94,0,0,0,
20-Nov-25 16:25:09.445 * USB write to /dev/hidraw2 with data 3,81,0,0,0,
20-Nov-25 16:25:09.445 * USB write to /dev/hidraw2 with data 3,82,0,0,0,
20-Nov-25 16:25:09.445 * USB write to /dev/hidraw2 with data 3,83,0,0,0,
20-Nov-25 16:25:09.445 * USB write to /dev/hidraw2 with data 3,84,0,0,0,
20-Nov-25 16:25:09.445 * USB write to /dev/hidraw2 with data 3,85,0,0,0,
20-Nov-25 16:25:09.445 * USB write to /dev/hidraw2 with data 3,86,0,0,0,
20-Nov-25 16:25:09.446 * USB write to /dev/hidraw2 with data 3,87,0,0,0,
20-Nov-25 16:25:09.446 * USB write to /dev/hidraw2 with data 3,88,0,0,0,
20-Nov-25 16:25:09.446 * USB write to /dev/hidraw2 with data 3,91,0,0,0,
20-Nov-25 16:25:09.446 * USB write to /dev/hidraw2 with data 3,92,0,0,0,
20-Nov-25 16:25:09.446 * USB write to /dev/hidraw2 with data 3,93,0,0,0,
20-Nov-25 16:25:09.446 * USB write to /dev/hidraw2 with data 3,94,0,0,0,
20-Nov-25 16:25:09.455 - Program close
20-Nov-25 16:26:33.709 - DEBUG enabled with showing of window True
20-Nov-25 16:26:33.721 * BETA logging flag enabled
20-Nov-25 16:26:33.721 - ***************************************************************
20-Nov-25 16:26:33.721 - Linux DOFLinx for Pinball and MAME Emulators - DOFLinx by DDH69
20-Nov-25 16:26:33.721 - Starting up - version 1.04 Beta 1
20-Nov-25 16:26:33.721 - ***************************************************************
20-Nov-25 16:26:33.722 - Linux OS on Arm64 processor with 64 bit operating system and 64 bit application
20-Nov-25 16:26:33.723 - If you like it, please make a donation here https://www.paypal.com/donate?hosted_button_id=YEPCTUYFX5KDE
20-Nov-25 16:26:33.723 - The guide can be found here https://doflinx.github.io/docs/
20-Nov-25 16:26:33.723 - For support come and visit the community here https://www.vpforums.org/index.php?showforum=104
20-Nov-25 16:26:33.723 - Pre-Reading DOFLinx.ini startup config file details
20-Nov-25 16:26:33.750 * Processing parameter 'DEBUG' with data '69' not in real-time
20-Nov-25 16:26:33.750 - DEBUG enabled with showing of window True
20-Nov-25 16:26:33.750 * Special logging flag enabled with window turned on
20-Nov-25 16:26:33.750 - DEBUG enabled with showing of window True
20-Nov-25 16:26:33.757 * Ultimate I/O board found - not fully implemented
20-Nov-25 16:26:33.757 * Ultimate I/O board found - not fully implemented
20-Nov-25 16:26:33.757 * Ultimate I/O board found - not fully implemented
20-Nov-25 16:26:33.757 - Opening device #1 Ultimate I/O ID#1 named  with 96 outputs
20-Nov-25 16:26:33.757 - Opening device #2 Ultimate I/O ID#1 named  with 96 outputs
20-Nov-25 16:26:33.757 - Opening device #3 Ultimate I/O ID#1 named  with 96 outputs
20-Nov-25 16:26:33.759 * Starting monitoring of keyboard = /dev/input/by-path/platform-xhci-hcd.1-usb-0:1:1.0-event-kbd
20-Nov-25 16:26:33.760 * Starting monitoring of keyboard = /dev/input/by-path/platform-xhci-hcd.1-usb-0:2:1.0-event-kbd
20-Nov-25 16:26:33.761 - Reading DOFLinx.ini startup config file details
20-Nov-25 16:26:33.761 * Processing parameter 'DEBUG' with data '69' not in real-time
20-Nov-25 16:26:33.761 - DEBUG enabled with showing of window True
20-Nov-25 16:26:33.761 * Special logging flag enabled with window turned on
20-Nov-25 16:26:33.761 * Processing parameter 'COLOUR_FILE' with data './config/colours.ini' not in real-time
20-Nov-25 16:26:33.762 - Reading colour file named ./config/colours.ini
20-Nov-25 16:26:33.765 * Processing parameter 'PATH_MAME' with data './mame/' not in real-time
20-Nov-25 16:26:33.766 * Processing parameter 'PATH_PIXELCADE' with data './pixelcade/' not in real-time
20-Nov-25 16:26:33.766 - The path './pixelcade/' does not exist
20-Nov-25 16:26:33.766 * Processing parameter 'MAME_FOLDER' with data '/usr/games/' not in real-time
20-Nov-25 16:26:33.766 * Processing parameter 'PROCESSES' with data 'retroarch' not in real-time
20-Nov-25 16:26:33.766 * Processing parameter 'MAME_PROCESS' with data 'retroarch' not in real-time
20-Nov-25 16:26:33.766 * Processing parameter 'MAME_RETROARCH_NCI' with data '1' not in real-time
20-Nov-25 16:26:33.777 * Processing parameter 'PIXELCADE_LCD_USE_NETWORK_ADDRESS' with data '1' not in real-time
20-Nov-25 16:26:33.777 * Processing parameter 'PIXELCADE_MENU_HIGHSCORE' with data '1' not in real-time
20-Nov-25 16:26:33.777 * Processing parameter 'PIXELCADE_GAME_START_HIGHSCORE' with data '1' not in real-time
20-Nov-25 16:26:33.777 * Processing parameter 'RGB_STYLE' with data 'RANDOM' not in real-time
20-Nov-25 16:26:33.777 * Processing parameter 'RGB_TRIGGER' with data 'TIME' not in real-time
20-Nov-25 16:26:33.777 * Processing parameter 'RGB_MIN_TIME' with data '1000' not in real-time
20-Nov-25 16:26:33.778 * Processing parameter 'LINK_BUT_CN' with data '0000,Orange,6' not in real-time
20-Nov-25 16:26:33.783 * Processing parameter 'LINK_BUT_EX' with data '0000,Amber,1' not in real-time
20-Nov-25 16:26:33.783 * Processing parameter 'LINK_BUT_J1' with data '0000,Random,0' not in real-time
20-Nov-25 16:26:33.783 * Processing parameter 'LINK_BUT_ST' with data '0000,White,6' not in real-time
20-Nov-25 16:26:33.783 * Processing parameter 'LINK_BUT_RE' with data '0000,Orange_Red,61' not in real-time
20-Nov-25 16:26:33.783 * Processing parameter 'LINK_BUT_PS' with data '0000,Deep_Pink,25' not in real-time
20-Nov-25 16:26:33.783 * Processing parameter 'LINK_BUT_P1' with data '0000,Cyan,2' not in real-time
20-Nov-25 16:26:33.783 * Processing parameter 'LINK_BUT_P2' with data '0000,Orchid,3' not in real-time
20-Nov-25 16:26:33.783 * Processing parameter 'LINK_BUT_B1' with data '0000,Green,29' not in real-time
20-Nov-25 16:26:33.783 * Processing parameter 'LINK_BUT_B2' with data '0000,Red,56' not in real-time
20-Nov-25 16:26:33.783 * Processing parameter 'LINK_BUT_B3' with data '0000,Yellow,57' not in real-time
20-Nov-25 16:26:33.783 * Processing parameter 'LINK_BUT_B4' with data '0000,Blue,00' not in real-time
20-Nov-25 16:26:33.783 * Processing parameter 'LINK_BUT_B5' with data '0000,Blue,44' not in real-time
20-Nov-25 16:26:33.783 * Processing parameter 'LINK_BUT_B6' with data '0000,Blue,45' not in real-time
20-Nov-25 16:26:33.783 * Processing parameter 'LINK_BUT_CH' with data '0000,Deep_Pink,64' not in real-time
20-Nov-25 16:26:33.783 * Processing parameter 'LINK_BUT_MN' with data '0000,Yellow,15' not in real-time
20-Nov-25 16:26:33.783 - DEBUG enabled with showing of window True
20-Nov-25 16:26:33.827 - No pixelcade.ini or settings.ini file could be found in the PATH_PIXELCADE= location
20-Nov-25 16:26:33.839 * 
20-Nov-25 16:26:33.841 - /usr/games/retroarch for game names was not found
20-Nov-25 16:26:33.845 - Trigger thread starting
20-Nov-25 16:26:33.856 * No menu.ini found
20-Nov-25 16:26:41.074 - Processing incoming message - TEST_PORT=1002,1000
20-Nov-25 16:26:41.076 - Processing parameter 'TEST_PORT' with data '1002,1000' in real-time
20-Nov-25 16:26:41.076 - Turning ON device/port 1002 for 1000 mS
20-Nov-25 16:26:41.080 * USB write to /dev/hidraw4 with data 3,1,255,0,0,
20-Nov-25 16:26:42.137 - Turning OFF device/port 1002
20-Nov-25 16:26:42.137 * USB write to /dev/hidraw4 with data 3,1,0,0,0,
20-Nov-25 16:26:55.164 - Processing incoming message - TEST_PORT=2002,1000
20-Nov-25 16:26:55.164 - Processing parameter 'TEST_PORT' with data '2002,1000' in real-time
20-Nov-25 16:26:55.164 - Turning ON device/port 2002 for 1000 mS
20-Nov-25 16:26:55.164 * USB write to /dev/hidraw3 with data 3,1,255,0,0,
20-Nov-25 16:26:56.215 - Turning OFF device/port 2002
20-Nov-25 16:26:56.215 * USB write to /dev/hidraw3 with data 3,1,0,0,0,
20-Nov-25 16:27:03.479 - Processing incoming message - TEST_PORT=3002,1000
20-Nov-25 16:27:03.480 - Processing parameter 'TEST_PORT' with data '3002,1000' in real-time
20-Nov-25 16:27:03.480 - Turning ON device/port 3002 for 1000 mS
20-Nov-25 16:27:03.480 * USB write to /dev/hidraw2 with data 3,1,255,0,0,
20-Nov-25 16:27:04.530 - Turning OFF device/port 3002
20-Nov-25 16:27:04.530 * USB write to /dev/hidraw2 with data 3,1,0,0,0,
20-Nov-25 16:27:30.908 - Processing incoming message - QUIT
20-Nov-25 16:27:30.908 - Processing parameter 'QUIT' with data '' in real-time
20-Nov-25 16:27:30.912 - Shutting down
20-Nov-25 16:27:30.914 * USB write to /dev/hidraw4 with data 3,81,0,0,0,
20-Nov-25 16:27:30.914 * USB write to /dev/hidraw4 with data 3,82,0,0,0,
20-Nov-25 16:27:30.915 * USB write to /dev/hidraw4 with data 3,83,0,0,0,
20-Nov-25 16:27:30.916 * USB write to /dev/hidraw4 with data 3,84,0,0,0,
20-Nov-25 16:27:30.916 * USB write to /dev/hidraw4 with data 3,85,0,0,0,
20-Nov-25 16:27:30.916 * USB write to /dev/hidraw4 with data 3,86,0,0,0,
20-Nov-25 16:27:30.916 * USB write to /dev/hidraw4 with data 3,87,0,0,0,
20-Nov-25 16:27:30.916 * USB write to /dev/hidraw4 with data 3,88,0,0,0,
20-Nov-25 16:27:30.916 * USB write to /dev/hidraw4 with data 3,91,0,0,0,
20-Nov-25 16:27:30.916 * USB write to /dev/hidraw4 with data 3,92,0,0,0,
20-Nov-25 16:27:30.916 * USB write to /dev/hidraw4 with data 3,93,0,0,0,
20-Nov-25 16:27:30.916 * USB write to /dev/hidraw4 with data 3,94,0,0,0,
20-Nov-25 16:27:30.916 * USB write to /dev/hidraw3 with data 3,81,0,0,0,
20-Nov-25 16:27:30.916 * USB write to /dev/hidraw3 with data 3,82,0,0,0,
20-Nov-25 16:27:30.916 * USB write to /dev/hidraw3 with data 3,83,0,0,0,
20-Nov-25 16:27:30.916 * USB write to /dev/hidraw3 with data 3,84,0,0,0,
20-Nov-25 16:27:30.916 * USB write to /dev/hidraw3 with data 3,85,0,0,0,
20-Nov-25 16:27:30.916 * USB write to /dev/hidraw3 with data 3,86,0,0,0,
20-Nov-25 16:27:30.916 * USB write to /dev/hidraw3 with data 3,87,0,0,0,
20-Nov-25 16:27:30.916 * USB write to /dev/hidraw3 with data 3,88,0,0,0,
20-Nov-25 16:27:30.916 * USB write to /dev/hidraw3 with data 3,91,0,0,0,
20-Nov-25 16:27:30.916 * USB write to /dev/hidraw3 with data 3,92,0,0,0,
20-Nov-25 16:27:30.916 * USB write to /dev/hidraw3 with data 3,93,0,0,0,
20-Nov-25 16:27:30.916 * USB write to /dev/hidraw3 with data 3,94,0,0,0,
20-Nov-25 16:27:30.916 * USB write to /dev/hidraw2 with data 3,81,0,0,0,
20-Nov-25 16:27:30.916 * USB write to /dev/hidraw2 with data 3,82,0,0,0,
20-Nov-25 16:27:30.916 * USB write to /dev/hidraw2 with data 3,83,0,0,0,
20-Nov-25 16:27:30.916 * USB write to /dev/hidraw2 with data 3,84,0,0,0,
20-Nov-25 16:27:30.916 * USB write to /dev/hidraw2 with data 3,85,0,0,0,
20-Nov-25 16:27:30.916 * USB write to /dev/hidraw2 with data 3,86,0,0,0,
20-Nov-25 16:27:30.916 * USB write to /dev/hidraw2 with data 3,87,0,0,0,
20-Nov-25 16:27:30.916 * USB write to /dev/hidraw2 with data 3,88,0,0,0,
20-Nov-25 16:27:30.916 * USB write to /dev/hidraw2 with data 3,91,0,0,0,
20-Nov-25 16:27:30.916 * USB write to /dev/hidraw2 with data 3,92,0,0,0,
20-Nov-25 16:27:30.916 * USB write to /dev/hidraw2 with data 3,93,0,0,0,
20-Nov-25 16:27:30.917 * USB write to /dev/hidraw2 with data 3,94,0,0,0,
20-Nov-25 16:27:30.931 - Program close
20-Nov-25 16:28:26.459 - DEBUG enabled with showing of window True
20-Nov-25 16:28:26.473 * BETA logging flag enabled
20-Nov-25 16:28:26.473 - ***************************************************************
20-Nov-25 16:28:26.473 - Linux DOFLinx for Pinball and MAME Emulators - DOFLinx by DDH69
20-Nov-25 16:28:26.473 - Starting up - version 1.04 Beta 1
20-Nov-25 16:28:26.473 - ***************************************************************
20-Nov-25 16:28:26.474 - Linux OS on Arm64 processor with 64 bit operating system and 64 bit application
20-Nov-25 16:28:26.474 - If you like it, please make a donation here https://www.paypal.com/donate?hosted_button_id=YEPCTUYFX5KDE
20-Nov-25 16:28:26.474 - The guide can be found here https://doflinx.github.io/docs/
20-Nov-25 16:28:26.474 - For support come and visit the community here https://www.vpforums.org/index.php?showforum=104
20-Nov-25 16:28:26.475 - Pre-Reading DOFLinx.ini startup config file details
20-Nov-25 16:28:26.502 * Processing parameter 'DEBUG' with data '69' not in real-time
20-Nov-25 16:28:26.502 - DEBUG enabled with showing of window True
20-Nov-25 16:28:26.502 * Special logging flag enabled with window turned on
20-Nov-25 16:28:26.502 - DEBUG enabled with showing of window True
20-Nov-25 16:28:26.510 * Ultimate I/O board found - not fully implemented
20-Nov-25 16:28:26.510 * Ultimate I/O board found - not fully implemented
20-Nov-25 16:28:26.510 * Ultimate I/O board found - not fully implemented
20-Nov-25 16:28:26.510 - Opening device #1 Ultimate I/O ID#1 named  with 96 outputs
20-Nov-25 16:28:26.510 - Opening device #2 Ultimate I/O ID#1 named  with 96 outputs
20-Nov-25 16:28:26.510 - Opening device #3 Ultimate I/O ID#1 named  with 96 outputs
20-Nov-25 16:28:26.512 * Starting monitoring of keyboard = /dev/input/by-path/platform-xhci-hcd.1-usb-0:1:1.0-event-kbd
20-Nov-25 16:28:26.512 * Starting monitoring of keyboard = /dev/input/by-path/platform-xhci-hcd.1-usb-0:2:1.0-event-kbd
20-Nov-25 16:28:26.513 - Reading DOFLinx.ini startup config file details
20-Nov-25 16:28:26.513 * Processing parameter 'DEBUG' with data '69' not in real-time
20-Nov-25 16:28:26.513 - DEBUG enabled with showing of window True
20-Nov-25 16:28:26.513 * Special logging flag enabled with window turned on
20-Nov-25 16:28:26.513 * Processing parameter 'COLOUR_FILE' with data './config/colours.ini' not in real-time
20-Nov-25 16:28:26.514 - Reading colour file named ./config/colours.ini
20-Nov-25 16:28:26.516 * Processing parameter 'PATH_MAME' with data './mame/' not in real-time
20-Nov-25 16:28:26.517 * Processing parameter 'PATH_PIXELCADE' with data './pixelcade/' not in real-time
20-Nov-25 16:28:26.517 - The path './pixelcade/' does not exist
20-Nov-25 16:28:26.517 * Processing parameter 'MAME_FOLDER' with data '/usr/games/' not in real-time
20-Nov-25 16:28:26.517 * Processing parameter 'PROCESSES' with data 'retroarch' not in real-time
20-Nov-25 16:28:26.517 * Processing parameter 'MAME_PROCESS' with data 'retroarch' not in real-time
20-Nov-25 16:28:26.517 * Processing parameter 'MAME_RETROARCH_NCI' with data '1' not in real-time
20-Nov-25 16:28:26.528 * Processing parameter 'PIXELCADE_LCD_USE_NETWORK_ADDRESS' with data '1' not in real-time
20-Nov-25 16:28:26.528 * Processing parameter 'PIXELCADE_MENU_HIGHSCORE' with data '1' not in real-time
20-Nov-25 16:28:26.528 * Processing parameter 'PIXELCADE_GAME_START_HIGHSCORE' with data '1' not in real-time
20-Nov-25 16:28:26.528 * Processing parameter 'RGB_STYLE' with data 'RANDOM' not in real-time
20-Nov-25 16:28:26.528 * Processing parameter 'RGB_TRIGGER' with data 'TIME' not in real-time
20-Nov-25 16:28:26.528 * Processing parameter 'RGB_MIN_TIME' with data '1000' not in real-time
20-Nov-25 16:28:26.528 * Processing parameter 'LINK_BUT_CN' with data '0000,Orange,6' not in real-time
20-Nov-25 16:28:26.533 * Processing parameter 'LINK_BUT_EX' with data '0000,Amber,1' not in real-time
20-Nov-25 16:28:26.533 * Processing parameter 'LINK_BUT_J1' with data '0000,Random,0' not in real-time
20-Nov-25 16:28:26.533 * Processing parameter 'LINK_BUT_ST' with data '0000,White,6' not in real-time
20-Nov-25 16:28:26.533 * Processing parameter 'LINK_BUT_RE' with data '0000,Orange_Red,61' not in real-time
20-Nov-25 16:28:26.533 * Processing parameter 'LINK_BUT_PS' with data '0000,Deep_Pink,25' not in real-time
20-Nov-25 16:28:26.533 * Processing parameter 'LINK_BUT_P1' with data '0000,Cyan,2' not in real-time
20-Nov-25 16:28:26.533 * Processing parameter 'LINK_BUT_P2' with data '0000,Orchid,3' not in real-time
20-Nov-25 16:28:26.533 * Processing parameter 'LINK_BUT_B1' with data '0000,Green,29' not in real-time
20-Nov-25 16:28:26.533 * Processing parameter 'LINK_BUT_B2' with data '0000,Red,56' not in real-time
20-Nov-25 16:28:26.533 * Processing parameter 'LINK_BUT_B3' with data '0000,Yellow,57' not in real-time
20-Nov-25 16:28:26.533 * Processing parameter 'LINK_BUT_B4' with data '0000,Blue,00' not in real-time
20-Nov-25 16:28:26.533 * Processing parameter 'LINK_BUT_B5' with data '0000,Blue,44' not in real-time
20-Nov-25 16:28:26.533 * Processing parameter 'LINK_BUT_B6' with data '0000,Blue,45' not in real-time
20-Nov-25 16:28:26.533 * Processing parameter 'LINK_BUT_CH' with data '0000,Deep_Pink,64' not in real-time
20-Nov-25 16:28:26.533 * Processing parameter 'LINK_BUT_MN' with data '0000,Yellow,15' not in real-time
20-Nov-25 16:28:26.533 - DEBUG enabled with showing of window True
20-Nov-25 16:28:26.575 - No pixelcade.ini or settings.ini file could be found in the PATH_PIXELCADE= location
20-Nov-25 16:28:26.586 * 
20-Nov-25 16:28:26.587 - /usr/games/retroarch for game names was not found
20-Nov-25 16:28:26.589 - Trigger thread starting
20-Nov-25 16:28:26.599 * No menu.ini found
20-Nov-25 16:28:31.832 - Processing incoming message - TEST_PORT=3002,1000
20-Nov-25 16:28:31.832 - Processing parameter 'TEST_PORT' with data '3002,1000' in real-time
20-Nov-25 16:28:31.832 - Turning ON device/port 3002 for 1000 mS
20-Nov-25 16:28:31.835 * USB write to /dev/hidraw2 with data 3,1,255,0,0,
20-Nov-25 16:28:31.887 * '                                                                '
20-Nov-25 16:28:32.887 - Turning OFF device/port 3002
20-Nov-25 16:28:32.887 * USB write to /dev/hidraw2 with data 3,1,0,0,0,
20-Nov-25 16:28:32.938 * '                                                                '
20-Nov-25 16:28:38.520 - Processing incoming message - TEST_PORT=2002,1000
20-Nov-25 16:28:38.520 - Processing parameter 'TEST_PORT' with data '2002,1000' in real-time
20-Nov-25 16:28:38.520 - Turning ON device/port 2002 for 1000 mS
20-Nov-25 16:28:38.520 * USB write to /dev/hidraw3 with data 3,1,255,0,0,
20-Nov-25 16:28:38.570 * '                                                                '
20-Nov-25 16:28:39.570 - Turning OFF device/port 2002
20-Nov-25 16:28:39.570 * USB write to /dev/hidraw3 with data 3,1,0,0,0,
20-Nov-25 16:28:39.620 * '                                                                '
20-Nov-25 16:28:43.501 - Processing incoming message - TEST_PORT=1002,1000
20-Nov-25 16:28:43.501 - Processing parameter 'TEST_PORT' with data '1002,1000' in real-time
20-Nov-25 16:28:43.501 - Turning ON device/port 1002 for 1000 mS
20-Nov-25 16:28:43.501 * USB write to /dev/hidraw4 with data 3,1,255,0,0,
20-Nov-25 16:28:43.551 * '                                                                '
20-Nov-25 16:28:44.551 - Turning OFF device/port 1002
20-Nov-25 16:28:44.551 * USB write to /dev/hidraw4 with data 3,1,0,0,0,
20-Nov-25 16:28:44.601 * '                                                                '
20-Nov-25 16:28:51.040 - Processing incoming message - QUIT
20-Nov-25 16:28:51.041 - Processing parameter 'QUIT' with data '' in real-time
20-Nov-25 16:28:51.042 - Shutting down
20-Nov-25 16:28:51.044 * USB write to /dev/hidraw4 with data 3,81,0,0,0,
20-Nov-25 16:28:51.044 * USB write to /dev/hidraw4 with data 3,82,0,0,0,
20-Nov-25 16:28:51.045 * USB write to /dev/hidraw4 with data 3,83,0,0,0,
20-Nov-25 16:28:51.045 * USB write to /dev/hidraw4 with data 3,84,0,0,0,
20-Nov-25 16:28:51.045 * USB write to /dev/hidraw4 with data 3,85,0,0,0,
20-Nov-25 16:28:51.045 * USB write to /dev/hidraw4 with data 3,86,0,0,0,
20-Nov-25 16:28:51.045 * USB write to /dev/hidraw4 with data 3,87,0,0,0,
20-Nov-25 16:28:51.045 * USB write to /dev/hidraw4 with data 3,88,0,0,0,
20-Nov-25 16:28:51.045 * USB write to /dev/hidraw4 with data 3,91,0,0,0,
20-Nov-25 16:28:51.045 * USB write to /dev/hidraw4 with data 3,92,0,0,0,
20-Nov-25 16:28:51.045 * USB write to /dev/hidraw4 with data 3,93,0,0,0,
20-Nov-25 16:28:51.045 * USB write to /dev/hidraw4 with data 3,94,0,0,0,
20-Nov-25 16:28:51.045 * USB write to /dev/hidraw3 with data 3,81,0,0,0,
20-Nov-25 16:28:51.045 * USB write to /dev/hidraw3 with data 3,82,0,0,0,
20-Nov-25 16:28:51.045 * USB write to /dev/hidraw3 with data 3,83,0,0,0,
20-Nov-25 16:28:51.045 * USB write to /dev/hidraw3 with data 3,84,0,0,0,
20-Nov-25 16:28:51.045 * USB write to /dev/hidraw3 with data 3,85,0,0,0,
20-Nov-25 16:28:51.045 * USB write to /dev/hidraw3 with data 3,86,0,0,0,
20-Nov-25 16:28:51.045 * USB write to /dev/hidraw3 with data 3,87,0,0,0,
20-Nov-25 16:28:51.045 * USB write to /dev/hidraw3 with data 3,88,0,0,0,
20-Nov-25 16:28:51.046 * USB write to /dev/hidraw3 with data 3,91,0,0,0,
20-Nov-25 16:28:51.046 * USB write to /dev/hidraw3 with data 3,92,0,0,0,
20-Nov-25 16:28:51.046 * USB write to /dev/hidraw3 with data 3,93,0,0,0,
20-Nov-25 16:28:51.046 * USB write to /dev/hidraw3 with data 3,94,0,0,0,
20-Nov-25 16:28:51.046 * USB write to /dev/hidraw2 with data 3,81,0,0,0,
20-Nov-25 16:28:51.046 * USB write to /dev/hidraw2 with data 3,82,0,0,0,
20-Nov-25 16:28:51.046 * USB write to /dev/hidraw2 with data 3,83,0,0,0,
20-Nov-25 16:28:51.046 * USB write to /dev/hidraw2 with data 3,84,0,0,0,
20-Nov-25 16:28:51.046 * USB write to /dev/hidraw2 with data 3,85,0,0,0,
20-Nov-25 16:28:51.046 * USB write to /dev/hidraw2 with data 3,86,0,0,0,
20-Nov-25 16:28:51.046 * USB write to /dev/hidraw2 with data 3,87,0,0,0,
20-Nov-25 16:28:51.046 * USB write to /dev/hidraw2 with data 3,88,0,0,0,
20-Nov-25 16:28:51.046 * USB write to /dev/hidraw2 with data 3,91,0,0,0,
20-Nov-25 16:28:51.046 * USB write to /dev/hidraw2 with data 3,92,0,0,0,
20-Nov-25 16:28:51.046 * USB write to /dev/hidraw2 with data 3,93,0,0,0,
20-Nov-25 16:28:51.046 * USB write to /dev/hidraw2 with data 3,94,0,0,0,
20-Nov-25 16:28:51.055 - Program close
20-Nov-25 16:58:10.168 - DEBUG enabled with showing of window True
20-Nov-25 16:58:10.180 * BETA logging flag enabled
20-Nov-25 16:58:10.180 - ***************************************************************
20-Nov-25 16:58:10.180 - Linux DOFLinx for Pinball and MAME Emulators - DOFLinx by DDH69
20-Nov-25 16:58:10.180 - Starting up - version 1.04 Beta 1
20-Nov-25 16:58:10.180 - ***************************************************************
20-Nov-25 16:58:10.181 - Linux OS on Arm64 processor with 64 bit operating system and 64 bit application
20-Nov-25 16:58:10.182 - If you like it, please make a donation here https://www.paypal.com/donate?hosted_button_id=YEPCTUYFX5KDE
20-Nov-25 16:58:10.182 - The guide can be found here https://doflinx.github.io/docs/
20-Nov-25 16:58:10.182 - For support come and visit the community here https://www.vpforums.org/index.php?showforum=104
20-Nov-25 16:58:10.182 - Pre-Reading DOFLinx.ini startup config file details
20-Nov-25 16:58:10.208 * Processing parameter 'DEBUG' with data '69' not in real-time
20-Nov-25 16:58:10.209 - DEBUG enabled with showing of window True
20-Nov-25 16:58:10.209 * Special logging flag enabled with window turned on
20-Nov-25 16:58:10.209 - DEBUG enabled with showing of window True
20-Nov-25 16:58:10.217 * PacLED64 board found - not fully implemented
20-Nov-25 16:58:10.228 * Probable ID=1
20-Nov-25 16:58:10.228 * /dev/hidraw2
20-Nov-25 16:58:10.229 - Opening device #1 PacLED64 ID#1 named  with 64 outputs
20-Nov-25 16:58:10.230 * Starting monitoring of keyboard = /dev/input/by-path/platform-xhci-hcd.1-usb-0:2:1.0-event-kbd
20-Nov-25 16:58:10.231 - Reading DOFLinx.ini startup config file details
20-Nov-25 16:58:10.231 * Processing parameter 'DEBUG' with data '69' not in real-time
20-Nov-25 16:58:10.231 - DEBUG enabled with showing of window True
20-Nov-25 16:58:10.231 * Special logging flag enabled with window turned on
20-Nov-25 16:58:10.231 * Processing parameter 'COLOUR_FILE' with data './config/colours.ini' not in real-time
20-Nov-25 16:58:10.232 - Reading colour file named ./config/colours.ini
20-Nov-25 16:58:10.234 * Processing parameter 'PATH_MAME' with data './mame/' not in real-time
20-Nov-25 16:58:10.235 * Processing parameter 'PATH_PIXELCADE' with data './pixelcade/' not in real-time
20-Nov-25 16:58:10.235 - The path './pixelcade/' does not exist
20-Nov-25 16:58:10.235 * Processing parameter 'MAME_FOLDER' with data '/usr/games/' not in real-time
20-Nov-25 16:58:10.235 * Processing parameter 'PROCESSES' with data 'retroarch' not in real-time
20-Nov-25 16:58:10.235 * Processing parameter 'MAME_PROCESS' with data 'retroarch' not in real-time
20-Nov-25 16:58:10.236 * Processing parameter 'MAME_RETROARCH_NCI' with data '1' not in real-time
20-Nov-25 16:58:10.236 * Processing parameter 'PIXELCADE_LCD_USE_NETWORK_ADDRESS' with data '1' not in real-time
20-Nov-25 16:58:10.236 * Processing parameter 'PIXELCADE_MENU_HIGHSCORE' with data '1' not in real-time
20-Nov-25 16:58:10.236 * Processing parameter 'PIXELCADE_GAME_START_HIGHSCORE' with data '1' not in real-time
20-Nov-25 16:58:10.236 * Processing parameter 'RGB_STYLE' with data 'RANDOM' not in real-time
20-Nov-25 16:58:10.236 * Processing parameter 'RGB_TRIGGER' with data 'TIME' not in real-time
20-Nov-25 16:58:10.236 * Processing parameter 'RGB_MIN_TIME' with data '1000' not in real-time
20-Nov-25 16:58:10.236 * Processing parameter 'LINK_BUT_CN' with data '0000,Orange,6' not in real-time
20-Nov-25 16:58:10.240 * Processing parameter 'LINK_BUT_EX' with data '0000,Amber,1' not in real-time
20-Nov-25 16:58:10.240 * Processing parameter 'LINK_BUT_J1' with data '0000,Random,0' not in real-time
20-Nov-25 16:58:10.240 * Processing parameter 'LINK_BUT_ST' with data '0000,White,6' not in real-time
20-Nov-25 16:58:10.240 * Processing parameter 'LINK_BUT_RE' with data '0000,Orange_Red,61' not in real-time
20-Nov-25 16:58:10.240 * Processing parameter 'LINK_BUT_PS' with data '0000,Deep_Pink,25' not in real-time
20-Nov-25 16:58:10.240 * Processing parameter 'LINK_BUT_P1' with data '0000,Cyan,2' not in real-time
20-Nov-25 16:58:10.240 * Processing parameter 'LINK_BUT_P2' with data '0000,Orchid,3' not in real-time
20-Nov-25 16:58:10.240 * Processing parameter 'LINK_BUT_B1' with data '0000,Green,29' not in real-time
20-Nov-25 16:58:10.240 * Processing parameter 'LINK_BUT_B2' with data '0000,Red,56' not in real-time
20-Nov-25 16:58:10.240 * Processing parameter 'LINK_BUT_B3' with data '0000,Yellow,57' not in real-time
20-Nov-25 16:58:10.240 * Processing parameter 'LINK_BUT_B4' with data '0000,Blue,00' not in real-time
20-Nov-25 16:58:10.240 * Processing parameter 'LINK_BUT_B5' with data '0000,Blue,44' not in real-time
20-Nov-25 16:58:10.240 * Processing parameter 'LINK_BUT_B6' with data '0000,Blue,45' not in real-time
20-Nov-25 16:58:10.240 * Processing parameter 'LINK_BUT_CH' with data '0000,Deep_Pink,64' not in real-time
20-Nov-25 16:58:10.240 * Processing parameter 'LINK_BUT_MN' with data '0000,Yellow,15' not in real-time
20-Nov-25 16:58:10.240 - DEBUG enabled with showing of window True
20-Nov-25 16:58:10.284 - No pixelcade.ini or settings.ini file could be found in the PATH_PIXELCADE= location
20-Nov-25 16:58:10.295 * 
20-Nov-25 16:58:10.296 - /usr/games/retroarch for game names was not found
20-Nov-25 16:58:10.298 - Trigger thread starting
20-Nov-25 16:58:10.310 * No menu.ini found
20-Nov-25 16:58:21.646 - Processing incoming message - TEST_PORT=1002,1000
20-Nov-25 16:58:21.646 - Processing parameter 'TEST_PORT' with data '1002,1000' in real-time
20-Nov-25 16:58:21.646 - Turning ON device/port 1002 for 1000 mS
20-Nov-25 16:58:21.650 * USB write to /dev/hidraw2 with data 254,0,
20-Nov-25 16:58:21.652 * USB write to /dev/hidraw2 with data 0,255,
20-Nov-25 16:58:21.655 * USB write to /dev/hidraw2 with data 0,0,
20-Nov-25 16:58:21.655 * USB write to /dev/hidraw2 with data 0,0,
20-Nov-25 16:58:21.655 * USB write to /dev/hidraw2 with data 0,0,
20-Nov-25 16:58:21.656 * USB write to /dev/hidraw2 with data 0,0,
20-Nov-25 16:58:21.656 * USB write to /dev/hidraw2 with data 0,0,
20-Nov-25 16:58:21.656 * USB write to /dev/hidraw2 with data 0,0,
20-Nov-25 16:58:21.656 * USB write to /dev/hidraw2 with data 0,0,
20-Nov-25 16:58:21.656 * USB write to /dev/hidraw2 with data 0,0,
20-Nov-25 16:58:21.656 * USB write to /dev/hidraw2 with data 0,0,
20-Nov-25 16:58:21.656 * USB write to /dev/hidraw2 with data 0,0,
20-Nov-25 16:58:21.656 * USB write to /dev/hidraw2 with data 0,0,
20-Nov-25 16:58:21.656 * USB write to /dev/hidraw2 with data 0,0,
20-Nov-25 16:58:21.656 * USB write to /dev/hidraw2 with data 0,0,
20-Nov-25 16:58:21.656 * USB write to /dev/hidraw2 with data 0,0,
20-Nov-25 16:58:21.657 * USB write to /dev/hidraw2 with data 0,0,
20-Nov-25 16:58:21.657 * USB write to /dev/hidraw2 with data 0,0,
20-Nov-25 16:58:21.657 * USB write to /dev/hidraw2 with data 0,0,
20-Nov-25 16:58:21.657 * USB write to /dev/hidraw2 with data 0,0,
20-Nov-25 16:58:21.657 * USB write to /dev/hidraw2 with data 0,0,
20-Nov-25 16:58:21.657 * USB write to /dev/hidraw2 with data 0,0,
20-Nov-25 16:58:21.658 * USB write to /dev/hidraw2 with data 0,0,
20-Nov-25 16:58:21.658 * USB write to /dev/hidraw2 with data 0,0,
20-Nov-25 16:58:21.658 * USB write to /dev/hidraw2 with data 0,0,
20-Nov-25 16:58:21.658 * USB write to /dev/hidraw2 with data 0,0,
20-Nov-25 16:58:21.659 * USB write to /dev/hidraw2 with data 0,0,
20-Nov-25 16:58:21.659 * USB write to /dev/hidraw2 with data 0,0,
20-Nov-25 16:58:21.659 * USB write to /dev/hidraw2 with data 0,0,
20-Nov-25 16:58:21.659 * USB write to /dev/hidraw2 with data 0,0,
20-Nov-25 16:58:21.659 * USB write to /dev/hidraw2 with data 0,0,
20-Nov-25 16:58:21.659 * USB write to /dev/hidraw2 with data 0,0,
20-Nov-25 16:58:21.659 * USB write to /dev/hidraw2 with data 0,0,
20-Nov-25 16:58:22.660 - Turning OFF device/port 1002
20-Nov-25 16:58:22.660 * USB write to /dev/hidraw2 with data 254,0,
20-Nov-25 16:58:22.660 * USB write to /dev/hidraw2 with data 0,0,
20-Nov-25 16:58:22.660 * USB write to /dev/hidraw2 with data 0,0,
20-Nov-25 16:58:22.660 * USB write to /dev/hidraw2 with data 0,0,
20-Nov-25 16:58:22.660 * USB write to /dev/hidraw2 with data 0,0,
20-Nov-25 16:58:22.660 * USB write to /dev/hidraw2 with data 0,0,
20-Nov-25 16:58:22.660 * USB write to /dev/hidraw2 with data 0,0,
20-Nov-25 16:58:22.660 * USB write to /dev/hidraw2 with data 0,0,
20-Nov-25 16:58:22.660 * USB write to /dev/hidraw2 with data 0,0,
20-Nov-25 16:58:22.661 * USB write to /dev/hidraw2 with data 0,0,
20-Nov-25 16:58:22.661 * USB write to /dev/hidraw2 with data 0,0,
20-Nov-25 16:58:22.661 * USB write to /dev/hidraw2 with data 0,0,
20-Nov-25 16:58:22.661 * USB write to /dev/hidraw2 with data 0,0,
20-Nov-25 16:58:22.661 * USB write to /dev/hidraw2 with data 0,0,
20-Nov-25 16:58:22.661 * USB write to /dev/hidraw2 with data 0,0,
20-Nov-25 16:58:22.661 * USB write to /dev/hidraw2 with data 0,0,
20-Nov-25 16:58:22.661 * USB write to /dev/hidraw2 with data 0,0,
20-Nov-25 16:58:22.661 * USB write to /dev/hidraw2 with data 0,0,
20-Nov-25 16:58:22.661 * USB write to /dev/hidraw2 with data 0,0,
20-Nov-25 16:58:22.661 * USB write to /dev/hidraw2 with data 0,0,
20-Nov-25 16:58:22.661 * USB write to /dev/hidraw2 with data 0,0,
20-Nov-25 16:58:22.661 * USB write to /dev/hidraw2 with data 0,0,
20-Nov-25 16:58:22.661 * USB write to /dev/hidraw2 with data 0,0,
20-Nov-25 16:58:22.661 * USB write to /dev/hidraw2 with data 0,0,
20-Nov-25 16:58:22.661 * USB write to /dev/hidraw2 with data 0,0,
20-Nov-25 16:58:22.661 * USB write to /dev/hidraw2 with data 0,0,
20-Nov-25 16:58:22.661 * USB write to /dev/hidraw2 with data 0,0,
20-Nov-25 16:58:22.661 * USB write to /dev/hidraw2 with data 0,0,
20-Nov-25 16:58:22.661 * USB write to /dev/hidraw2 with data 0,0,
20-Nov-25 16:58:22.662 * USB write to /dev/hidraw2 with data 0,0,
20-Nov-25 16:58:22.662 * USB write to /dev/hidraw2 with data 0,0,
20-Nov-25 16:58:22.662 * USB write to /dev/hidraw2 with data 0,0,
20-Nov-25 16:58:22.662 * USB write to /dev/hidraw2 with data 0,0,
20-Nov-25 16:58:47.217 - Processing incoming message - TEST_PORT=1001,1000
20-Nov-25 16:58:47.217 - Processing parameter 'TEST_PORT' with data '1001,1000' in real-time
20-Nov-25 16:58:47.217 - Turning ON device/port 1001 for 1000 mS
20-Nov-25 16:58:47.217 * USB write to /dev/hidraw2 with data 254,0,
20-Nov-25 16:58:47.217 * USB write to /dev/hidraw2 with data 255,0,
20-Nov-25 16:58:47.218 * USB write to /dev/hidraw2 with data 0,0,
20-Nov-25 16:58:47.218 * USB write to /dev/hidraw2 with data 0,0,
20-Nov-25 16:58:47.218 * USB write to /dev/hidraw2 with data 0,0,
20-Nov-25 16:58:47.218 * USB write to /dev/hidraw2 with data 0,0,
20-Nov-25 16:58:47.218 * USB write to /dev/hidraw2 with data 0,0,
20-Nov-25 16:58:47.218 * USB write to /dev/hidraw2 with data 0,0,
20-Nov-25 16:58:47.218 * USB write to /dev/hidraw2 with data 0,0,
20-Nov-25 16:58:47.218 * USB write to /dev/hidraw2 with data 0,0,
20-Nov-25 16:58:47.218 * USB write to /dev/hidraw2 with data 0,0,
20-Nov-25 16:58:47.218 * USB write to /dev/hidraw2 with data 0,0,
20-Nov-25 16:58:47.218 * USB write to /dev/hidraw2 with data 0,0,
20-Nov-25 16:58:47.218 * USB write to /dev/hidraw2 with data 0,0,
20-Nov-25 16:58:47.218 * USB write to /dev/hidraw2 with data 0,0,
20-Nov-25 16:58:47.218 * USB write to /dev/hidraw2 with data 0,0,
20-Nov-25 16:58:47.218 * USB write to /dev/hidraw2 with data 0,0,
20-Nov-25 16:58:47.218 * USB write to /dev/hidraw2 with data 0,0,
20-Nov-25 16:58:47.218 * USB write to /dev/hidraw2 with data 0,0,
20-Nov-25 16:58:47.218 * USB write to /dev/hidraw2 with data 0,0,
20-Nov-25 16:58:47.218 * USB write to /dev/hidraw2 with data 0,0,
20-Nov-25 16:58:47.218 * USB write to /dev/hidraw2 with data 0,0,
20-Nov-25 16:58:47.218 * USB write to /dev/hidraw2 with data 0,0,
20-Nov-25 16:58:47.218 * USB write to /dev/hidraw2 with data 0,0,
20-Nov-25 16:58:47.218 * USB write to /dev/hidraw2 with data 0,0,
20-Nov-25 16:58:47.219 * USB write to /dev/hidraw2 with data 0,0,
20-Nov-25 16:58:47.219 * USB write to /dev/hidraw2 with data 0,0,
20-Nov-25 16:58:47.219 * USB write to /dev/hidraw2 with data 0,0,
20-Nov-25 16:58:47.219 * USB write to /dev/hidraw2 with data 0,0,
20-Nov-25 16:58:47.219 * USB write to /dev/hidraw2 with data 0,0,
20-Nov-25 16:58:47.219 * USB write to /dev/hidraw2 with data 0,0,
20-Nov-25 16:58:47.219 * USB write to /dev/hidraw2 with data 0,0,
20-Nov-25 16:58:47.219 * USB write to /dev/hidraw2 with data 0,0,
20-Nov-25 16:58:48.219 - Turning OFF device/port 1001
20-Nov-25 16:58:48.219 * USB write to /dev/hidraw2 with data 254,0,
20-Nov-25 16:58:48.220 * USB write to /dev/hidraw2 with data 0,0,
20-Nov-25 16:58:48.220 * USB write to /dev/hidraw2 with data 0,0,
20-Nov-25 16:58:48.220 * USB write to /dev/hidraw2 with data 0,0,
20-Nov-25 16:58:48.220 * USB write to /dev/hidraw2 with data 0,0,
20-Nov-25 16:58:48.220 * USB write to /dev/hidraw2 with data 0,0,
20-Nov-25 16:58:48.220 * USB write to /dev/hidraw2 with data 0,0,
20-Nov-25 16:58:48.220 * USB write to /dev/hidraw2 with data 0,0,
20-Nov-25 16:58:48.220 * USB write to /dev/hidraw2 with data 0,0,
20-Nov-25 16:58:48.220 * USB write to /dev/hidraw2 with data 0,0,
20-Nov-25 16:58:48.220 * USB write to /dev/hidraw2 with data 0,0,
20-Nov-25 16:58:48.220 * USB write to /dev/hidraw2 with data 0,0,
20-Nov-25 16:58:48.220 * USB write to /dev/hidraw2 with data 0,0,
20-Nov-25 16:58:48.220 * USB write to /dev/hidraw2 with data 0,0,
20-Nov-25 16:58:48.220 * USB write to /dev/hidraw2 with data 0,0,
20-Nov-25 16:58:48.220 * USB write to /dev/hidraw2 with data 0,0,
20-Nov-25 16:58:48.220 * USB write to /dev/hidraw2 with data 0,0,
20-Nov-25 16:58:48.220 * USB write to /dev/hidraw2 with data 0,0,
20-Nov-25 16:58:48.220 * USB write to /dev/hidraw2 with data 0,0,
20-Nov-25 16:58:48.220 * USB write to /dev/hidraw2 with data 0,0,
20-Nov-25 16:58:48.220 * USB write to /dev/hidraw2 with data 0,0,
20-Nov-25 16:58:48.220 * USB write to /dev/hidraw2 with data 0,0,
20-Nov-25 16:58:48.220 * USB write to /dev/hidraw2 with data 0,0,
20-Nov-25 16:58:48.220 * USB write to /dev/hidraw2 with data 0,0,
20-Nov-25 16:58:48.220 * USB write to /dev/hidraw2 with data 0,0,
20-Nov-25 16:58:48.220 * USB write to /dev/hidraw2 with data 0,0,
20-Nov-25 16:58:48.220 * USB write to /dev/hidraw2 with data 0,0,
20-Nov-25 16:58:48.220 * USB write to /dev/hidraw2 with data 0,0,
20-Nov-25 16:58:48.220 * USB write to /dev/hidraw2 with data 0,0,
20-Nov-25 16:58:48.220 * USB write to /dev/hidraw2 with data 0,0,
20-Nov-25 16:58:48.220 * USB write to /dev/hidraw2 with data 0,0,
20-Nov-25 16:58:48.220 * USB write to /dev/hidraw2 with data 0,0,
20-Nov-25 16:58:48.220 * USB write to /dev/hidraw2 with data 0,0,
20-Nov-25 17:05:38.275 - Processing incoming message - QUIT
20-Nov-25 17:05:38.275 - Processing parameter 'QUIT' with data '' in real-time
20-Nov-25 17:05:38.279 - Shutting down
20-Nov-25 17:05:38.281 * USB write to /dev/hidraw2 with data 81,0,
20-Nov-25 17:05:38.281 * USB write to /dev/hidraw2 with data 82,0,
20-Nov-25 17:05:38.281 * USB write to /dev/hidraw2 with data 83,0,
20-Nov-25 17:05:38.281 * USB write to /dev/hidraw2 with data 84,0,
20-Nov-25 17:05:38.281 * USB write to /dev/hidraw2 with data 85,0,
20-Nov-25 17:05:38.281 * USB write to /dev/hidraw2 with data 86,0,
20-Nov-25 17:05:38.281 * USB write to /dev/hidraw2 with data 87,0,
20-Nov-25 17:05:38.281 * USB write to /dev/hidraw2 with data 88,0,
20-Nov-25 17:05:38.283 - Program close
22-Nov-25 15:11:10.689 - DEBUG enabled with showing of window True
22-Nov-25 15:11:10.704 * BETA logging flag enabled
22-Nov-25 15:11:10.704 - ***************************************************************
22-Nov-25 15:11:10.704 - Linux DOFLinx for Pinball and MAME Emulators - DOFLinx by DDH69
22-Nov-25 15:11:10.704 - Starting up - version 1.04 Beta 1
22-Nov-25 15:11:10.704 - ***************************************************************
22-Nov-25 15:11:10.705 - Linux OS on Arm64 processor with 64 bit operating system and 64 bit application
22-Nov-25 15:11:10.705 - If you like it, please make a donation here https://www.paypal.com/donate?hosted_button_id=YEPCTUYFX5KDE
22-Nov-25 15:11:10.705 - The guide can be found here https://doflinx.github.io/docs/
22-Nov-25 15:11:10.705 - For support come and visit the community here https://www.vpforums.org/index.php?showforum=104
22-Nov-25 15:11:10.706 - Pre-Reading DOFLinx.ini startup config file details
22-Nov-25 15:11:10.758 * Processing parameter 'DEBUG' with data '69' not in real-time
22-Nov-25 15:11:10.759 - DEBUG enabled with showing of window True
22-Nov-25 15:11:10.759 * Special logging flag enabled with window turned on
22-Nov-25 15:11:10.759 - DEBUG enabled with showing of window True
22-Nov-25 15:11:10.767 * PacLED64 board found - not fully implemented
22-Nov-25 15:11:10.778 * Probable ID=1
22-Nov-25 15:11:10.779 * /dev/hidraw1
22-Nov-25 15:11:10.779 - Opening device #1 PacLED64 ID#1 named  with 64 outputs
22-Nov-25 15:11:10.780 * Starting monitoring of keyboard = /dev/input/by-path/platform-xhci-hcd.1-usb-0:2:1.0-event-kbd
22-Nov-25 15:11:10.781 - Reading DOFLinx.ini startup config file details
22-Nov-25 15:11:10.781 * Processing parameter 'DEBUG' with data '69' not in real-time
22-Nov-25 15:11:10.781 - DEBUG enabled with showing of window True
22-Nov-25 15:11:10.781 * Special logging flag enabled with window turned on
22-Nov-25 15:11:10.781 * Processing parameter 'COLOUR_FILE' with data './config/colours.ini' not in real-time
22-Nov-25 15:11:10.782 - Reading colour file named ./config/colours.ini
22-Nov-25 15:11:10.811 * Processing parameter 'PATH_MAME' with data './mame/' not in real-time
22-Nov-25 15:11:10.812 * Processing parameter 'PATH_PIXELCADE' with data './pixelcade/' not in real-time
22-Nov-25 15:11:10.813 - The path './pixelcade/' does not exist
22-Nov-25 15:11:10.813 * Processing parameter 'MAME_FOLDER' with data '/usr/games/' not in real-time
22-Nov-25 15:11:10.813 * Processing parameter 'PROCESSES' with data 'retroarch' not in real-time
22-Nov-25 15:11:10.813 * Processing parameter 'MAME_PROCESS' with data 'retroarch' not in real-time
22-Nov-25 15:11:10.813 * Processing parameter 'MAME_RETROARCH_NCI' with data '1' not in real-time
22-Nov-25 15:11:10.813 * Processing parameter 'PIXELCADE_LCD_USE_NETWORK_ADDRESS' with data '1' not in real-time
22-Nov-25 15:11:10.813 * Processing parameter 'PIXELCADE_MENU_HIGHSCORE' with data '1' not in real-time
22-Nov-25 15:11:10.813 * Processing parameter 'PIXELCADE_GAME_START_HIGHSCORE' with data '1' not in real-time
22-Nov-25 15:11:10.813 * Processing parameter 'RGB_STYLE' with data 'RANDOM' not in real-time
22-Nov-25 15:11:10.813 * Processing parameter 'RGB_TRIGGER' with data 'TIME' not in real-time
22-Nov-25 15:11:10.813 * Processing parameter 'RGB_MIN_TIME' with data '1000' not in real-time
22-Nov-25 15:11:10.813 * Processing parameter 'LINK_BUT_CN' with data '0000,Orange,6' not in real-time
22-Nov-25 15:11:10.816 * Processing parameter 'LINK_BUT_EX' with data '0000,Amber,1' not in real-time
22-Nov-25 15:11:10.816 * Processing parameter 'LINK_BUT_J1' with data '0000,Random,0' not in real-time
22-Nov-25 15:11:10.816 * Processing parameter 'LINK_BUT_ST' with data '0000,White,6' not in real-time
22-Nov-25 15:11:10.816 * Processing parameter 'LINK_BUT_RE' with data '0000,Orange_Red,61' not in real-time
22-Nov-25 15:11:10.816 * Processing parameter 'LINK_BUT_PS' with data '0000,Deep_Pink,25' not in real-time
22-Nov-25 15:11:10.816 * Processing parameter 'LINK_BUT_P1' with data '0000,Cyan,2' not in real-time
22-Nov-25 15:11:10.816 * Processing parameter 'LINK_BUT_P2' with data '0000,Orchid,3' not in real-time
22-Nov-25 15:11:10.816 * Processing parameter 'LINK_BUT_B1' with data '0000,Green,29' not in real-time
22-Nov-25 15:11:10.816 * Processing parameter 'LINK_BUT_B2' with data '0000,Red,56' not in real-time
22-Nov-25 15:11:10.816 * Processing parameter 'LINK_BUT_B3' with data '0000,Yellow,57' not in real-time
22-Nov-25 15:11:10.816 * Processing parameter 'LINK_BUT_B4' with data '0000,Blue,00' not in real-time
22-Nov-25 15:11:10.816 * Processing parameter 'LINK_BUT_B5' with data '0000,Blue,44' not in real-time
22-Nov-25 15:11:10.816 * Processing parameter 'LINK_BUT_B6' with data '0000,Blue,45' not in real-time
22-Nov-25 15:11:10.816 * Processing parameter 'LINK_BUT_CH' with data '0000,Deep_Pink,64' not in real-time
22-Nov-25 15:11:10.816 * Processing parameter 'LINK_BUT_MN' with data '0000,Yellow,15' not in real-time
22-Nov-25 15:11:10.816 - DEBUG enabled with showing of window True
22-Nov-25 15:11:10.858 - No pixelcade.ini or settings.ini file could be found in the PATH_PIXELCADE= location
22-Nov-25 15:11:10.869 * 
22-Nov-25 15:11:10.872 - /usr/games/retroarch for game names was not found
22-Nov-25 15:11:10.874 - Trigger thread starting
22-Nov-25 15:11:10.883 * No menu.ini found
22-Nov-25 15:11:47.672 - Processing incoming message - TEST_OUTPUT=1001,1000
22-Nov-25 15:11:47.672 - Processing parameter 'TEST_OUTPUT' with data '1001,1000' in real-time
22-Nov-25 15:13:23.404 - Processing incoming message - QUIT
22-Nov-25 15:13:23.404 - Processing parameter 'QUIT' with data '' in real-time
22-Nov-25 15:13:23.407 - Shutting down
22-Nov-25 15:13:23.409 * USB write to /dev/hidraw1 with data 81,0,
22-Nov-25 15:13:23.433 - Writing USB device /dev/hidraw1 failed with System.IO.IOException: Broken pipe : '/dev/hidraw1'
   at System.IO.RandomAccess.WriteAtOffset(SafeFileHandle handle, ReadOnlySpan`1 buffer, Int64 fileOffset)
   at System.IO.Strategies.OSFileStreamStrategy.Write(ReadOnlySpan`1 buffer)
   at System.IO.Strategies.BufferedFileStreamStrategy.Flush(Boolean flushToDisk)
   at LDOFLinx.DLOutput.WriteUSB(Byte TheOutput, Byte[]& Snd, Int16 BytesToWrite, Boolean GetReply) in K:\DOFLinx\LDOFLinx\DLOutput.vb:line 37
22-Nov-25 15:13:23.433 * USB write to /dev/hidraw1 with data 82,0,
22-Nov-25 15:13:23.434 - Writing USB device /dev/hidraw1 failed with System.IO.IOException: Broken pipe : '/dev/hidraw1'
   at System.IO.RandomAccess.WriteAtOffset(SafeFileHandle handle, ReadOnlySpan`1 buffer, Int64 fileOffset)
   at System.IO.Strategies.OSFileStreamStrategy.Write(ReadOnlySpan`1 buffer)
   at System.IO.Strategies.BufferedFileStreamStrategy.Flush(Boolean flushToDisk)
   at LDOFLinx.DLOutput.WriteUSB(Byte TheOutput, Byte[]& Snd, Int16 BytesToWrite, Boolean GetReply) in K:\DOFLinx\LDOFLinx\DLOutput.vb:line 37
22-Nov-25 15:13:23.434 * USB write to /dev/hidraw1 with data 83,0,
22-Nov-25 15:13:23.435 - Writing USB device /dev/hidraw1 failed with System.IO.IOException: Broken pipe : '/dev/hidraw1'
   at System.IO.RandomAccess.WriteAtOffset(SafeFileHandle handle, ReadOnlySpan`1 buffer, Int64 fileOffset)
   at System.IO.Strategies.OSFileStreamStrategy.Write(ReadOnlySpan`1 buffer)
   at System.IO.Strategies.BufferedFileStreamStrategy.Flush(Boolean flushToDisk)
   at LDOFLinx.DLOutput.WriteUSB(Byte TheOutput, Byte[]& Snd, Int16 BytesToWrite, Boolean GetReply) in K:\DOFLinx\LDOFLinx\DLOutput.vb:line 37
22-Nov-25 15:13:23.435 * USB write to /dev/hidraw1 with data 84,0,
22-Nov-25 15:13:23.436 - Writing USB device /dev/hidraw1 failed with System.IO.IOException: Broken pipe : '/dev/hidraw1'
   at System.IO.RandomAccess.WriteAtOffset(SafeFileHandle handle, ReadOnlySpan`1 buffer, Int64 fileOffset)
   at System.IO.Strategies.OSFileStreamStrategy.Write(ReadOnlySpan`1 buffer)
   at System.IO.Strategies.BufferedFileStreamStrategy.Flush(Boolean flushToDisk)
   at LDOFLinx.DLOutput.WriteUSB(Byte TheOutput, Byte[]& Snd, Int16 BytesToWrite, Boolean GetReply) in K:\DOFLinx\LDOFLinx\DLOutput.vb:line 37
22-Nov-25 15:13:23.436 * USB write to /dev/hidraw1 with data 85,0,
22-Nov-25 15:13:23.437 - Writing USB device /dev/hidraw1 failed with System.IO.IOException: Broken pipe : '/dev/hidraw1'
   at System.IO.RandomAccess.WriteAtOffset(SafeFileHandle handle, ReadOnlySpan`1 buffer, Int64 fileOffset)
   at System.IO.Strategies.OSFileStreamStrategy.Write(ReadOnlySpan`1 buffer)
   at System.IO.Strategies.BufferedFileStreamStrategy.Flush(Boolean flushToDisk)
   at LDOFLinx.DLOutput.WriteUSB(Byte TheOutput, Byte[]& Snd, Int16 BytesToWrite, Boolean GetReply) in K:\DOFLinx\LDOFLinx\DLOutput.vb:line 37
22-Nov-25 15:13:23.437 * USB write to /dev/hidraw1 with data 86,0,
22-Nov-25 15:13:23.438 - Writing USB device /dev/hidraw1 failed with System.IO.IOException: Broken pipe : '/dev/hidraw1'
   at System.IO.RandomAccess.WriteAtOffset(SafeFileHandle handle, ReadOnlySpan`1 buffer, Int64 fileOffset)
   at System.IO.Strategies.OSFileStreamStrategy.Write(ReadOnlySpan`1 buffer)
   at System.IO.Strategies.BufferedFileStreamStrategy.Flush(Boolean flushToDisk)
   at LDOFLinx.DLOutput.WriteUSB(Byte TheOutput, Byte[]& Snd, Int16 BytesToWrite, Boolean GetReply) in K:\DOFLinx\LDOFLinx\DLOutput.vb:line 37
22-Nov-25 15:13:23.438 * USB write to /dev/hidraw1 with data 87,0,
22-Nov-25 15:13:23.439 - Writing USB device /dev/hidraw1 failed with System.IO.IOException: Broken pipe : '/dev/hidraw1'
   at System.IO.RandomAccess.WriteAtOffset(SafeFileHandle handle, ReadOnlySpan`1 buffer, Int64 fileOffset)
   at System.IO.Strategies.OSFileStreamStrategy.Write(ReadOnlySpan`1 buffer)
   at System.IO.Strategies.BufferedFileStreamStrategy.Flush(Boolean flushToDisk)
   at LDOFLinx.DLOutput.WriteUSB(Byte TheOutput, Byte[]& Snd, Int16 BytesToWrite, Boolean GetReply) in K:\DOFLinx\LDOFLinx\DLOutput.vb:line 37
22-Nov-25 15:13:23.439 * USB write to /dev/hidraw1 with data 88,0,
22-Nov-25 15:13:23.440 - Writing USB device /dev/hidraw1 failed with System.IO.IOException: Broken pipe : '/dev/hidraw1'
   at System.IO.RandomAccess.WriteAtOffset(SafeFileHandle handle, ReadOnlySpan`1 buffer, Int64 fileOffset)
   at System.IO.Strategies.OSFileStreamStrategy.Write(ReadOnlySpan`1 buffer)
   at System.IO.Strategies.BufferedFileStreamStrategy.Flush(Boolean flushToDisk)
   at LDOFLinx.DLOutput.WriteUSB(Byte TheOutput, Byte[]& Snd, Int16 BytesToWrite, Boolean GetReply) in K:\DOFLinx\LDOFLinx\DLOutput.vb:line 37
22-Nov-25 15:13:23.443 - Program close
22-Nov-25 15:18:38.344 - DEBUG enabled with showing of window True
22-Nov-25 15:18:38.360 * BETA logging flag enabled
22-Nov-25 15:18:38.360 - ***************************************************************
22-Nov-25 15:18:38.360 - Linux DOFLinx for Pinball and MAME Emulators - DOFLinx by DDH69
22-Nov-25 15:18:38.360 - Starting up - version 1.04 Beta 1
22-Nov-25 15:18:38.360 - ***************************************************************
22-Nov-25 15:18:38.362 - Linux OS on Arm64 processor with 64 bit operating system and 64 bit application
22-Nov-25 15:18:38.362 - If you like it, please make a donation here https://www.paypal.com/donate?hosted_button_id=YEPCTUYFX5KDE
22-Nov-25 15:18:38.362 - The guide can be found here https://doflinx.github.io/docs/
22-Nov-25 15:18:38.362 - For support come and visit the community here https://www.vpforums.org/index.php?showforum=104
22-Nov-25 15:18:38.363 - Pre-Reading DOFLinx.ini startup config file details
22-Nov-25 15:18:38.393 * Processing parameter 'DEBUG' with data '69' not in real-time
22-Nov-25 15:18:38.394 - DEBUG enabled with showing of window True
22-Nov-25 15:18:38.394 * Special logging flag enabled with window turned on
22-Nov-25 15:18:38.394 - DEBUG enabled with showing of window True
22-Nov-25 15:18:38.401 * PacLED64 board found - not fully implemented
22-Nov-25 15:18:38.412 * Probable ID=1
22-Nov-25 15:18:38.412 * /dev/hidraw1
22-Nov-25 15:18:38.412 - Opening device #1 PacLED64 ID#1 named  with 64 outputs
22-Nov-25 15:18:38.413 * Starting monitoring of keyboard = /dev/input/by-path/platform-xhci-hcd.1-usb-0:2:1.0-event-kbd
22-Nov-25 15:18:38.414 - Reading DOFLinx.ini startup config file details
22-Nov-25 15:18:38.415 * Processing parameter 'DEBUG' with data '69' not in real-time
22-Nov-25 15:18:38.415 - DEBUG enabled with showing of window True
22-Nov-25 15:18:38.415 * Special logging flag enabled with window turned on
22-Nov-25 15:18:38.415 * Processing parameter 'COLOUR_FILE' with data './config/colours.ini' not in real-time
22-Nov-25 15:18:38.415 - Reading colour file named ./config/colours.ini
22-Nov-25 15:18:38.419 * Processing parameter 'PATH_MAME' with data './mame/' not in real-time
22-Nov-25 15:18:38.420 * Processing parameter 'PATH_PIXELCADE' with data './pixelcade/' not in real-time
22-Nov-25 15:18:38.420 - The path './pixelcade/' does not exist
22-Nov-25 15:18:38.420 * Processing parameter 'MAME_FOLDER' with data '/usr/games/' not in real-time
22-Nov-25 15:18:38.420 * Processing parameter 'PROCESSES' with data 'retroarch' not in real-time
22-Nov-25 15:18:38.421 * Processing parameter 'MAME_PROCESS' with data 'retroarch' not in real-time
22-Nov-25 15:18:38.421 * Processing parameter 'MAME_RETROARCH_NCI' with data '1' not in real-time
22-Nov-25 15:18:38.421 * Processing parameter 'PIXELCADE_LCD_USE_NETWORK_ADDRESS' with data '1' not in real-time
22-Nov-25 15:18:38.421 * Processing parameter 'PIXELCADE_MENU_HIGHSCORE' with data '1' not in real-time
22-Nov-25 15:18:38.421 * Processing parameter 'PIXELCADE_GAME_START_HIGHSCORE' with data '1' not in real-time
22-Nov-25 15:18:38.421 * Processing parameter 'RGB_STYLE' with data 'RANDOM' not in real-time
22-Nov-25 15:18:38.421 * Processing parameter 'RGB_TRIGGER' with data 'TIME' not in real-time
22-Nov-25 15:18:38.421 * Processing parameter 'RGB_MIN_TIME' with data '1000' not in real-time
22-Nov-25 15:18:38.421 * Processing parameter 'LINK_BUT_CN' with data '0000,Orange,6' not in real-time
22-Nov-25 15:18:38.425 * Processing parameter 'LINK_BUT_EX' with data '0000,Amber,1' not in real-time
22-Nov-25 15:18:38.425 * Processing parameter 'LINK_BUT_J1' with data '0000,Random,0' not in real-time
22-Nov-25 15:18:38.425 * Processing parameter 'LINK_BUT_ST' with data '0000,White,6' not in real-time
22-Nov-25 15:18:38.425 * Processing parameter 'LINK_BUT_RE' with data '0000,Orange_Red,61' not in real-time
22-Nov-25 15:18:38.425 * Processing parameter 'LINK_BUT_PS' with data '0000,Deep_Pink,25' not in real-time
22-Nov-25 15:18:38.425 * Processing parameter 'LINK_BUT_P1' with data '0000,Cyan,2' not in real-time
22-Nov-25 15:18:38.425 * Processing parameter 'LINK_BUT_P2' with data '0000,Orchid,3' not in real-time
22-Nov-25 15:18:38.425 * Processing parameter 'LINK_BUT_B1' with data '0000,Green,29' not in real-time
22-Nov-25 15:18:38.425 * Processing parameter 'LINK_BUT_B2' with data '0000,Red,56' not in real-time
22-Nov-25 15:18:38.425 * Processing parameter 'LINK_BUT_B3' with data '0000,Yellow,57' not in real-time
22-Nov-25 15:18:38.425 * Processing parameter 'LINK_BUT_B4' with data '0000,Blue,00' not in real-time
22-Nov-25 15:18:38.425 * Processing parameter 'LINK_BUT_B5' with data '0000,Blue,44' not in real-time
22-Nov-25 15:18:38.425 * Processing parameter 'LINK_BUT_B6' with data '0000,Blue,45' not in real-time
22-Nov-25 15:18:38.425 * Processing parameter 'LINK_BUT_CH' with data '0000,Deep_Pink,64' not in real-time
22-Nov-25 15:18:38.425 * Processing parameter 'LINK_BUT_MN' with data '0000,Yellow,15' not in real-time
22-Nov-25 15:18:38.425 - DEBUG enabled with showing of window True
22-Nov-25 15:18:38.466 - No pixelcade.ini or settings.ini file could be found in the PATH_PIXELCADE= location
22-Nov-25 15:18:38.477 * 
22-Nov-25 15:18:38.478 - /usr/games/retroarch for game names was not found
22-Nov-25 15:18:38.480 - Trigger thread starting
22-Nov-25 15:18:38.493 * No menu.ini found
22-Nov-25 15:18:44.057 - Processing incoming message - TEST_OUTPUT=1001,1000
22-Nov-25 15:18:44.057 - Processing parameter 'TEST_OUTPUT' with data '1001,1000' in real-time
22-Nov-25 15:19:22.716 - Processing incoming message - TEST_OUTPUT=1001,1000
22-Nov-25 15:19:22.716 - Processing parameter 'TEST_OUTPUT' with data '1001,1000' in real-time
22-Nov-25 15:22:13.942 - Processing incoming message - TEST_OUTPUT=1001,1000
22-Nov-25 15:22:13.942 - Processing parameter 'TEST_OUTPUT' with data '1001,1000' in real-time
22-Nov-25 15:23:03.484 - Processing incoming message - QUIT
22-Nov-25 15:23:03.484 - Processing parameter 'QUIT' with data '' in real-time
22-Nov-25 15:23:03.485 - Shutting down
22-Nov-25 15:23:03.487 * USB write to /dev/hidraw1 with data 81,0,
22-Nov-25 15:23:03.527 - Writing USB device /dev/hidraw1 failed with System.IO.IOException: Broken pipe : '/dev/hidraw1'
   at System.IO.RandomAccess.WriteAtOffset(SafeFileHandle handle, ReadOnlySpan`1 buffer, Int64 fileOffset)
   at System.IO.Strategies.OSFileStreamStrategy.Write(ReadOnlySpan`1 buffer)
   at System.IO.Strategies.BufferedFileStreamStrategy.Flush(Boolean flushToDisk)
   at LDOFLinx.DLOutput.WriteUSB(Byte TheOutput, Byte[]& Snd, Int16 BytesToWrite, Boolean GetReply) in K:\DOFLinx\LDOFLinx\DLOutput.vb:line 38
22-Nov-25 15:23:03.527 * USB write to /dev/hidraw1 with data 82,0,
22-Nov-25 15:23:03.527 - Writing USB device /dev/hidraw1 failed with System.IO.IOException: The process cannot access the file '/dev/hidraw1' because it is being used by another process.
   at Microsoft.Win32.SafeHandles.SafeFileHandle.Init(String path, FileMode mode, FileAccess access, FileShare share, FileOptions options, Int64 preallocationSize, Int64& fileLength, UnixFileMode& filePermissions)
   at Microsoft.Win32.SafeHandles.SafeFileHandle.Open(String fullPath, FileMode mode, FileAccess access, FileShare share, FileOptions options, Int64 preallocationSize, UnixFileMode openPermissions, Int64& fileLength, UnixFileMode& filePermissions, Boolean failForSymlink, Boolean& wasSymlink, Func`4 createOpenException)
   at System.IO.Strategies.OSFileStreamStrategy..ctor(String path, FileMode mode, FileAccess access, FileShare share, FileOptions options, Int64 preallocationSize, Nullable`1 unixCreateMode)
   at System.IO.File.Open(String path, FileMode mode)
   at LDOFLinx.DLOutput.WriteUSB(Byte TheOutput, Byte[]& Snd, Int16 BytesToWrite, Boolean GetReply) in K:\DOFLinx\LDOFLinx\DLOutput.vb:line 36
22-Nov-25 15:23:03.527 * USB write to /dev/hidraw1 with data 83,0,
22-Nov-25 15:23:03.528 - Writing USB device /dev/hidraw1 failed with System.IO.IOException: The process cannot access the file '/dev/hidraw1' because it is being used by another process.
   at Microsoft.Win32.SafeHandles.SafeFileHandle.Init(String path, FileMode mode, FileAccess access, FileShare share, FileOptions options, Int64 preallocationSize, Int64& fileLength, UnixFileMode& filePermissions)
   at Microsoft.Win32.SafeHandles.SafeFileHandle.Open(String fullPath, FileMode mode, FileAccess access, FileShare share, FileOptions options, Int64 preallocationSize, UnixFileMode openPermissions, Int64& fileLength, UnixFileMode& filePermissions, Boolean failForSymlink, Boolean& wasSymlink, Func`4 createOpenException)
   at System.IO.Strategies.OSFileStreamStrategy..ctor(String path, FileMode mode, FileAccess access, FileShare share, FileOptions options, Int64 preallocationSize, Nullable`1 unixCreateMode)
   at System.IO.File.Open(String path, FileMode mode)
   at LDOFLinx.DLOutput.WriteUSB(Byte TheOutput, Byte[]& Snd, Int16 BytesToWrite, Boolean GetReply) in K:\DOFLinx\LDOFLinx\DLOutput.vb:line 36
22-Nov-25 15:23:03.528 * USB write to /dev/hidraw1 with data 84,0,
22-Nov-25 15:23:03.528 - Writing USB device /dev/hidraw1 failed with System.IO.IOException: The process cannot access the file '/dev/hidraw1' because it is being used by another process.
   at Microsoft.Win32.SafeHandles.SafeFileHandle.Init(String path, FileMode mode, FileAccess access, FileShare share, FileOptions options, Int64 preallocationSize, Int64& fileLength, UnixFileMode& filePermissions)
   at Microsoft.Win32.SafeHandles.SafeFileHandle.Open(String fullPath, FileMode mode, FileAccess access, FileShare share, FileOptions options, Int64 preallocationSize, UnixFileMode openPermissions, Int64& fileLength, UnixFileMode& filePermissions, Boolean failForSymlink, Boolean& wasSymlink, Func`4 createOpenException)
   at System.IO.Strategies.OSFileStreamStrategy..ctor(String path, FileMode mode, FileAccess access, FileShare share, FileOptions options, Int64 preallocationSize, Nullable`1 unixCreateMode)
   at System.IO.File.Open(String path, FileMode mode)
   at LDOFLinx.DLOutput.WriteUSB(Byte TheOutput, Byte[]& Snd, Int16 BytesToWrite, Boolean GetReply) in K:\DOFLinx\LDOFLinx\DLOutput.vb:line 36
22-Nov-25 15:23:03.528 * USB write to /dev/hidraw1 with data 85,0,
22-Nov-25 15:23:03.528 - Writing USB device /dev/hidraw1 failed with System.IO.IOException: The process cannot access the file '/dev/hidraw1' because it is being used by another process.
   at Microsoft.Win32.SafeHandles.SafeFileHandle.Init(String path, FileMode mode, FileAccess access, FileShare share, FileOptions options, Int64 preallocationSize, Int64& fileLength, UnixFileMode& filePermissions)
   at Microsoft.Win32.SafeHandles.SafeFileHandle.Open(String fullPath, FileMode mode, FileAccess access, FileShare share, FileOptions options, Int64 preallocationSize, UnixFileMode openPermissions, Int64& fileLength, UnixFileMode& filePermissions, Boolean failForSymlink, Boolean& wasSymlink, Func`4 createOpenException)
   at System.IO.Strategies.OSFileStreamStrategy..ctor(String path, FileMode mode, FileAccess access, FileShare share, FileOptions options, Int64 preallocationSize, Nullable`1 unixCreateMode)
   at System.IO.File.Open(String path, FileMode mode)
   at LDOFLinx.DLOutput.WriteUSB(Byte TheOutput, Byte[]& Snd, Int16 BytesToWrite, Boolean GetReply) in K:\DOFLinx\LDOFLinx\DLOutput.vb:line 36
22-Nov-25 15:23:03.528 * USB write to /dev/hidraw1 with data 86,0,
22-Nov-25 15:23:03.528 - Writing USB device /dev/hidraw1 failed with System.IO.IOException: The process cannot access the file '/dev/hidraw1' because it is being used by another process.
   at Microsoft.Win32.SafeHandles.SafeFileHandle.Init(String path, FileMode mode, FileAccess access, FileShare share, FileOptions options, Int64 preallocationSize, Int64& fileLength, UnixFileMode& filePermissions)
   at Microsoft.Win32.SafeHandles.SafeFileHandle.Open(String fullPath, FileMode mode, FileAccess access, FileShare share, FileOptions options, Int64 preallocationSize, UnixFileMode openPermissions, Int64& fileLength, UnixFileMode& filePermissions, Boolean failForSymlink, Boolean& wasSymlink, Func`4 createOpenException)
   at System.IO.Strategies.OSFileStreamStrategy..ctor(String path, FileMode mode, FileAccess access, FileShare share, FileOptions options, Int64 preallocationSize, Nullable`1 unixCreateMode)
   at System.IO.File.Open(String path, FileMode mode)
   at LDOFLinx.DLOutput.WriteUSB(Byte TheOutput, Byte[]& Snd, Int16 BytesToWrite, Boolean GetReply) in K:\DOFLinx\LDOFLinx\DLOutput.vb:line 36
22-Nov-25 15:23:03.528 * USB write to /dev/hidraw1 with data 87,0,
22-Nov-25 15:23:03.529 - Writing USB device /dev/hidraw1 failed with System.IO.IOException: The process cannot access the file '/dev/hidraw1' because it is being used by another process.
   at Microsoft.Win32.SafeHandles.SafeFileHandle.Init(String path, FileMode mode, FileAccess access, FileShare share, FileOptions options, Int64 preallocationSize, Int64& fileLength, UnixFileMode& filePermissions)
   at Microsoft.Win32.SafeHandles.SafeFileHandle.Open(String fullPath, FileMode mode, FileAccess access, FileShare share, FileOptions options, Int64 preallocationSize, UnixFileMode openPermissions, Int64& fileLength, UnixFileMode& filePermissions, Boolean failForSymlink, Boolean& wasSymlink, Func`4 createOpenException)
   at System.IO.Strategies.OSFileStreamStrategy..ctor(String path, FileMode mode, FileAccess access, FileShare share, FileOptions options, Int64 preallocationSize, Nullable`1 unixCreateMode)
   at System.IO.File.Open(String path, FileMode mode)
   at LDOFLinx.DLOutput.WriteUSB(Byte TheOutput, Byte[]& Snd, Int16 BytesToWrite, Boolean GetReply) in K:\DOFLinx\LDOFLinx\DLOutput.vb:line 36
22-Nov-25 15:23:03.529 * USB write to /dev/hidraw1 with data 88,0,
22-Nov-25 15:23:03.529 - Writing USB device /dev/hidraw1 failed with System.IO.IOException: The process cannot access the file '/dev/hidraw1' because it is being used by another process.
   at Microsoft.Win32.SafeHandles.SafeFileHandle.Init(String path, FileMode mode, FileAccess access, FileShare share, FileOptions options, Int64 preallocationSize, Int64& fileLength, UnixFileMode& filePermissions)
   at Microsoft.Win32.SafeHandles.SafeFileHandle.Open(String fullPath, FileMode mode, FileAccess access, FileShare share, FileOptions options, Int64 preallocationSize, UnixFileMode openPermissions, Int64& fileLength, UnixFileMode& filePermissions, Boolean failForSymlink, Boolean& wasSymlink, Func`4 createOpenException)
   at System.IO.Strategies.OSFileStreamStrategy..ctor(String path, FileMode mode, FileAccess access, FileShare share, FileOptions options, Int64 preallocationSize, Nullable`1 unixCreateMode)
   at System.IO.File.Open(String path, FileMode mode)
   at LDOFLinx.DLOutput.WriteUSB(Byte TheOutput, Byte[]& Snd, Int16 BytesToWrite, Boolean GetReply) in K:\DOFLinx\LDOFLinx\DLOutput.vb:line 36
22-Nov-25 15:23:03.532 - Program close
22-Nov-25 15:24:30.643 - DEBUG enabled with showing of window True
22-Nov-25 15:24:30.656 * BETA logging flag enabled
22-Nov-25 15:24:30.657 - ***************************************************************
22-Nov-25 15:24:30.657 - Linux DOFLinx for Pinball and MAME Emulators - DOFLinx by DDH69
22-Nov-25 15:24:30.657 - Starting up - version 1.04 Beta 1
22-Nov-25 15:24:30.657 - ***************************************************************
22-Nov-25 15:24:30.658 - Linux OS on Arm64 processor with 64 bit operating system and 64 bit application
22-Nov-25 15:24:30.658 - If you like it, please make a donation here https://www.paypal.com/donate?hosted_button_id=YEPCTUYFX5KDE
22-Nov-25 15:24:30.658 - The guide can be found here https://doflinx.github.io/docs/
22-Nov-25 15:24:30.658 - For support come and visit the community here https://www.vpforums.org/index.php?showforum=104
22-Nov-25 15:24:30.659 - Pre-Reading DOFLinx.ini startup config file details
22-Nov-25 15:24:30.688 * Processing parameter 'DEBUG' with data '69' not in real-time
22-Nov-25 15:24:30.688 - DEBUG enabled with showing of window True
22-Nov-25 15:24:30.688 * Special logging flag enabled with window turned on
22-Nov-25 15:24:30.688 - DEBUG enabled with showing of window True
22-Nov-25 15:24:30.695 * PacLED64 board found - not fully implemented
22-Nov-25 15:24:30.706 * Probable ID=1
22-Nov-25 15:24:30.706 * /dev/hidraw1
22-Nov-25 15:24:30.706 - Opening device #1 PacLED64 ID#1 named  with 64 outputs
22-Nov-25 15:24:30.708 * Starting monitoring of keyboard = /dev/input/by-path/platform-xhci-hcd.1-usb-0:2:1.0-event-kbd
22-Nov-25 15:24:30.709 - Reading DOFLinx.ini startup config file details
22-Nov-25 15:24:30.709 * Processing parameter 'DEBUG' with data '69' not in real-time
22-Nov-25 15:24:30.709 - DEBUG enabled with showing of window True
22-Nov-25 15:24:30.709 * Special logging flag enabled with window turned on
22-Nov-25 15:24:30.709 * Processing parameter 'COLOUR_FILE' with data './config/colours.ini' not in real-time
22-Nov-25 15:24:30.709 - Reading colour file named ./config/colours.ini
22-Nov-25 15:24:30.713 * Processing parameter 'PATH_MAME' with data './mame/' not in real-time
22-Nov-25 15:24:30.714 * Processing parameter 'PATH_PIXELCADE' with data './pixelcade/' not in real-time
22-Nov-25 15:24:30.715 - The path './pixelcade/' does not exist
22-Nov-25 15:24:30.715 * Processing parameter 'MAME_FOLDER' with data '/usr/games/' not in real-time
22-Nov-25 15:24:30.715 * Processing parameter 'PROCESSES' with data 'retroarch' not in real-time
22-Nov-25 15:24:30.715 * Processing parameter 'MAME_PROCESS' with data 'retroarch' not in real-time
22-Nov-25 15:24:30.715 * Processing parameter 'MAME_RETROARCH_NCI' with data '1' not in real-time
22-Nov-25 15:24:30.716 * Processing parameter 'PIXELCADE_LCD_USE_NETWORK_ADDRESS' with data '1' not in real-time
22-Nov-25 15:24:30.716 * Processing parameter 'PIXELCADE_MENU_HIGHSCORE' with data '1' not in real-time
22-Nov-25 15:24:30.716 * Processing parameter 'PIXELCADE_GAME_START_HIGHSCORE' with data '1' not in real-time
22-Nov-25 15:24:30.716 * Processing parameter 'RGB_STYLE' with data 'RANDOM' not in real-time
22-Nov-25 15:24:30.716 * Processing parameter 'RGB_TRIGGER' with data 'TIME' not in real-time
22-Nov-25 15:24:30.716 * Processing parameter 'RGB_MIN_TIME' with data '1000' not in real-time
22-Nov-25 15:24:30.716 * Processing parameter 'LINK_BUT_CN' with data '0000,Orange,6' not in real-time
22-Nov-25 15:24:30.719 * Processing parameter 'LINK_BUT_EX' with data '0000,Amber,1' not in real-time
22-Nov-25 15:24:30.719 * Processing parameter 'LINK_BUT_J1' with data '0000,Random,0' not in real-time
22-Nov-25 15:24:30.720 * Processing parameter 'LINK_BUT_ST' with data '0000,White,6' not in real-time
22-Nov-25 15:24:30.720 * Processing parameter 'LINK_BUT_RE' with data '0000,Orange_Red,61' not in real-time
22-Nov-25 15:24:30.720 * Processing parameter 'LINK_BUT_PS' with data '0000,Deep_Pink,25' not in real-time
22-Nov-25 15:24:30.720 * Processing parameter 'LINK_BUT_P1' with data '0000,Cyan,2' not in real-time
22-Nov-25 15:24:30.720 * Processing parameter 'LINK_BUT_P2' with data '0000,Orchid,3' not in real-time
22-Nov-25 15:24:30.720 * Processing parameter 'LINK_BUT_B1' with data '0000,Green,29' not in real-time
22-Nov-25 15:24:30.720 * Processing parameter 'LINK_BUT_B2' with data '0000,Red,56' not in real-time
22-Nov-25 15:24:30.720 * Processing parameter 'LINK_BUT_B3' with data '0000,Yellow,57' not in real-time
22-Nov-25 15:24:30.720 * Processing parameter 'LINK_BUT_B4' with data '0000,Blue,00' not in real-time
22-Nov-25 15:24:30.720 * Processing parameter 'LINK_BUT_B5' with data '0000,Blue,44' not in real-time
22-Nov-25 15:24:30.720 * Processing parameter 'LINK_BUT_B6' with data '0000,Blue,45' not in real-time
22-Nov-25 15:24:30.720 * Processing parameter 'LINK_BUT_CH' with data '0000,Deep_Pink,64' not in real-time
22-Nov-25 15:24:30.720 * Processing parameter 'LINK_BUT_MN' with data '0000,Yellow,15' not in real-time
22-Nov-25 15:24:30.720 - DEBUG enabled with showing of window True
22-Nov-25 15:24:30.762 - No pixelcade.ini or settings.ini file could be found in the PATH_PIXELCADE= location
22-Nov-25 15:24:30.774 * 
22-Nov-25 15:24:30.775 - /usr/games/retroarch for game names was not found
22-Nov-25 15:24:30.778 - Trigger thread starting
22-Nov-25 15:24:30.790 * No menu.ini found
22-Nov-25 15:24:37.183 - Processing incoming message - TEST_OUTPUT=1001,1000
22-Nov-25 15:24:37.184 - Processing parameter 'TEST_OUTPUT' with data '1001,1000' in real-time
22-Nov-25 15:25:37.826 - Processing incoming message - TEST_OUTPUT=1001,1000
22-Nov-25 15:25:37.826 - Processing parameter 'TEST_OUTPUT' with data '1001,1000' in real-time
22-Nov-25 15:27:38.000 - Processing incoming message - QUIT
22-Nov-25 15:27:38.000 - Processing parameter 'QUIT' with data '' in real-time
22-Nov-25 15:27:38.005 - Shutting down
22-Nov-25 15:27:38.007 * USB write to /dev/hidraw1 with data 81,0,
22-Nov-25 15:27:38.036 - Writing USB device /dev/hidraw1 failed with System.IO.IOException: No such device : '/dev/hidraw1'
   at System.IO.RandomAccess.WriteAtOffset(SafeFileHandle handle, ReadOnlySpan`1 buffer, Int64 fileOffset)
   at System.IO.Strategies.OSFileStreamStrategy.Write(ReadOnlySpan`1 buffer)
   at System.IO.Strategies.BufferedFileStreamStrategy.Flush(Boolean flushToDisk)
   at LDOFLinx.DLOutput.WriteUSB(Byte TheOutput, Byte[]& Snd, Int16 BytesToWrite, Boolean GetReply) in K:\DOFLinx\LDOFLinx\DLOutput.vb:line 38
22-Nov-25 15:27:38.037 * USB write to /dev/hidraw1 with data 82,0,
22-Nov-25 15:27:38.037 - Writing USB device /dev/hidraw1 failed with System.IO.IOException: No such device : '/dev/hidraw1'
   at System.IO.RandomAccess.WriteAtOffset(SafeFileHandle handle, ReadOnlySpan`1 buffer, Int64 fileOffset)
   at System.IO.Strategies.OSFileStreamStrategy.Write(ReadOnlySpan`1 buffer)
   at System.IO.Strategies.BufferedFileStreamStrategy.Flush(Boolean flushToDisk)
   at LDOFLinx.DLOutput.WriteUSB(Byte TheOutput, Byte[]& Snd, Int16 BytesToWrite, Boolean GetReply) in K:\DOFLinx\LDOFLinx\DLOutput.vb:line 38
22-Nov-25 15:27:38.037 * USB write to /dev/hidraw1 with data 83,0,
22-Nov-25 15:27:38.037 - Writing USB device /dev/hidraw1 failed with System.IO.IOException: No such device : '/dev/hidraw1'
   at System.IO.RandomAccess.WriteAtOffset(SafeFileHandle handle, ReadOnlySpan`1 buffer, Int64 fileOffset)
   at System.IO.Strategies.OSFileStreamStrategy.Write(ReadOnlySpan`1 buffer)
   at System.IO.Strategies.BufferedFileStreamStrategy.Flush(Boolean flushToDisk)
   at LDOFLinx.DLOutput.WriteUSB(Byte TheOutput, Byte[]& Snd, Int16 BytesToWrite, Boolean GetReply) in K:\DOFLinx\LDOFLinx\DLOutput.vb:line 38
22-Nov-25 15:27:38.037 * USB write to /dev/hidraw1 with data 84,0,
22-Nov-25 15:27:38.037 - Writing USB device /dev/hidraw1 failed with System.IO.IOException: No such device : '/dev/hidraw1'
   at System.IO.RandomAccess.WriteAtOffset(SafeFileHandle handle, ReadOnlySpan`1 buffer, Int64 fileOffset)
   at System.IO.Strategies.OSFileStreamStrategy.Write(ReadOnlySpan`1 buffer)
   at System.IO.Strategies.BufferedFileStreamStrategy.Flush(Boolean flushToDisk)
   at LDOFLinx.DLOutput.WriteUSB(Byte TheOutput, Byte[]& Snd, Int16 BytesToWrite, Boolean GetReply) in K:\DOFLinx\LDOFLinx\DLOutput.vb:line 38
22-Nov-25 15:27:38.037 * USB write to /dev/hidraw1 with data 85,0,
22-Nov-25 15:27:38.037 - Writing USB device /dev/hidraw1 failed with System.IO.IOException: No such device : '/dev/hidraw1'
   at System.IO.RandomAccess.WriteAtOffset(SafeFileHandle handle, ReadOnlySpan`1 buffer, Int64 fileOffset)
   at System.IO.Strategies.OSFileStreamStrategy.Write(ReadOnlySpan`1 buffer)
   at System.IO.Strategies.BufferedFileStreamStrategy.Flush(Boolean flushToDisk)
   at LDOFLinx.DLOutput.WriteUSB(Byte TheOutput, Byte[]& Snd, Int16 BytesToWrite, Boolean GetReply) in K:\DOFLinx\LDOFLinx\DLOutput.vb:line 38
22-Nov-25 15:27:38.037 * USB write to /dev/hidraw1 with data 86,0,
22-Nov-25 15:27:38.038 - Writing USB device /dev/hidraw1 failed with System.IO.IOException: No such device : '/dev/hidraw1'
   at System.IO.RandomAccess.WriteAtOffset(SafeFileHandle handle, ReadOnlySpan`1 buffer, Int64 fileOffset)
   at System.IO.Strategies.OSFileStreamStrategy.Write(ReadOnlySpan`1 buffer)
   at System.IO.Strategies.BufferedFileStreamStrategy.Flush(Boolean flushToDisk)
   at LDOFLinx.DLOutput.WriteUSB(Byte TheOutput, Byte[]& Snd, Int16 BytesToWrite, Boolean GetReply) in K:\DOFLinx\LDOFLinx\DLOutput.vb:line 38
22-Nov-25 15:27:38.038 * USB write to /dev/hidraw1 with data 87,0,
22-Nov-25 15:27:38.038 - Writing USB device /dev/hidraw1 failed with System.IO.IOException: No such device : '/dev/hidraw1'
   at System.IO.RandomAccess.WriteAtOffset(SafeFileHandle handle, ReadOnlySpan`1 buffer, Int64 fileOffset)
   at System.IO.Strategies.OSFileStreamStrategy.Write(ReadOnlySpan`1 buffer)
   at System.IO.Strategies.BufferedFileStreamStrategy.Flush(Boolean flushToDisk)
   at LDOFLinx.DLOutput.WriteUSB(Byte TheOutput, Byte[]& Snd, Int16 BytesToWrite, Boolean GetReply) in K:\DOFLinx\LDOFLinx\DLOutput.vb:line 38
22-Nov-25 15:27:38.038 * USB write to /dev/hidraw1 with data 88,0,
22-Nov-25 15:27:38.038 - Writing USB device /dev/hidraw1 failed with System.IO.IOException: No such device : '/dev/hidraw1'
   at System.IO.RandomAccess.WriteAtOffset(SafeFileHandle handle, ReadOnlySpan`1 buffer, Int64 fileOffset)
   at System.IO.Strategies.OSFileStreamStrategy.Write(ReadOnlySpan`1 buffer)
   at System.IO.Strategies.BufferedFileStreamStrategy.Flush(Boolean flushToDisk)
   at LDOFLinx.DLOutput.WriteUSB(Byte TheOutput, Byte[]& Snd, Int16 BytesToWrite, Boolean GetReply) in K:\DOFLinx\LDOFLinx\DLOutput.vb:line 38
22-Nov-25 15:27:38.039 - Program close
22-Nov-25 15:27:43.221 - DEBUG enabled with showing of window True
22-Nov-25 15:27:43.237 * BETA logging flag enabled
22-Nov-25 15:27:43.237 - ***************************************************************
22-Nov-25 15:27:43.237 - Linux DOFLinx for Pinball and MAME Emulators - DOFLinx by DDH69
22-Nov-25 15:27:43.237 - Starting up - version 1.04 Beta 1
22-Nov-25 15:27:43.237 - ***************************************************************
22-Nov-25 15:27:43.239 - Linux OS on Arm64 processor with 64 bit operating system and 64 bit application
22-Nov-25 15:27:43.239 - If you like it, please make a donation here https://www.paypal.com/donate?hosted_button_id=YEPCTUYFX5KDE
22-Nov-25 15:27:43.239 - The guide can be found here https://doflinx.github.io/docs/
22-Nov-25 15:27:43.239 - For support come and visit the community here https://www.vpforums.org/index.php?showforum=104
22-Nov-25 15:27:43.240 - Pre-Reading DOFLinx.ini startup config file details
22-Nov-25 15:27:43.270 * Processing parameter 'DEBUG' with data '69' not in real-time
22-Nov-25 15:27:43.271 - DEBUG enabled with showing of window True
22-Nov-25 15:27:43.271 * Special logging flag enabled with window turned on
22-Nov-25 15:27:43.271 - DEBUG enabled with showing of window True
22-Nov-25 15:27:43.278 * PacLED64 board found - not fully implemented
22-Nov-25 15:27:43.289 * Probable ID=1
22-Nov-25 15:27:43.289 * /dev/hidraw3
22-Nov-25 15:27:43.289 - Opening device #1 PacLED64 ID#1 named  with 64 outputs
22-Nov-25 15:27:43.290 * Starting monitoring of keyboard = /dev/input/by-path/platform-xhci-hcd.0-usb-0:1:1.0-event-kbd
22-Nov-25 15:27:43.291 - Reading DOFLinx.ini startup config file details
22-Nov-25 15:27:43.291 * Processing parameter 'DEBUG' with data '69' not in real-time
22-Nov-25 15:27:43.291 - DEBUG enabled with showing of window True
22-Nov-25 15:27:43.292 * Special logging flag enabled with window turned on
22-Nov-25 15:27:43.292 * Processing parameter 'COLOUR_FILE' with data './config/colours.ini' not in real-time
22-Nov-25 15:27:43.292 - Reading colour file named ./config/colours.ini
22-Nov-25 15:27:43.296 * Processing parameter 'PATH_MAME' with data './mame/' not in real-time
22-Nov-25 15:27:43.297 * Processing parameter 'PATH_PIXELCADE' with data './pixelcade/' not in real-time
22-Nov-25 15:27:43.297 - The path './pixelcade/' does not exist
22-Nov-25 15:27:43.297 * Processing parameter 'MAME_FOLDER' with data '/usr/games/' not in real-time
22-Nov-25 15:27:43.297 * Processing parameter 'PROCESSES' with data 'retroarch' not in real-time
22-Nov-25 15:27:43.298 * Processing parameter 'MAME_PROCESS' with data 'retroarch' not in real-time
22-Nov-25 15:27:43.298 * Processing parameter 'MAME_RETROARCH_NCI' with data '1' not in real-time
22-Nov-25 15:27:43.298 * Processing parameter 'PIXELCADE_LCD_USE_NETWORK_ADDRESS' with data '1' not in real-time
22-Nov-25 15:27:43.298 * Processing parameter 'PIXELCADE_MENU_HIGHSCORE' with data '1' not in real-time
22-Nov-25 15:27:43.298 * Processing parameter 'PIXELCADE_GAME_START_HIGHSCORE' with data '1' not in real-time
22-Nov-25 15:27:43.298 * Processing parameter 'RGB_STYLE' with data 'RANDOM' not in real-time
22-Nov-25 15:27:43.298 * Processing parameter 'RGB_TRIGGER' with data 'TIME' not in real-time
22-Nov-25 15:27:43.298 * Processing parameter 'RGB_MIN_TIME' with data '1000' not in real-time
22-Nov-25 15:27:43.298 * Processing parameter 'LINK_BUT_CN' with data '0000,Orange,6' not in real-time
22-Nov-25 15:27:43.302 * Processing parameter 'LINK_BUT_EX' with data '0000,Amber,1' not in real-time
22-Nov-25 15:27:43.302 * Processing parameter 'LINK_BUT_J1' with data '0000,Random,0' not in real-time
22-Nov-25 15:27:43.302 * Processing parameter 'LINK_BUT_ST' with data '0000,White,6' not in real-time
22-Nov-25 15:27:43.302 * Processing parameter 'LINK_BUT_RE' with data '0000,Orange_Red,61' not in real-time
22-Nov-25 15:27:43.302 * Processing parameter 'LINK_BUT_PS' with data '0000,Deep_Pink,25' not in real-time
22-Nov-25 15:27:43.302 * Processing parameter 'LINK_BUT_P1' with data '0000,Cyan,2' not in real-time
22-Nov-25 15:27:43.302 * Processing parameter 'LINK_BUT_P2' with data '0000,Orchid,3' not in real-time
22-Nov-25 15:27:43.302 * Processing parameter 'LINK_BUT_B1' with data '0000,Green,29' not in real-time
22-Nov-25 15:27:43.302 * Processing parameter 'LINK_BUT_B2' with data '0000,Red,56' not in real-time
22-Nov-25 15:27:43.302 * Processing parameter 'LINK_BUT_B3' with data '0000,Yellow,57' not in real-time
22-Nov-25 15:27:43.302 * Processing parameter 'LINK_BUT_B4' with data '0000,Blue,00' not in real-time
22-Nov-25 15:27:43.302 * Processing parameter 'LINK_BUT_B5' with data '0000,Blue,44' not in real-time
22-Nov-25 15:27:43.302 * Processing parameter 'LINK_BUT_B6' with data '0000,Blue,45' not in real-time
22-Nov-25 15:27:43.302 * Processing parameter 'LINK_BUT_CH' with data '0000,Deep_Pink,64' not in real-time
22-Nov-25 15:27:43.302 * Processing parameter 'LINK_BUT_MN' with data '0000,Yellow,15' not in real-time
22-Nov-25 15:27:43.302 - DEBUG enabled with showing of window True
22-Nov-25 15:27:43.344 - No pixelcade.ini or settings.ini file could be found in the PATH_PIXELCADE= location
22-Nov-25 15:27:43.367 * 
22-Nov-25 15:27:43.369 - /usr/games/retroarch for game names was not found
22-Nov-25 15:27:43.370 - Trigger thread starting
22-Nov-25 15:27:43.377 * No menu.ini found
22-Nov-25 15:27:46.879 - Processing incoming message - TEST_OUTPUT=1001,1000
22-Nov-25 15:27:46.879 - Processing parameter 'TEST_OUTPUT' with data '1001,1000' in real-time
22-Nov-25 15:27:53.138 - Processing incoming message - QUIT
22-Nov-25 15:27:53.139 - Processing parameter 'QUIT' with data '' in real-time
22-Nov-25 15:27:53.140 - Shutting down
22-Nov-25 15:27:53.142 * USB write to /dev/hidraw3 with data 81,0,
22-Nov-25 15:27:53.165 - Writing USB device /dev/hidraw3 failed with System.IO.IOException: Broken pipe : '/dev/hidraw3'
   at System.IO.RandomAccess.WriteAtOffset(SafeFileHandle handle, ReadOnlySpan`1 buffer, Int64 fileOffset)
   at System.IO.Strategies.OSFileStreamStrategy.Write(ReadOnlySpan`1 buffer)
   at System.IO.Strategies.BufferedFileStreamStrategy.Flush(Boolean flushToDisk)
   at LDOFLinx.DLOutput.WriteUSB(Byte TheOutput, Byte[]& Snd, Int16 BytesToWrite, Boolean GetReply) in K:\DOFLinx\LDOFLinx\DLOutput.vb:line 38
22-Nov-25 15:27:53.165 * USB write to /dev/hidraw3 with data 82,0,
22-Nov-25 15:27:53.166 - Writing USB device /dev/hidraw3 failed with System.IO.IOException: Broken pipe : '/dev/hidraw3'
   at System.IO.RandomAccess.WriteAtOffset(SafeFileHandle handle, ReadOnlySpan`1 buffer, Int64 fileOffset)
   at System.IO.Strategies.OSFileStreamStrategy.Write(ReadOnlySpan`1 buffer)
   at System.IO.Strategies.BufferedFileStreamStrategy.Flush(Boolean flushToDisk)
   at LDOFLinx.DLOutput.WriteUSB(Byte TheOutput, Byte[]& Snd, Int16 BytesToWrite, Boolean GetReply) in K:\DOFLinx\LDOFLinx\DLOutput.vb:line 38
22-Nov-25 15:27:53.166 * USB write to /dev/hidraw3 with data 83,0,
22-Nov-25 15:27:53.167 - Writing USB device /dev/hidraw3 failed with System.IO.IOException: Broken pipe : '/dev/hidraw3'
   at System.IO.RandomAccess.WriteAtOffset(SafeFileHandle handle, ReadOnlySpan`1 buffer, Int64 fileOffset)
   at System.IO.Strategies.OSFileStreamStrategy.Write(ReadOnlySpan`1 buffer)
   at System.IO.Strategies.BufferedFileStreamStrategy.Flush(Boolean flushToDisk)
   at LDOFLinx.DLOutput.WriteUSB(Byte TheOutput, Byte[]& Snd, Int16 BytesToWrite, Boolean GetReply) in K:\DOFLinx\LDOFLinx\DLOutput.vb:line 38
22-Nov-25 15:27:53.167 * USB write to /dev/hidraw3 with data 84,0,
22-Nov-25 15:27:53.168 - Writing USB device /dev/hidraw3 failed with System.IO.IOException: Broken pipe : '/dev/hidraw3'
   at System.IO.RandomAccess.WriteAtOffset(SafeFileHandle handle, ReadOnlySpan`1 buffer, Int64 fileOffset)
   at System.IO.Strategies.OSFileStreamStrategy.Write(ReadOnlySpan`1 buffer)
   at System.IO.Strategies.BufferedFileStreamStrategy.Flush(Boolean flushToDisk)
   at LDOFLinx.DLOutput.WriteUSB(Byte TheOutput, Byte[]& Snd, Int16 BytesToWrite, Boolean GetReply) in K:\DOFLinx\LDOFLinx\DLOutput.vb:line 38
22-Nov-25 15:27:53.168 * USB write to /dev/hidraw3 with data 85,0,
22-Nov-25 15:27:53.170 - Writing USB device /dev/hidraw3 failed with System.IO.IOException: Broken pipe : '/dev/hidraw3'
   at System.IO.RandomAccess.WriteAtOffset(SafeFileHandle handle, ReadOnlySpan`1 buffer, Int64 fileOffset)
   at System.IO.Strategies.OSFileStreamStrategy.Write(ReadOnlySpan`1 buffer)
   at System.IO.Strategies.BufferedFileStreamStrategy.Flush(Boolean flushToDisk)
   at LDOFLinx.DLOutput.WriteUSB(Byte TheOutput, Byte[]& Snd, Int16 BytesToWrite, Boolean GetReply) in K:\DOFLinx\LDOFLinx\DLOutput.vb:line 38
22-Nov-25 15:27:53.170 * USB write to /dev/hidraw3 with data 86,0,
22-Nov-25 15:27:53.171 - Writing USB device /dev/hidraw3 failed with System.IO.IOException: Broken pipe : '/dev/hidraw3'
   at System.IO.RandomAccess.WriteAtOffset(SafeFileHandle handle, ReadOnlySpan`1 buffer, Int64 fileOffset)
   at System.IO.Strategies.OSFileStreamStrategy.Write(ReadOnlySpan`1 buffer)
   at System.IO.Strategies.BufferedFileStreamStrategy.Flush(Boolean flushToDisk)
   at LDOFLinx.DLOutput.WriteUSB(Byte TheOutput, Byte[]& Snd, Int16 BytesToWrite, Boolean GetReply) in K:\DOFLinx\LDOFLinx\DLOutput.vb:line 38
22-Nov-25 15:27:53.171 * USB write to /dev/hidraw3 with data 87,0,
22-Nov-25 15:27:53.172 - Writing USB device /dev/hidraw3 failed with System.IO.IOException: Broken pipe : '/dev/hidraw3'
   at System.IO.RandomAccess.WriteAtOffset(SafeFileHandle handle, ReadOnlySpan`1 buffer, Int64 fileOffset)
   at System.IO.Strategies.OSFileStreamStrategy.Write(ReadOnlySpan`1 buffer)
   at System.IO.Strategies.BufferedFileStreamStrategy.Flush(Boolean flushToDisk)
   at LDOFLinx.DLOutput.WriteUSB(Byte TheOutput, Byte[]& Snd, Int16 BytesToWrite, Boolean GetReply) in K:\DOFLinx\LDOFLinx\DLOutput.vb:line 38
22-Nov-25 15:27:53.172 * USB write to /dev/hidraw3 with data 88,0,
22-Nov-25 15:27:53.173 - Writing USB device /dev/hidraw3 failed with System.IO.IOException: Broken pipe : '/dev/hidraw3'
   at System.IO.RandomAccess.WriteAtOffset(SafeFileHandle handle, ReadOnlySpan`1 buffer, Int64 fileOffset)
   at System.IO.Strategies.OSFileStreamStrategy.Write(ReadOnlySpan`1 buffer)
   at System.IO.Strategies.BufferedFileStreamStrategy.Flush(Boolean flushToDisk)
   at LDOFLinx.DLOutput.WriteUSB(Byte TheOutput, Byte[]& Snd, Int16 BytesToWrite, Boolean GetReply) in K:\DOFLinx\LDOFLinx\DLOutput.vb:line 38
22-Nov-25 15:27:53.176 - Program close
22-Nov-25 15:30:07.658 - DEBUG enabled with showing of window True
22-Nov-25 15:30:07.670 * BETA logging flag enabled
22-Nov-25 15:30:07.670 - ***************************************************************
22-Nov-25 15:30:07.670 - Linux DOFLinx for Pinball and MAME Emulators - DOFLinx by DDH69
22-Nov-25 15:30:07.670 - Starting up - version 1.04 Beta 1
22-Nov-25 15:30:07.670 - ***************************************************************
22-Nov-25 15:30:07.671 - Linux OS on Arm64 processor with 64 bit operating system and 64 bit application
22-Nov-25 15:30:07.672 - If you like it, please make a donation here https://www.paypal.com/donate?hosted_button_id=YEPCTUYFX5KDE
22-Nov-25 15:30:07.672 - The guide can be found here https://doflinx.github.io/docs/
22-Nov-25 15:30:07.672 - For support come and visit the community here https://www.vpforums.org/index.php?showforum=104
22-Nov-25 15:30:07.672 - Pre-Reading DOFLinx.ini startup config file details
22-Nov-25 15:30:07.703 * Processing parameter 'DEBUG' with data '69' not in real-time
22-Nov-25 15:30:07.703 - DEBUG enabled with showing of window True
22-Nov-25 15:30:07.703 * Special logging flag enabled with window turned on
22-Nov-25 15:30:07.704 - DEBUG enabled with showing of window True
22-Nov-25 15:30:07.710 * PacLED64 board found - not fully implemented
22-Nov-25 15:30:07.721 * Probable ID=1
22-Nov-25 15:30:07.721 * /dev/hidraw3
22-Nov-25 15:30:07.722 - Opening device #1 PacLED64 ID#1 named  with 64 outputs
22-Nov-25 15:30:07.723 * Starting monitoring of keyboard = /dev/input/by-path/platform-xhci-hcd.0-usb-0:1:1.0-event-kbd
22-Nov-25 15:30:07.724 - Reading DOFLinx.ini startup config file details
22-Nov-25 15:30:07.724 * Processing parameter 'DEBUG' with data '69' not in real-time
22-Nov-25 15:30:07.724 - DEBUG enabled with showing of window True
22-Nov-25 15:30:07.724 * Special logging flag enabled with window turned on
22-Nov-25 15:30:07.724 * Processing parameter 'COLOUR_FILE' with data './config/colours.ini' not in real-time
22-Nov-25 15:30:07.725 - Reading colour file named ./config/colours.ini
22-Nov-25 15:30:07.729 * Processing parameter 'PATH_MAME' with data './mame/' not in real-time
22-Nov-25 15:30:07.730 * Processing parameter 'PATH_PIXELCADE' with data './pixelcade/' not in real-time
22-Nov-25 15:30:07.730 - The path './pixelcade/' does not exist
22-Nov-25 15:30:07.730 * Processing parameter 'MAME_FOLDER' with data '/usr/games/' not in real-time
22-Nov-25 15:30:07.730 * Processing parameter 'PROCESSES' with data 'retroarch' not in real-time
22-Nov-25 15:30:07.730 * Processing parameter 'MAME_PROCESS' with data 'retroarch' not in real-time
22-Nov-25 15:30:07.731 * Processing parameter 'MAME_RETROARCH_NCI' with data '1' not in real-time
22-Nov-25 15:30:07.731 * Processing parameter 'PIXELCADE_LCD_USE_NETWORK_ADDRESS' with data '1' not in real-time
22-Nov-25 15:30:07.731 * Processing parameter 'PIXELCADE_MENU_HIGHSCORE' with data '1' not in real-time
22-Nov-25 15:30:07.731 * Processing parameter 'PIXELCADE_GAME_START_HIGHSCORE' with data '1' not in real-time
22-Nov-25 15:30:07.731 * Processing parameter 'RGB_STYLE' with data 'RANDOM' not in real-time
22-Nov-25 15:30:07.731 * Processing parameter 'RGB_TRIGGER' with data 'TIME' not in real-time
22-Nov-25 15:30:07.731 * Processing parameter 'RGB_MIN_TIME' with data '1000' not in real-time
22-Nov-25 15:30:07.731 * Processing parameter 'LINK_BUT_CN' with data '0000,Orange,6' not in real-time
22-Nov-25 15:30:07.734 * Processing parameter 'LINK_BUT_EX' with data '0000,Amber,1' not in real-time
22-Nov-25 15:30:07.735 * Processing parameter 'LINK_BUT_J1' with data '0000,Random,0' not in real-time
22-Nov-25 15:30:07.735 * Processing parameter 'LINK_BUT_ST' with data '0000,White,6' not in real-time
22-Nov-25 15:30:07.735 * Processing parameter 'LINK_BUT_RE' with data '0000,Orange_Red,61' not in real-time
22-Nov-25 15:30:07.735 * Processing parameter 'LINK_BUT_PS' with data '0000,Deep_Pink,25' not in real-time
22-Nov-25 15:30:07.735 * Processing parameter 'LINK_BUT_P1' with data '0000,Cyan,2' not in real-time
22-Nov-25 15:30:07.735 * Processing parameter 'LINK_BUT_P2' with data '0000,Orchid,3' not in real-time
22-Nov-25 15:30:07.735 * Processing parameter 'LINK_BUT_B1' with data '0000,Green,29' not in real-time
22-Nov-25 15:30:07.735 * Processing parameter 'LINK_BUT_B2' with data '0000,Red,56' not in real-time
22-Nov-25 15:30:07.735 * Processing parameter 'LINK_BUT_B3' with data '0000,Yellow,57' not in real-time
22-Nov-25 15:30:07.735 * Processing parameter 'LINK_BUT_B4' with data '0000,Blue,00' not in real-time
22-Nov-25 15:30:07.735 * Processing parameter 'LINK_BUT_B5' with data '0000,Blue,44' not in real-time
22-Nov-25 15:30:07.735 * Processing parameter 'LINK_BUT_B6' with data '0000,Blue,45' not in real-time
22-Nov-25 15:30:07.735 * Processing parameter 'LINK_BUT_CH' with data '0000,Deep_Pink,64' not in real-time
22-Nov-25 15:30:07.735 * Processing parameter 'LINK_BUT_MN' with data '0000,Yellow,15' not in real-time
22-Nov-25 15:30:07.735 - DEBUG enabled with showing of window True
22-Nov-25 15:30:07.780 - No pixelcade.ini or settings.ini file could be found in the PATH_PIXELCADE= location
22-Nov-25 15:30:07.792 * 
22-Nov-25 15:30:07.794 - /usr/games/retroarch for game names was not found
22-Nov-25 15:30:07.796 - Trigger thread starting
22-Nov-25 15:30:07.805 * No menu.ini found
22-Nov-25 15:30:19.340 - Processing incoming message - TEST_PORT=1001,1000
22-Nov-25 15:30:19.340 - Processing parameter 'TEST_PORT' with data '1001,1000' in real-time
22-Nov-25 15:30:19.340 - Turning ON device/port 1001 for 1000 mS
22-Nov-25 15:30:19.344 * USB write to /dev/hidraw3 with data 254,0,
22-Nov-25 15:30:19.381 - Writing USB device /dev/hidraw3 failed with System.IO.IOException: Broken pipe : '/dev/hidraw3'
   at System.IO.RandomAccess.WriteAtOffset(SafeFileHandle handle, ReadOnlySpan`1 buffer, Int64 fileOffset)
   at System.IO.Strategies.OSFileStreamStrategy.Write(ReadOnlySpan`1 buffer)
   at System.IO.Strategies.BufferedFileStreamStrategy.Flush(Boolean flushToDisk)
   at LDOFLinx.DLOutput.WriteUSB(Byte TheOutput, Byte[]& Snd, Int16 BytesToWrite, Boolean GetReply) in K:\DOFLinx\LDOFLinx\DLOutput.vb:line 38
22-Nov-25 15:30:19.381 * USB write to /dev/hidraw3 with data 255,0,
22-Nov-25 15:30:19.382 - Writing USB device /dev/hidraw3 failed with System.IO.IOException: Broken pipe : '/dev/hidraw3'
   at System.IO.RandomAccess.WriteAtOffset(SafeFileHandle handle, ReadOnlySpan`1 buffer, Int64 fileOffset)
   at System.IO.Strategies.OSFileStreamStrategy.Write(ReadOnlySpan`1 buffer)
   at System.IO.Strategies.BufferedFileStreamStrategy.Flush(Boolean flushToDisk)
   at LDOFLinx.DLOutput.WriteUSB(Byte TheOutput, Byte[]& Snd, Int16 BytesToWrite, Boolean GetReply) in K:\DOFLinx\LDOFLinx\DLOutput.vb:line 38
22-Nov-25 15:30:19.382 * USB write to /dev/hidraw3 with data 0,0,
22-Nov-25 15:30:19.382 - Writing USB device /dev/hidraw3 failed with System.IO.IOException: Broken pipe : '/dev/hidraw3'
   at System.IO.RandomAccess.WriteAtOffset(SafeFileHandle handle, ReadOnlySpan`1 buffer, Int64 fileOffset)
   at System.IO.Strategies.OSFileStreamStrategy.Write(ReadOnlySpan`1 buffer)
   at System.IO.Strategies.BufferedFileStreamStrategy.Flush(Boolean flushToDisk)
   at LDOFLinx.DLOutput.WriteUSB(Byte TheOutput, Byte[]& Snd, Int16 BytesToWrite, Boolean GetReply) in K:\DOFLinx\LDOFLinx\DLOutput.vb:line 38
22-Nov-25 15:30:19.382 * USB write to /dev/hidraw3 with data 0,0,
22-Nov-25 15:30:19.383 - Writing USB device /dev/hidraw3 failed with System.IO.IOException: Broken pipe : '/dev/hidraw3'
   at System.IO.RandomAccess.WriteAtOffset(SafeFileHandle handle, ReadOnlySpan`1 buffer, Int64 fileOffset)
   at System.IO.Strategies.OSFileStreamStrategy.Write(ReadOnlySpan`1 buffer)
   at System.IO.Strategies.BufferedFileStreamStrategy.Flush(Boolean flushToDisk)
   at LDOFLinx.DLOutput.WriteUSB(Byte TheOutput, Byte[]& Snd, Int16 BytesToWrite, Boolean GetReply) in K:\DOFLinx\LDOFLinx\DLOutput.vb:line 38
22-Nov-25 15:30:19.383 * USB write to /dev/hidraw3 with data 0,0,
22-Nov-25 15:30:19.384 - Writing USB device /dev/hidraw3 failed with System.IO.IOException: Broken pipe : '/dev/hidraw3'
   at System.IO.RandomAccess.WriteAtOffset(SafeFileHandle handle, ReadOnlySpan`1 buffer, Int64 fileOffset)
   at System.IO.Strategies.OSFileStreamStrategy.Write(ReadOnlySpan`1 buffer)
   at System.IO.Strategies.BufferedFileStreamStrategy.Flush(Boolean flushToDisk)
   at LDOFLinx.DLOutput.WriteUSB(Byte TheOutput, Byte[]& Snd, Int16 BytesToWrite, Boolean GetReply) in K:\DOFLinx\LDOFLinx\DLOutput.vb:line 38
22-Nov-25 15:30:19.384 * USB write to /dev/hidraw3 with data 0,0,
22-Nov-25 15:30:19.385 - Writing USB device /dev/hidraw3 failed with System.IO.IOException: Broken pipe : '/dev/hidraw3'
   at System.IO.RandomAccess.WriteAtOffset(SafeFileHandle handle, ReadOnlySpan`1 buffer, Int64 fileOffset)
   at System.IO.Strategies.OSFileStreamStrategy.Write(ReadOnlySpan`1 buffer)
   at System.IO.Strategies.BufferedFileStreamStrategy.Flush(Boolean flushToDisk)
   at LDOFLinx.DLOutput.WriteUSB(Byte TheOutput, Byte[]& Snd, Int16 BytesToWrite, Boolean GetReply) in K:\DOFLinx\LDOFLinx\DLOutput.vb:line 38
22-Nov-25 15:30:19.385 * USB write to /dev/hidraw3 with data 0,0,
22-Nov-25 15:30:19.386 - Writing USB device /dev/hidraw3 failed with System.IO.IOException: Broken pipe : '/dev/hidraw3'
   at System.IO.RandomAccess.WriteAtOffset(SafeFileHandle handle, ReadOnlySpan`1 buffer, Int64 fileOffset)
   at System.IO.Strategies.OSFileStreamStrategy.Write(ReadOnlySpan`1 buffer)
   at System.IO.Strategies.BufferedFileStreamStrategy.Flush(Boolean flushToDisk)
   at LDOFLinx.DLOutput.WriteUSB(Byte TheOutput, Byte[]& Snd, Int16 BytesToWrite, Boolean GetReply) in K:\DOFLinx\LDOFLinx\DLOutput.vb:line 38
22-Nov-25 15:30:19.386 * USB write to /dev/hidraw3 with data 0,0,
22-Nov-25 15:30:19.387 - Writing USB device /dev/hidraw3 failed with System.IO.IOException: Broken pipe : '/dev/hidraw3'
   at System.IO.RandomAccess.WriteAtOffset(SafeFileHandle handle, ReadOnlySpan`1 buffer, Int64 fileOffset)
   at System.IO.Strategies.OSFileStreamStrategy.Write(ReadOnlySpan`1 buffer)
   at System.IO.Strategies.BufferedFileStreamStrategy.Flush(Boolean flushToDisk)
   at LDOFLinx.DLOutput.WriteUSB(Byte TheOutput, Byte[]& Snd, Int16 BytesToWrite, Boolean GetReply) in K:\DOFLinx\LDOFLinx\DLOutput.vb:line 38
22-Nov-25 15:30:19.387 * USB write to /dev/hidraw3 with data 0,0,
22-Nov-25 15:30:19.388 - Writing USB device /dev/hidraw3 failed with System.IO.IOException: Broken pipe : '/dev/hidraw3'
   at System.IO.RandomAccess.WriteAtOffset(SafeFileHandle handle, ReadOnlySpan`1 buffer, Int64 fileOffset)
   at System.IO.Strategies.OSFileStreamStrategy.Write(ReadOnlySpan`1 buffer)
   at System.IO.Strategies.BufferedFileStreamStrategy.Flush(Boolean flushToDisk)
   at LDOFLinx.DLOutput.WriteUSB(Byte TheOutput, Byte[]& Snd, Int16 BytesToWrite, Boolean GetReply) in K:\DOFLinx\LDOFLinx\DLOutput.vb:line 38
22-Nov-25 15:30:19.388 * USB write to /dev/hidraw3 with data 0,0,
22-Nov-25 15:30:19.389 - Writing USB device /dev/hidraw3 failed with System.IO.IOException: Broken pipe : '/dev/hidraw3'
   at System.IO.RandomAccess.WriteAtOffset(SafeFileHandle handle, ReadOnlySpan`1 buffer, Int64 fileOffset)
   at System.IO.Strategies.OSFileStreamStrategy.Write(ReadOnlySpan`1 buffer)
   at System.IO.Strategies.BufferedFileStreamStrategy.Flush(Boolean flushToDisk)
   at LDOFLinx.DLOutput.WriteUSB(Byte TheOutput, Byte[]& Snd, Int16 BytesToWrite, Boolean GetReply) in K:\DOFLinx\LDOFLinx\DLOutput.vb:line 38
22-Nov-25 15:30:19.389 * USB write to /dev/hidraw3 with data 0,0,
22-Nov-25 15:30:19.390 - Writing USB device /dev/hidraw3 failed with System.IO.IOException: Broken pipe : '/dev/hidraw3'
   at System.IO.RandomAccess.WriteAtOffset(SafeFileHandle handle, ReadOnlySpan`1 buffer, Int64 fileOffset)
   at System.IO.Strategies.OSFileStreamStrategy.Write(ReadOnlySpan`1 buffer)
   at System.IO.Strategies.BufferedFileStreamStrategy.Flush(Boolean flushToDisk)
   at LDOFLinx.DLOutput.WriteUSB(Byte TheOutput, Byte[]& Snd, Int16 BytesToWrite, Boolean GetReply) in K:\DOFLinx\LDOFLinx\DLOutput.vb:line 38
22-Nov-25 15:30:19.390 * USB write to /dev/hidraw3 with data 0,0,
22-Nov-25 15:30:19.391 - Writing USB device /dev/hidraw3 failed with System.IO.IOException: Broken pipe : '/dev/hidraw3'
   at System.IO.RandomAccess.WriteAtOffset(SafeFileHandle handle, ReadOnlySpan`1 buffer, Int64 fileOffset)
   at System.IO.Strategies.OSFileStreamStrategy.Write(ReadOnlySpan`1 buffer)
   at System.IO.Strategies.BufferedFileStreamStrategy.Flush(Boolean flushToDisk)
   at LDOFLinx.DLOutput.WriteUSB(Byte TheOutput, Byte[]& Snd, Int16 BytesToWrite, Boolean GetReply) in K:\DOFLinx\LDOFLinx\DLOutput.vb:line 38
22-Nov-25 15:30:19.391 * USB write to /dev/hidraw3 with data 0,0,
22-Nov-25 15:30:19.392 - Writing USB device /dev/hidraw3 failed with System.IO.IOException: Broken pipe : '/dev/hidraw3'
   at System.IO.RandomAccess.WriteAtOffset(SafeFileHandle handle, ReadOnlySpan`1 buffer, Int64 fileOffset)
   at System.IO.Strategies.OSFileStreamStrategy.Write(ReadOnlySpan`1 buffer)
   at System.IO.Strategies.BufferedFileStreamStrategy.Flush(Boolean flushToDisk)
   at LDOFLinx.DLOutput.WriteUSB(Byte TheOutput, Byte[]& Snd, Int16 BytesToWrite, Boolean GetReply) in K:\DOFLinx\LDOFLinx\DLOutput.vb:line 38
22-Nov-25 15:30:19.392 * USB write to /dev/hidraw3 with data 0,0,
22-Nov-25 15:30:19.393 - Writing USB device /dev/hidraw3 failed with System.IO.IOException: Broken pipe : '/dev/hidraw3'
   at System.IO.RandomAccess.WriteAtOffset(SafeFileHandle handle, ReadOnlySpan`1 buffer, Int64 fileOffset)
   at System.IO.Strategies.OSFileStreamStrategy.Write(ReadOnlySpan`1 buffer)
   at System.IO.Strategies.BufferedFileStreamStrategy.Flush(Boolean flushToDisk)
   at LDOFLinx.DLOutput.WriteUSB(Byte TheOutput, Byte[]& Snd, Int16 BytesToWrite, Boolean GetReply) in K:\DOFLinx\LDOFLinx\DLOutput.vb:line 38
22-Nov-25 15:30:19.393 * USB write to /dev/hidraw3 with data 0,0,
22-Nov-25 15:30:19.394 - Writing USB device /dev/hidraw3 failed with System.IO.IOException: Broken pipe : '/dev/hidraw3'
   at System.IO.RandomAccess.WriteAtOffset(SafeFileHandle handle, ReadOnlySpan`1 buffer, Int64 fileOffset)
   at System.IO.Strategies.OSFileStreamStrategy.Write(ReadOnlySpan`1 buffer)
   at System.IO.Strategies.BufferedFileStreamStrategy.Flush(Boolean flushToDisk)
   at LDOFLinx.DLOutput.WriteUSB(Byte TheOutput, Byte[]& Snd, Int16 BytesToWrite, Boolean GetReply) in K:\DOFLinx\LDOFLinx\DLOutput.vb:line 38
22-Nov-25 15:30:19.395 * USB write to /dev/hidraw3 with data 0,0,
22-Nov-25 15:30:19.395 - Writing USB device /dev/hidraw3 failed with System.IO.IOException: Broken pipe : '/dev/hidraw3'
   at System.IO.RandomAccess.WriteAtOffset(SafeFileHandle handle, ReadOnlySpan`1 buffer, Int64 fileOffset)
   at System.IO.Strategies.OSFileStreamStrategy.Write(ReadOnlySpan`1 buffer)
   at System.IO.Strategies.BufferedFileStreamStrategy.Flush(Boolean flushToDisk)
   at LDOFLinx.DLOutput.WriteUSB(Byte TheOutput, Byte[]& Snd, Int16 BytesToWrite, Boolean GetReply) in K:\DOFLinx\LDOFLinx\DLOutput.vb:line 38
22-Nov-25 15:30:19.395 * USB write to /dev/hidraw3 with data 0,0,
22-Nov-25 15:30:19.396 - Writing USB device /dev/hidraw3 failed with System.IO.IOException: Broken pipe : '/dev/hidraw3'
   at System.IO.RandomAccess.WriteAtOffset(SafeFileHandle handle, ReadOnlySpan`1 buffer, Int64 fileOffset)
   at System.IO.Strategies.OSFileStreamStrategy.Write(ReadOnlySpan`1 buffer)
   at System.IO.Strategies.BufferedFileStreamStrategy.Flush(Boolean flushToDisk)
   at LDOFLinx.DLOutput.WriteUSB(Byte TheOutput, Byte[]& Snd, Int16 BytesToWrite, Boolean GetReply) in K:\DOFLinx\LDOFLinx\DLOutput.vb:line 38
22-Nov-25 15:30:19.396 * USB write to /dev/hidraw3 with data 0,0,
22-Nov-25 15:30:19.397 - Writing USB device /dev/hidraw3 failed with System.IO.IOException: Broken pipe : '/dev/hidraw3'
   at System.IO.RandomAccess.WriteAtOffset(SafeFileHandle handle, ReadOnlySpan`1 buffer, Int64 fileOffset)
   at System.IO.Strategies.OSFileStreamStrategy.Write(ReadOnlySpan`1 buffer)
   at System.IO.Strategies.BufferedFileStreamStrategy.Flush(Boolean flushToDisk)
   at LDOFLinx.DLOutput.WriteUSB(Byte TheOutput, Byte[]& Snd, Int16 BytesToWrite, Boolean GetReply) in K:\DOFLinx\LDOFLinx\DLOutput.vb:line 38
22-Nov-25 15:30:19.397 * USB write to /dev/hidraw3 with data 0,0,
22-Nov-25 15:30:19.398 - Writing USB device /dev/hidraw3 failed with System.IO.IOException: Broken pipe : '/dev/hidraw3'
   at System.IO.RandomAccess.WriteAtOffset(SafeFileHandle handle, ReadOnlySpan`1 buffer, Int64 fileOffset)
   at System.IO.Strategies.OSFileStreamStrategy.Write(ReadOnlySpan`1 buffer)
   at System.IO.Strategies.BufferedFileStreamStrategy.Flush(Boolean flushToDisk)
   at LDOFLinx.DLOutput.WriteUSB(Byte TheOutput, Byte[]& Snd, Int16 BytesToWrite, Boolean GetReply) in K:\DOFLinx\LDOFLinx\DLOutput.vb:line 38
22-Nov-25 15:30:19.398 * USB write to /dev/hidraw3 with data 0,0,
22-Nov-25 15:30:19.399 - Writing USB device /dev/hidraw3 failed with System.IO.IOException: Broken pipe : '/dev/hidraw3'
   at System.IO.RandomAccess.WriteAtOffset(SafeFileHandle handle, ReadOnlySpan`1 buffer, Int64 fileOffset)
   at System.IO.Strategies.OSFileStreamStrategy.Write(ReadOnlySpan`1 buffer)
   at System.IO.Strategies.BufferedFileStreamStrategy.Flush(Boolean flushToDisk)
   at LDOFLinx.DLOutput.WriteUSB(Byte TheOutput, Byte[]& Snd, Int16 BytesToWrite, Boolean GetReply) in K:\DOFLinx\LDOFLinx\DLOutput.vb:line 38
22-Nov-25 15:30:19.399 * USB write to /dev/hidraw3 with data 0,0,
22-Nov-25 15:30:19.400 - Writing USB device /dev/hidraw3 failed with System.IO.IOException: Broken pipe : '/dev/hidraw3'
   at System.IO.RandomAccess.WriteAtOffset(SafeFileHandle handle, ReadOnlySpan`1 buffer, Int64 fileOffset)
   at System.IO.Strategies.OSFileStreamStrategy.Write(ReadOnlySpan`1 buffer)
   at System.IO.Strategies.BufferedFileStreamStrategy.Flush(Boolean flushToDisk)
   at LDOFLinx.DLOutput.WriteUSB(Byte TheOutput, Byte[]& Snd, Int16 BytesToWrite, Boolean GetReply) in K:\DOFLinx\LDOFLinx\DLOutput.vb:line 38
22-Nov-25 15:30:19.401 * USB write to /dev/hidraw3 with data 0,0,
22-Nov-25 15:30:19.402 - Writing USB device /dev/hidraw3 failed with System.IO.IOException: Broken pipe : '/dev/hidraw3'
   at System.IO.RandomAccess.WriteAtOffset(SafeFileHandle handle, ReadOnlySpan`1 buffer, Int64 fileOffset)
   at System.IO.Strategies.OSFileStreamStrategy.Write(ReadOnlySpan`1 buffer)
   at System.IO.Strategies.BufferedFileStreamStrategy.Flush(Boolean flushToDisk)
   at LDOFLinx.DLOutput.WriteUSB(Byte TheOutput, Byte[]& Snd, Int16 BytesToWrite, Boolean GetReply) in K:\DOFLinx\LDOFLinx\DLOutput.vb:line 38
22-Nov-25 15:30:19.402 * USB write to /dev/hidraw3 with data 0,0,
22-Nov-25 15:30:19.402 - Writing USB device /dev/hidraw3 failed with System.IO.IOException: Broken pipe : '/dev/hidraw3'
   at System.IO.RandomAccess.WriteAtOffset(SafeFileHandle handle, ReadOnlySpan`1 buffer, Int64 fileOffset)
   at System.IO.Strategies.OSFileStreamStrategy.Write(ReadOnlySpan`1 buffer)
   at System.IO.Strategies.BufferedFileStreamStrategy.Flush(Boolean flushToDisk)
   at LDOFLinx.DLOutput.WriteUSB(Byte TheOutput, Byte[]& Snd, Int16 BytesToWrite, Boolean GetReply) in K:\DOFLinx\LDOFLinx\DLOutput.vb:line 38
22-Nov-25 15:30:19.403 * USB write to /dev/hidraw3 with data 0,0,
22-Nov-25 15:30:19.403 - Writing USB device /dev/hidraw3 failed with System.IO.IOException: Broken pipe : '/dev/hidraw3'
   at System.IO.RandomAccess.WriteAtOffset(SafeFileHandle handle, ReadOnlySpan`1 buffer, Int64 fileOffset)
   at System.IO.Strategies.OSFileStreamStrategy.Write(ReadOnlySpan`1 buffer)
   at System.IO.Strategies.BufferedFileStreamStrategy.Flush(Boolean flushToDisk)
   at LDOFLinx.DLOutput.WriteUSB(Byte TheOutput, Byte[]& Snd, Int16 BytesToWrite, Boolean GetReply) in K:\DOFLinx\LDOFLinx\DLOutput.vb:line 38
22-Nov-25 15:30:19.404 * USB write to /dev/hidraw3 with data 0,0,
22-Nov-25 15:30:19.405 - Writing USB device /dev/hidraw3 failed with System.IO.IOException: Broken pipe : '/dev/hidraw3'
   at System.IO.RandomAccess.WriteAtOffset(SafeFileHandle handle, ReadOnlySpan`1 buffer, Int64 fileOffset)
   at System.IO.Strategies.OSFileStreamStrategy.Write(ReadOnlySpan`1 buffer)
   at System.IO.Strategies.BufferedFileStreamStrategy.Flush(Boolean flushToDisk)
   at LDOFLinx.DLOutput.WriteUSB(Byte TheOutput, Byte[]& Snd, Int16 BytesToWrite, Boolean GetReply) in K:\DOFLinx\LDOFLinx\DLOutput.vb:line 38
22-Nov-25 15:30:19.405 * USB write to /dev/hidraw3 with data 0,0,
22-Nov-25 15:30:19.405 - Writing USB device /dev/hidraw3 failed with System.IO.IOException: Broken pipe : '/dev/hidraw3'
   at System.IO.RandomAccess.WriteAtOffset(SafeFileHandle handle, ReadOnlySpan`1 buffer, Int64 fileOffset)
   at System.IO.Strategies.OSFileStreamStrategy.Write(ReadOnlySpan`1 buffer)
   at System.IO.Strategies.BufferedFileStreamStrategy.Flush(Boolean flushToDisk)
   at LDOFLinx.DLOutput.WriteUSB(Byte TheOutput, Byte[]& Snd, Int16 BytesToWrite, Boolean GetReply) in K:\DOFLinx\LDOFLinx\DLOutput.vb:line 38
22-Nov-25 15:30:19.406 * USB write to /dev/hidraw3 with data 0,0,
22-Nov-25 15:30:19.407 - Writing USB device /dev/hidraw3 failed with System.IO.IOException: Broken pipe : '/dev/hidraw3'
   at System.IO.RandomAccess.WriteAtOffset(SafeFileHandle handle, ReadOnlySpan`1 buffer, Int64 fileOffset)
   at System.IO.Strategies.OSFileStreamStrategy.Write(ReadOnlySpan`1 buffer)
   at System.IO.Strategies.BufferedFileStreamStrategy.Flush(Boolean flushToDisk)
   at LDOFLinx.DLOutput.WriteUSB(Byte TheOutput, Byte[]& Snd, Int16 BytesToWrite, Boolean GetReply) in K:\DOFLinx\LDOFLinx\DLOutput.vb:line 38
22-Nov-25 15:30:19.407 * USB write to /dev/hidraw3 with data 0,0,
22-Nov-25 15:30:19.407 - Writing USB device /dev/hidraw3 failed with System.IO.IOException: Broken pipe : '/dev/hidraw3'
   at System.IO.RandomAccess.WriteAtOffset(SafeFileHandle handle, ReadOnlySpan`1 buffer, Int64 fileOffset)
   at System.IO.Strategies.OSFileStreamStrategy.Write(ReadOnlySpan`1 buffer)
   at System.IO.Strategies.BufferedFileStreamStrategy.Flush(Boolean flushToDisk)
   at LDOFLinx.DLOutput.WriteUSB(Byte TheOutput, Byte[]& Snd, Int16 BytesToWrite, Boolean GetReply) in K:\DOFLinx\LDOFLinx\DLOutput.vb:line 38
22-Nov-25 15:30:19.408 * USB write to /dev/hidraw3 with data 0,0,
22-Nov-25 15:30:19.408 - Writing USB device /dev/hidraw3 failed with System.IO.IOException: Broken pipe : '/dev/hidraw3'
   at System.IO.RandomAccess.WriteAtOffset(SafeFileHandle handle, ReadOnlySpan`1 buffer, Int64 fileOffset)
   at System.IO.Strategies.OSFileStreamStrategy.Write(ReadOnlySpan`1 buffer)
   at System.IO.Strategies.BufferedFileStreamStrategy.Flush(Boolean flushToDisk)
   at LDOFLinx.DLOutput.WriteUSB(Byte TheOutput, Byte[]& Snd, Int16 BytesToWrite, Boolean GetReply) in K:\DOFLinx\LDOFLinx\DLOutput.vb:line 38
22-Nov-25 15:30:19.409 * USB write to /dev/hidraw3 with data 0,0,
22-Nov-25 15:30:19.409 - Writing USB device /dev/hidraw3 failed with System.IO.IOException: Broken pipe : '/dev/hidraw3'
   at System.IO.RandomAccess.WriteAtOffset(SafeFileHandle handle, ReadOnlySpan`1 buffer, Int64 fileOffset)
   at System.IO.Strategies.OSFileStreamStrategy.Write(ReadOnlySpan`1 buffer)
   at System.IO.Strategies.BufferedFileStreamStrategy.Flush(Boolean flushToDisk)
   at LDOFLinx.DLOutput.WriteUSB(Byte TheOutput, Byte[]& Snd, Int16 BytesToWrite, Boolean GetReply) in K:\DOFLinx\LDOFLinx\DLOutput.vb:line 38
22-Nov-25 15:30:19.410 * USB write to /dev/hidraw3 with data 0,0,
22-Nov-25 15:30:19.410 - Writing USB device /dev/hidraw3 failed with System.IO.IOException: Broken pipe : '/dev/hidraw3'
   at System.IO.RandomAccess.WriteAtOffset(SafeFileHandle handle, ReadOnlySpan`1 buffer, Int64 fileOffset)
   at System.IO.Strategies.OSFileStreamStrategy.Write(ReadOnlySpan`1 buffer)
   at System.IO.Strategies.BufferedFileStreamStrategy.Flush(Boolean flushToDisk)
   at LDOFLinx.DLOutput.WriteUSB(Byte TheOutput, Byte[]& Snd, Int16 BytesToWrite, Boolean GetReply) in K:\DOFLinx\LDOFLinx\DLOutput.vb:line 38
22-Nov-25 15:30:19.410 * USB write to /dev/hidraw3 with data 0,0,
22-Nov-25 15:30:19.412 - Writing USB device /dev/hidraw3 failed with System.IO.IOException: Broken pipe : '/dev/hidraw3'
   at System.IO.RandomAccess.WriteAtOffset(SafeFileHandle handle, ReadOnlySpan`1 buffer, Int64 fileOffset)
   at System.IO.Strategies.OSFileStreamStrategy.Write(ReadOnlySpan`1 buffer)
   at System.IO.Strategies.BufferedFileStreamStrategy.Flush(Boolean flushToDisk)
   at LDOFLinx.DLOutput.WriteUSB(Byte TheOutput, Byte[]& Snd, Int16 BytesToWrite, Boolean GetReply) in K:\DOFLinx\LDOFLinx\DLOutput.vb:line 38
22-Nov-25 15:30:19.412 * USB write to /dev/hidraw3 with data 0,0,
22-Nov-25 15:30:19.413 - Writing USB device /dev/hidraw3 failed with System.IO.IOException: Broken pipe : '/dev/hidraw3'
   at System.IO.RandomAccess.WriteAtOffset(SafeFileHandle handle, ReadOnlySpan`1 buffer, Int64 fileOffset)
   at System.IO.Strategies.OSFileStreamStrategy.Write(ReadOnlySpan`1 buffer)
   at System.IO.Strategies.BufferedFileStreamStrategy.Flush(Boolean flushToDisk)
   at LDOFLinx.DLOutput.WriteUSB(Byte TheOutput, Byte[]& Snd, Int16 BytesToWrite, Boolean GetReply) in K:\DOFLinx\LDOFLinx\DLOutput.vb:line 38
22-Nov-25 15:30:20.414 - Turning OFF device/port 1001
22-Nov-25 15:30:20.414 * USB write to /dev/hidraw3 with data 254,0,
22-Nov-25 15:30:20.415 - Writing USB device /dev/hidraw3 failed with System.IO.IOException: Broken pipe : '/dev/hidraw3'
   at System.IO.RandomAccess.WriteAtOffset(SafeFileHandle handle, ReadOnlySpan`1 buffer, Int64 fileOffset)
   at System.IO.Strategies.OSFileStreamStrategy.Write(ReadOnlySpan`1 buffer)
   at System.IO.Strategies.BufferedFileStreamStrategy.Flush(Boolean flushToDisk)
   at LDOFLinx.DLOutput.WriteUSB(Byte TheOutput, Byte[]& Snd, Int16 BytesToWrite, Boolean GetReply) in K:\DOFLinx\LDOFLinx\DLOutput.vb:line 38
22-Nov-25 15:30:20.415 * USB write to /dev/hidraw3 with data 0,0,
22-Nov-25 15:30:20.416 - Writing USB device /dev/hidraw3 failed with System.IO.IOException: Broken pipe : '/dev/hidraw3'
   at System.IO.RandomAccess.WriteAtOffset(SafeFileHandle handle, ReadOnlySpan`1 buffer, Int64 fileOffset)
   at System.IO.Strategies.OSFileStreamStrategy.Write(ReadOnlySpan`1 buffer)
   at System.IO.Strategies.BufferedFileStreamStrategy.Flush(Boolean flushToDisk)
   at LDOFLinx.DLOutput.WriteUSB(Byte TheOutput, Byte[]& Snd, Int16 BytesToWrite, Boolean GetReply) in K:\DOFLinx\LDOFLinx\DLOutput.vb:line 38
22-Nov-25 15:30:20.416 * USB write to /dev/hidraw3 with data 0,0,
22-Nov-25 15:30:20.417 - Writing USB device /dev/hidraw3 failed with System.IO.IOException: Broken pipe : '/dev/hidraw3'
   at System.IO.RandomAccess.WriteAtOffset(SafeFileHandle handle, ReadOnlySpan`1 buffer, Int64 fileOffset)
   at System.IO.Strategies.OSFileStreamStrategy.Write(ReadOnlySpan`1 buffer)
   at System.IO.Strategies.BufferedFileStreamStrategy.Flush(Boolean flushToDisk)
   at LDOFLinx.DLOutput.WriteUSB(Byte TheOutput, Byte[]& Snd, Int16 BytesToWrite, Boolean GetReply) in K:\DOFLinx\LDOFLinx\DLOutput.vb:line 38
22-Nov-25 15:30:20.417 * USB write to /dev/hidraw3 with data 0,0,
22-Nov-25 15:30:20.419 - Writing USB device /dev/hidraw3 failed with System.IO.IOException: Broken pipe : '/dev/hidraw3'
   at System.IO.RandomAccess.WriteAtOffset(SafeFileHandle handle, ReadOnlySpan`1 buffer, Int64 fileOffset)
   at System.IO.Strategies.OSFileStreamStrategy.Write(ReadOnlySpan`1 buffer)
   at System.IO.Strategies.BufferedFileStreamStrategy.Flush(Boolean flushToDisk)
   at LDOFLinx.DLOutput.WriteUSB(Byte TheOutput, Byte[]& Snd, Int16 BytesToWrite, Boolean GetReply) in K:\DOFLinx\LDOFLinx\DLOutput.vb:line 38
22-Nov-25 15:30:20.419 * USB write to /dev/hidraw3 with data 0,0,
22-Nov-25 15:30:20.419 - Writing USB device /dev/hidraw3 failed with System.IO.IOException: Broken pipe : '/dev/hidraw3'
   at System.IO.RandomAccess.WriteAtOffset(SafeFileHandle handle, ReadOnlySpan`1 buffer, Int64 fileOffset)
   at System.IO.Strategies.OSFileStreamStrategy.Write(ReadOnlySpan`1 buffer)
   at System.IO.Strategies.BufferedFileStreamStrategy.Flush(Boolean flushToDisk)
   at LDOFLinx.DLOutput.WriteUSB(Byte TheOutput, Byte[]& Snd, Int16 BytesToWrite, Boolean GetReply) in K:\DOFLinx\LDOFLinx\DLOutput.vb:line 38
22-Nov-25 15:30:20.420 * USB write to /dev/hidraw3 with data 0,0,
22-Nov-25 15:30:20.421 - Writing USB device /dev/hidraw3 failed with System.IO.IOException: Broken pipe : '/dev/hidraw3'
   at System.IO.RandomAccess.WriteAtOffset(SafeFileHandle handle, ReadOnlySpan`1 buffer, Int64 fileOffset)
   at System.IO.Strategies.OSFileStreamStrategy.Write(ReadOnlySpan`1 buffer)
   at System.IO.Strategies.BufferedFileStreamStrategy.Flush(Boolean flushToDisk)
   at LDOFLinx.DLOutput.WriteUSB(Byte TheOutput, Byte[]& Snd, Int16 BytesToWrite, Boolean GetReply) in K:\DOFLinx\LDOFLinx\DLOutput.vb:line 38
22-Nov-25 15:30:20.421 * USB write to /dev/hidraw3 with data 0,0,
22-Nov-25 15:30:20.422 - Writing USB device /dev/hidraw3 failed with System.IO.IOException: Broken pipe : '/dev/hidraw3'
   at System.IO.RandomAccess.WriteAtOffset(SafeFileHandle handle, ReadOnlySpan`1 buffer, Int64 fileOffset)
   at System.IO.Strategies.OSFileStreamStrategy.Write(ReadOnlySpan`1 buffer)
   at System.IO.Strategies.BufferedFileStreamStrategy.Flush(Boolean flushToDisk)
   at LDOFLinx.DLOutput.WriteUSB(Byte TheOutput, Byte[]& Snd, Int16 BytesToWrite, Boolean GetReply) in K:\DOFLinx\LDOFLinx\DLOutput.vb:line 38
22-Nov-25 15:30:20.422 * USB write to /dev/hidraw3 with data 0,0,
22-Nov-25 15:30:20.423 - Writing USB device /dev/hidraw3 failed with System.IO.IOException: Broken pipe : '/dev/hidraw3'
   at System.IO.RandomAccess.WriteAtOffset(SafeFileHandle handle, ReadOnlySpan`1 buffer, Int64 fileOffset)
   at System.IO.Strategies.OSFileStreamStrategy.Write(ReadOnlySpan`1 buffer)
   at System.IO.Strategies.BufferedFileStreamStrategy.Flush(Boolean flushToDisk)
   at LDOFLinx.DLOutput.WriteUSB(Byte TheOutput, Byte[]& Snd, Int16 BytesToWrite, Boolean GetReply) in K:\DOFLinx\LDOFLinx\DLOutput.vb:line 38
22-Nov-25 15:30:20.423 * USB write to /dev/hidraw3 with data 0,0,
22-Nov-25 15:30:20.423 - Writing USB device /dev/hidraw3 failed with System.IO.IOException: Broken pipe : '/dev/hidraw3'
   at System.IO.RandomAccess.WriteAtOffset(SafeFileHandle handle, ReadOnlySpan`1 buffer, Int64 fileOffset)
   at System.IO.Strategies.OSFileStreamStrategy.Write(ReadOnlySpan`1 buffer)
   at System.IO.Strategies.BufferedFileStreamStrategy.Flush(Boolean flushToDisk)
   at LDOFLinx.DLOutput.WriteUSB(Byte TheOutput, Byte[]& Snd, Int16 BytesToWrite, Boolean GetReply) in K:\DOFLinx\LDOFLinx\DLOutput.vb:line 38
22-Nov-25 15:30:20.424 * USB write to /dev/hidraw3 with data 0,0,
22-Nov-25 15:30:20.424 - Writing USB device /dev/hidraw3 failed with System.IO.IOException: Broken pipe : '/dev/hidraw3'
   at System.IO.RandomAccess.WriteAtOffset(SafeFileHandle handle, ReadOnlySpan`1 buffer, Int64 fileOffset)
   at System.IO.Strategies.OSFileStreamStrategy.Write(ReadOnlySpan`1 buffer)
   at System.IO.Strategies.BufferedFileStreamStrategy.Flush(Boolean flushToDisk)
   at LDOFLinx.DLOutput.WriteUSB(Byte TheOutput, Byte[]& Snd, Int16 BytesToWrite, Boolean GetReply) in K:\DOFLinx\LDOFLinx\DLOutput.vb:line 38
22-Nov-25 15:30:20.427 * USB write to /dev/hidraw3 with data 0,0,
22-Nov-25 15:30:20.429 - Writing USB device /dev/hidraw3 failed with System.IO.IOException: Broken pipe : '/dev/hidraw3'
   at System.IO.RandomAccess.WriteAtOffset(SafeFileHandle handle, ReadOnlySpan`1 buffer, Int64 fileOffset)
   at System.IO.Strategies.OSFileStreamStrategy.Write(ReadOnlySpan`1 buffer)
   at System.IO.Strategies.BufferedFileStreamStrategy.Flush(Boolean flushToDisk)
   at LDOFLinx.DLOutput.WriteUSB(Byte TheOutput, Byte[]& Snd, Int16 BytesToWrite, Boolean GetReply) in K:\DOFLinx\LDOFLinx\DLOutput.vb:line 38
22-Nov-25 15:30:20.429 * USB write to /dev/hidraw3 with data 0,0,
22-Nov-25 15:30:20.430 - Writing USB device /dev/hidraw3 failed with System.IO.IOException: Broken pipe : '/dev/hidraw3'
   at System.IO.RandomAccess.WriteAtOffset(SafeFileHandle handle, ReadOnlySpan`1 buffer, Int64 fileOffset)
   at System.IO.Strategies.OSFileStreamStrategy.Write(ReadOnlySpan`1 buffer)
   at System.IO.Strategies.BufferedFileStreamStrategy.Flush(Boolean flushToDisk)
   at LDOFLinx.DLOutput.WriteUSB(Byte TheOutput, Byte[]& Snd, Int16 BytesToWrite, Boolean GetReply) in K:\DOFLinx\LDOFLinx\DLOutput.vb:line 38
22-Nov-25 15:30:20.430 * USB write to /dev/hidraw3 with data 0,0,
22-Nov-25 15:30:20.431 - Writing USB device /dev/hidraw3 failed with System.IO.IOException: Broken pipe : '/dev/hidraw3'
   at System.IO.RandomAccess.WriteAtOffset(SafeFileHandle handle, ReadOnlySpan`1 buffer, Int64 fileOffset)
   at System.IO.Strategies.OSFileStreamStrategy.Write(ReadOnlySpan`1 buffer)
   at System.IO.Strategies.BufferedFileStreamStrategy.Flush(Boolean flushToDisk)
   at LDOFLinx.DLOutput.WriteUSB(Byte TheOutput, Byte[]& Snd, Int16 BytesToWrite, Boolean GetReply) in K:\DOFLinx\LDOFLinx\DLOutput.vb:line 38
22-Nov-25 15:30:20.431 * USB write to /dev/hidraw3 with data 0,0,
22-Nov-25 15:30:20.432 - Writing USB device /dev/hidraw3 failed with System.IO.IOException: Broken pipe : '/dev/hidraw3'
   at System.IO.RandomAccess.WriteAtOffset(SafeFileHandle handle, ReadOnlySpan`1 buffer, Int64 fileOffset)
   at System.IO.Strategies.OSFileStreamStrategy.Write(ReadOnlySpan`1 buffer)
   at System.IO.Strategies.BufferedFileStreamStrategy.Flush(Boolean flushToDisk)
   at LDOFLinx.DLOutput.WriteUSB(Byte TheOutput, Byte[]& Snd, Int16 BytesToWrite, Boolean GetReply) in K:\DOFLinx\LDOFLinx\DLOutput.vb:line 38
22-Nov-25 15:30:20.432 * USB write to /dev/hidraw3 with data 0,0,
22-Nov-25 15:30:20.433 - Writing USB device /dev/hidraw3 failed with System.IO.IOException: Broken pipe : '/dev/hidraw3'
   at System.IO.RandomAccess.WriteAtOffset(SafeFileHandle handle, ReadOnlySpan`1 buffer, Int64 fileOffset)
   at System.IO.Strategies.OSFileStreamStrategy.Write(ReadOnlySpan`1 buffer)
   at System.IO.Strategies.BufferedFileStreamStrategy.Flush(Boolean flushToDisk)
   at LDOFLinx.DLOutput.WriteUSB(Byte TheOutput, Byte[]& Snd, Int16 BytesToWrite, Boolean GetReply) in K:\DOFLinx\LDOFLinx\DLOutput.vb:line 38
22-Nov-25 15:30:20.433 * USB write to /dev/hidraw3 with data 0,0,
22-Nov-25 15:30:20.433 - Writing USB device /dev/hidraw3 failed with System.IO.IOException: Broken pipe : '/dev/hidraw3'
   at System.IO.RandomAccess.WriteAtOffset(SafeFileHandle handle, ReadOnlySpan`1 buffer, Int64 fileOffset)
   at System.IO.Strategies.OSFileStreamStrategy.Write(ReadOnlySpan`1 buffer)
   at System.IO.Strategies.BufferedFileStreamStrategy.Flush(Boolean flushToDisk)
   at LDOFLinx.DLOutput.WriteUSB(Byte TheOutput, Byte[]& Snd, Int16 BytesToWrite, Boolean GetReply) in K:\DOFLinx\LDOFLinx\DLOutput.vb:line 38
22-Nov-25 15:30:20.434 * USB write to /dev/hidraw3 with data 0,0,
22-Nov-25 15:30:20.434 - Writing USB device /dev/hidraw3 failed with System.IO.IOException: Broken pipe : '/dev/hidraw3'
   at System.IO.RandomAccess.WriteAtOffset(SafeFileHandle handle, ReadOnlySpan`1 buffer, Int64 fileOffset)
   at System.IO.Strategies.OSFileStreamStrategy.Write(ReadOnlySpan`1 buffer)
   at System.IO.Strategies.BufferedFileStreamStrategy.Flush(Boolean flushToDisk)
   at LDOFLinx.DLOutput.WriteUSB(Byte TheOutput, Byte[]& Snd, Int16 BytesToWrite, Boolean GetReply) in K:\DOFLinx\LDOFLinx\DLOutput.vb:line 38
22-Nov-25 15:30:20.435 * USB write to /dev/hidraw3 with data 0,0,
22-Nov-25 15:30:20.435 - Writing USB device /dev/hidraw3 failed with System.IO.IOException: Broken pipe : '/dev/hidraw3'
   at System.IO.RandomAccess.WriteAtOffset(SafeFileHandle handle, ReadOnlySpan`1 buffer, Int64 fileOffset)
   at System.IO.Strategies.OSFileStreamStrategy.Write(ReadOnlySpan`1 buffer)
   at System.IO.Strategies.BufferedFileStreamStrategy.Flush(Boolean flushToDisk)
   at LDOFLinx.DLOutput.WriteUSB(Byte TheOutput, Byte[]& Snd, Int16 BytesToWrite, Boolean GetReply) in K:\DOFLinx\LDOFLinx\DLOutput.vb:line 38
22-Nov-25 15:30:20.436 * USB write to /dev/hidraw3 with data 0,0,
22-Nov-25 15:30:20.437 - Writing USB device /dev/hidraw3 failed with System.IO.IOException: Broken pipe : '/dev/hidraw3'
   at System.IO.RandomAccess.WriteAtOffset(SafeFileHandle handle, ReadOnlySpan`1 buffer, Int64 fileOffset)
   at System.IO.Strategies.OSFileStreamStrategy.Write(ReadOnlySpan`1 buffer)
   at System.IO.Strategies.BufferedFileStreamStrategy.Flush(Boolean flushToDisk)
   at LDOFLinx.DLOutput.WriteUSB(Byte TheOutput, Byte[]& Snd, Int16 BytesToWrite, Boolean GetReply) in K:\DOFLinx\LDOFLinx\DLOutput.vb:line 38
22-Nov-25 15:30:20.437 * USB write to /dev/hidraw3 with data 0,0,
22-Nov-25 15:30:20.439 - Writing USB device /dev/hidraw3 failed with System.IO.IOException: Broken pipe : '/dev/hidraw3'
   at System.IO.RandomAccess.WriteAtOffset(SafeFileHandle handle, ReadOnlySpan`1 buffer, Int64 fileOffset)
   at System.IO.Strategies.OSFileStreamStrategy.Write(ReadOnlySpan`1 buffer)
   at System.IO.Strategies.BufferedFileStreamStrategy.Flush(Boolean flushToDisk)
   at LDOFLinx.DLOutput.WriteUSB(Byte TheOutput, Byte[]& Snd, Int16 BytesToWrite, Boolean GetReply) in K:\DOFLinx\LDOFLinx\DLOutput.vb:line 38
22-Nov-25 15:30:20.439 * USB write to /dev/hidraw3 with data 0,0,
22-Nov-25 15:30:20.440 - Writing USB device /dev/hidraw3 failed with System.IO.IOException: Broken pipe : '/dev/hidraw3'
   at System.IO.RandomAccess.WriteAtOffset(SafeFileHandle handle, ReadOnlySpan`1 buffer, Int64 fileOffset)
   at System.IO.Strategies.OSFileStreamStrategy.Write(ReadOnlySpan`1 buffer)
   at System.IO.Strategies.BufferedFileStreamStrategy.Flush(Boolean flushToDisk)
   at LDOFLinx.DLOutput.WriteUSB(Byte TheOutput, Byte[]& Snd, Int16 BytesToWrite, Boolean GetReply) in K:\DOFLinx\LDOFLinx\DLOutput.vb:line 38
22-Nov-25 15:30:20.441 * USB write to /dev/hidraw3 with data 0,0,
22-Nov-25 15:30:20.442 - Writing USB device /dev/hidraw3 failed with System.IO.IOException: Broken pipe : '/dev/hidraw3'
   at System.IO.RandomAccess.WriteAtOffset(SafeFileHandle handle, ReadOnlySpan`1 buffer, Int64 fileOffset)
   at System.IO.Strategies.OSFileStreamStrategy.Write(ReadOnlySpan`1 buffer)
   at System.IO.Strategies.BufferedFileStreamStrategy.Flush(Boolean flushToDisk)
   at LDOFLinx.DLOutput.WriteUSB(Byte TheOutput, Byte[]& Snd, Int16 BytesToWrite, Boolean GetReply) in K:\DOFLinx\LDOFLinx\DLOutput.vb:line 38
22-Nov-25 15:30:20.442 * USB write to /dev/hidraw3 with data 0,0,
22-Nov-25 15:30:20.442 - Writing USB device /dev/hidraw3 failed with System.IO.IOException: Broken pipe : '/dev/hidraw3'
   at System.IO.RandomAccess.WriteAtOffset(SafeFileHandle handle, ReadOnlySpan`1 buffer, Int64 fileOffset)
   at System.IO.Strategies.OSFileStreamStrategy.Write(ReadOnlySpan`1 buffer)
   at System.IO.Strategies.BufferedFileStreamStrategy.Flush(Boolean flushToDisk)
   at LDOFLinx.DLOutput.WriteUSB(Byte TheOutput, Byte[]& Snd, Int16 BytesToWrite, Boolean GetReply) in K:\DOFLinx\LDOFLinx\DLOutput.vb:line 38
22-Nov-25 15:30:20.443 * USB write to /dev/hidraw3 with data 0,0,
22-Nov-25 15:30:20.443 - Writing USB device /dev/hidraw3 failed with System.IO.IOException: Broken pipe : '/dev/hidraw3'
   at System.IO.RandomAccess.WriteAtOffset(SafeFileHandle handle, ReadOnlySpan`1 buffer, Int64 fileOffset)
   at System.IO.Strategies.OSFileStreamStrategy.Write(ReadOnlySpan`1 buffer)
   at System.IO.Strategies.BufferedFileStreamStrategy.Flush(Boolean flushToDisk)
   at LDOFLinx.DLOutput.WriteUSB(Byte TheOutput, Byte[]& Snd, Int16 BytesToWrite, Boolean GetReply) in K:\DOFLinx\LDOFLinx\DLOutput.vb:line 38
22-Nov-25 15:30:20.444 * USB write to /dev/hidraw3 with data 0,0,
22-Nov-25 15:30:20.448 - Writing USB device /dev/hidraw3 failed with System.IO.IOException: Broken pipe : '/dev/hidraw3'
   at System.IO.RandomAccess.WriteAtOffset(SafeFileHandle handle, ReadOnlySpan`1 buffer, Int64 fileOffset)
   at System.IO.Strategies.OSFileStreamStrategy.Write(ReadOnlySpan`1 buffer)
   at System.IO.Strategies.BufferedFileStreamStrategy.Flush(Boolean flushToDisk)
   at LDOFLinx.DLOutput.WriteUSB(Byte TheOutput, Byte[]& Snd, Int16 BytesToWrite, Boolean GetReply) in K:\DOFLinx\LDOFLinx\DLOutput.vb:line 38
22-Nov-25 15:30:20.449 * USB write to /dev/hidraw3 with data 0,0,
22-Nov-25 15:30:20.450 - Writing USB device /dev/hidraw3 failed with System.IO.IOException: Broken pipe : '/dev/hidraw3'
   at System.IO.RandomAccess.WriteAtOffset(SafeFileHandle handle, ReadOnlySpan`1 buffer, Int64 fileOffset)
   at System.IO.Strategies.OSFileStreamStrategy.Write(ReadOnlySpan`1 buffer)
   at System.IO.Strategies.BufferedFileStreamStrategy.Flush(Boolean flushToDisk)
   at LDOFLinx.DLOutput.WriteUSB(Byte TheOutput, Byte[]& Snd, Int16 BytesToWrite, Boolean GetReply) in K:\DOFLinx\LDOFLinx\DLOutput.vb:line 38
22-Nov-25 15:30:20.450 * USB write to /dev/hidraw3 with data 0,0,
22-Nov-25 15:30:20.451 - Writing USB device /dev/hidraw3 failed with System.IO.IOException: Broken pipe : '/dev/hidraw3'
   at System.IO.RandomAccess.WriteAtOffset(SafeFileHandle handle, ReadOnlySpan`1 buffer, Int64 fileOffset)
   at System.IO.Strategies.OSFileStreamStrategy.Write(ReadOnlySpan`1 buffer)
   at System.IO.Strategies.BufferedFileStreamStrategy.Flush(Boolean flushToDisk)
   at LDOFLinx.DLOutput.WriteUSB(Byte TheOutput, Byte[]& Snd, Int16 BytesToWrite, Boolean GetReply) in K:\DOFLinx\LDOFLinx\DLOutput.vb:line 38
22-Nov-25 15:30:20.451 * USB write to /dev/hidraw3 with data 0,0,
22-Nov-25 15:30:20.452 - Writing USB device /dev/hidraw3 failed with System.IO.IOException: Broken pipe : '/dev/hidraw3'
   at System.IO.RandomAccess.WriteAtOffset(SafeFileHandle handle, ReadOnlySpan`1 buffer, Int64 fileOffset)
   at System.IO.Strategies.OSFileStreamStrategy.Write(ReadOnlySpan`1 buffer)
   at System.IO.Strategies.BufferedFileStreamStrategy.Flush(Boolean flushToDisk)
   at LDOFLinx.DLOutput.WriteUSB(Byte TheOutput, Byte[]& Snd, Int16 BytesToWrite, Boolean GetReply) in K:\DOFLinx\LDOFLinx\DLOutput.vb:line 38
22-Nov-25 15:30:20.452 * USB write to /dev/hidraw3 with data 0,0,
22-Nov-25 15:30:20.453 - Writing USB device /dev/hidraw3 failed with System.IO.IOException: Broken pipe : '/dev/hidraw3'
   at System.IO.RandomAccess.WriteAtOffset(SafeFileHandle handle, ReadOnlySpan`1 buffer, Int64 fileOffset)
   at System.IO.Strategies.OSFileStreamStrategy.Write(ReadOnlySpan`1 buffer)
   at System.IO.Strategies.BufferedFileStreamStrategy.Flush(Boolean flushToDisk)
   at LDOFLinx.DLOutput.WriteUSB(Byte TheOutput, Byte[]& Snd, Int16 BytesToWrite, Boolean GetReply) in K:\DOFLinx\LDOFLinx\DLOutput.vb:line 38
22-Nov-25 15:30:20.453 * USB write to /dev/hidraw3 with data 0,0,
22-Nov-25 15:30:20.454 - Writing USB device /dev/hidraw3 failed with System.IO.IOException: Broken pipe : '/dev/hidraw3'
   at System.IO.RandomAccess.WriteAtOffset(SafeFileHandle handle, ReadOnlySpan`1 buffer, Int64 fileOffset)
   at System.IO.Strategies.OSFileStreamStrategy.Write(ReadOnlySpan`1 buffer)
   at System.IO.Strategies.BufferedFileStreamStrategy.Flush(Boolean flushToDisk)
   at LDOFLinx.DLOutput.WriteUSB(Byte TheOutput, Byte[]& Snd, Int16 BytesToWrite, Boolean GetReply) in K:\DOFLinx\LDOFLinx\DLOutput.vb:line 38
22-Nov-25 15:30:20.454 * USB write to /dev/hidraw3 with data 0,0,
22-Nov-25 15:30:20.454 - Writing USB device /dev/hidraw3 failed with System.IO.IOException: Broken pipe : '/dev/hidraw3'
   at System.IO.RandomAccess.WriteAtOffset(SafeFileHandle handle, ReadOnlySpan`1 buffer, Int64 fileOffset)
   at System.IO.Strategies.OSFileStreamStrategy.Write(ReadOnlySpan`1 buffer)
   at System.IO.Strategies.BufferedFileStreamStrategy.Flush(Boolean flushToDisk)
   at LDOFLinx.DLOutput.WriteUSB(Byte TheOutput, Byte[]& Snd, Int16 BytesToWrite, Boolean GetReply) in K:\DOFLinx\LDOFLinx\DLOutput.vb:line 38
22-Nov-25 15:30:20.455 * USB write to /dev/hidraw3 with data 0,0,
22-Nov-25 15:30:20.455 - Writing USB device /dev/hidraw3 failed with System.IO.IOException: Broken pipe : '/dev/hidraw3'
   at System.IO.RandomAccess.WriteAtOffset(SafeFileHandle handle, ReadOnlySpan`1 buffer, Int64 fileOffset)
   at System.IO.Strategies.OSFileStreamStrategy.Write(ReadOnlySpan`1 buffer)
   at System.IO.Strategies.BufferedFileStreamStrategy.Flush(Boolean flushToDisk)
   at LDOFLinx.DLOutput.WriteUSB(Byte TheOutput, Byte[]& Snd, Int16 BytesToWrite, Boolean GetReply) in K:\DOFLinx\LDOFLinx\DLOutput.vb:line 38
22-Nov-25 15:30:20.456 * USB write to /dev/hidraw3 with data 0,0,
22-Nov-25 15:30:20.456 - Writing USB device /dev/hidraw3 failed with System.IO.IOException: Broken pipe : '/dev/hidraw3'
   at System.IO.RandomAccess.WriteAtOffset(SafeFileHandle handle, ReadOnlySpan`1 buffer, Int64 fileOffset)
   at System.IO.Strategies.OSFileStreamStrategy.Write(ReadOnlySpan`1 buffer)
   at System.IO.Strategies.BufferedFileStreamStrategy.Flush(Boolean flushToDisk)
   at LDOFLinx.DLOutput.WriteUSB(Byte TheOutput, Byte[]& Snd, Int16 BytesToWrite, Boolean GetReply) in K:\DOFLinx\LDOFLinx\DLOutput.vb:line 38
22-Nov-25 15:30:55.731 - Processing incoming message - QUIT
22-Nov-25 15:30:55.734 - Processing parameter 'QUIT' with data '' in real-time
22-Nov-25 15:30:55.736 - Shutting down
22-Nov-25 15:30:55.738 * USB write to /dev/hidraw3 with data 129,0,
22-Nov-25 15:30:55.739 - Writing USB device /dev/hidraw3 failed with System.IO.IOException: Broken pipe : '/dev/hidraw3'
   at System.IO.RandomAccess.WriteAtOffset(SafeFileHandle handle, ReadOnlySpan`1 buffer, Int64 fileOffset)
   at System.IO.Strategies.OSFileStreamStrategy.Write(ReadOnlySpan`1 buffer)
   at System.IO.FileStream.Flush()
   at LDOFLinx.DLOutput.WriteUSB(Byte TheOutput, Byte[]& Snd, Int16 BytesToWrite, Boolean GetReply) in K:\DOFLinx\LDOFLinx\DLOutput.vb:line 38
22-Nov-25 15:30:55.739 * USB write to /dev/hidraw3 with data 130,0,
22-Nov-25 15:30:55.740 - Writing USB device /dev/hidraw3 failed with System.IO.IOException: Broken pipe : '/dev/hidraw3'
   at System.IO.RandomAccess.WriteAtOffset(SafeFileHandle handle, ReadOnlySpan`1 buffer, Int64 fileOffset)
   at System.IO.Strategies.OSFileStreamStrategy.Write(ReadOnlySpan`1 buffer)
   at System.IO.FileStream.Flush()
   at LDOFLinx.DLOutput.WriteUSB(Byte TheOutput, Byte[]& Snd, Int16 BytesToWrite, Boolean GetReply) in K:\DOFLinx\LDOFLinx\DLOutput.vb:line 38
22-Nov-25 15:30:55.740 * USB write to /dev/hidraw3 with data 131,0,
22-Nov-25 15:30:55.741 - Writing USB device /dev/hidraw3 failed with System.IO.IOException: Broken pipe : '/dev/hidraw3'
   at System.IO.RandomAccess.WriteAtOffset(SafeFileHandle handle, ReadOnlySpan`1 buffer, Int64 fileOffset)
   at System.IO.Strategies.OSFileStreamStrategy.Write(ReadOnlySpan`1 buffer)
   at System.IO.FileStream.Flush()
   at LDOFLinx.DLOutput.WriteUSB(Byte TheOutput, Byte[]& Snd, Int16 BytesToWrite, Boolean GetReply) in K:\DOFLinx\LDOFLinx\DLOutput.vb:line 38
22-Nov-25 15:30:55.741 * USB write to /dev/hidraw3 with data 132,0,
22-Nov-25 15:30:55.742 - Writing USB device /dev/hidraw3 failed with System.IO.IOException: Broken pipe : '/dev/hidraw3'
   at System.IO.RandomAccess.WriteAtOffset(SafeFileHandle handle, ReadOnlySpan`1 buffer, Int64 fileOffset)
   at System.IO.Strategies.OSFileStreamStrategy.Write(ReadOnlySpan`1 buffer)
   at System.IO.FileStream.Flush()
   at LDOFLinx.DLOutput.WriteUSB(Byte TheOutput, Byte[]& Snd, Int16 BytesToWrite, Boolean GetReply) in K:\DOFLinx\LDOFLinx\DLOutput.vb:line 38
22-Nov-25 15:30:55.742 * USB write to /dev/hidraw3 with data 133,0,
22-Nov-25 15:30:55.743 - Writing USB device /dev/hidraw3 failed with System.IO.IOException: Broken pipe : '/dev/hidraw3'
   at System.IO.RandomAccess.WriteAtOffset(SafeFileHandle handle, ReadOnlySpan`1 buffer, Int64 fileOffset)
   at System.IO.Strategies.OSFileStreamStrategy.Write(ReadOnlySpan`1 buffer)
   at System.IO.FileStream.Flush()
   at LDOFLinx.DLOutput.WriteUSB(Byte TheOutput, Byte[]& Snd, Int16 BytesToWrite, Boolean GetReply) in K:\DOFLinx\LDOFLinx\DLOutput.vb:line 38
22-Nov-25 15:30:55.743 * USB write to /dev/hidraw3 with data 134,0,
22-Nov-25 15:30:55.744 - Writing USB device /dev/hidraw3 failed with System.IO.IOException: Broken pipe : '/dev/hidraw3'
   at System.IO.RandomAccess.WriteAtOffset(SafeFileHandle handle, ReadOnlySpan`1 buffer, Int64 fileOffset)
   at System.IO.Strategies.OSFileStreamStrategy.Write(ReadOnlySpan`1 buffer)
   at System.IO.FileStream.Flush()
   at LDOFLinx.DLOutput.WriteUSB(Byte TheOutput, Byte[]& Snd, Int16 BytesToWrite, Boolean GetReply) in K:\DOFLinx\LDOFLinx\DLOutput.vb:line 38
22-Nov-25 15:30:55.744 * USB write to /dev/hidraw3 with data 135,0,
22-Nov-25 15:30:55.745 - Writing USB device /dev/hidraw3 failed with System.IO.IOException: Broken pipe : '/dev/hidraw3'
   at System.IO.RandomAccess.WriteAtOffset(SafeFileHandle handle, ReadOnlySpan`1 buffer, Int64 fileOffset)
   at System.IO.Strategies.OSFileStreamStrategy.Write(ReadOnlySpan`1 buffer)
   at System.IO.FileStream.Flush()
   at LDOFLinx.DLOutput.WriteUSB(Byte TheOutput, Byte[]& Snd, Int16 BytesToWrite, Boolean GetReply) in K:\DOFLinx\LDOFLinx\DLOutput.vb:line 38
22-Nov-25 15:30:55.745 * USB write to /dev/hidraw3 with data 136,0,
22-Nov-25 15:30:55.746 - Writing USB device /dev/hidraw3 failed with System.IO.IOException: Broken pipe : '/dev/hidraw3'
   at System.IO.RandomAccess.WriteAtOffset(SafeFileHandle handle, ReadOnlySpan`1 buffer, Int64 fileOffset)
   at System.IO.Strategies.OSFileStreamStrategy.Write(ReadOnlySpan`1 buffer)
   at System.IO.FileStream.Flush()
   at LDOFLinx.DLOutput.WriteUSB(Byte TheOutput, Byte[]& Snd, Int16 BytesToWrite, Boolean GetReply) in K:\DOFLinx\LDOFLinx\DLOutput.vb:line 38
22-Nov-25 15:30:55.748 - Program close
22-Nov-25 15:32:48.866 - DEBUG enabled with showing of window True
22-Nov-25 15:32:48.878 * BETA logging flag enabled
22-Nov-25 15:32:48.878 - ***************************************************************
22-Nov-25 15:32:48.878 - Linux DOFLinx for Pinball and MAME Emulators - DOFLinx by DDH69
22-Nov-25 15:32:48.878 - Starting up - version 1.04 Beta 1
22-Nov-25 15:32:48.878 - ***************************************************************
22-Nov-25 15:32:48.880 - Linux OS on Arm64 processor with 64 bit operating system and 64 bit application
22-Nov-25 15:32:48.880 - If you like it, please make a donation here https://www.paypal.com/donate?hosted_button_id=YEPCTUYFX5KDE
22-Nov-25 15:32:48.880 - The guide can be found here https://doflinx.github.io/docs/
22-Nov-25 15:32:48.880 - For support come and visit the community here https://www.vpforums.org/index.php?showforum=104
22-Nov-25 15:32:48.881 - Pre-Reading DOFLinx.ini startup config file details
22-Nov-25 15:32:48.909 * Processing parameter 'DEBUG' with data '69' not in real-time
22-Nov-25 15:32:48.909 - DEBUG enabled with showing of window True
22-Nov-25 15:32:48.909 * Special logging flag enabled with window turned on
22-Nov-25 15:32:48.909 - DEBUG enabled with showing of window True
22-Nov-25 15:32:48.916 * PacLED64 board found - not fully implemented
22-Nov-25 15:32:48.928 * Probable ID=1
22-Nov-25 15:32:48.928 * /dev/hidraw3
22-Nov-25 15:32:48.928 - Opening device #1 PacLED64 ID#1 named  with 64 outputs
22-Nov-25 15:32:48.930 * Starting monitoring of keyboard = /dev/input/by-path/platform-xhci-hcd.0-usb-0:1:1.0-event-kbd
22-Nov-25 15:32:48.931 - Reading DOFLinx.ini startup config file details
22-Nov-25 15:32:48.931 * Processing parameter 'DEBUG' with data '69' not in real-time
22-Nov-25 15:32:48.932 - DEBUG enabled with showing of window True
22-Nov-25 15:32:48.932 * Special logging flag enabled with window turned on
22-Nov-25 15:32:48.932 * Processing parameter 'COLOUR_FILE' with data './config/colours.ini' not in real-time
22-Nov-25 15:32:48.932 - Reading colour file named ./config/colours.ini
22-Nov-25 15:32:48.935 * Processing parameter 'PATH_MAME' with data './mame/' not in real-time
22-Nov-25 15:32:48.937 * Processing parameter 'PATH_PIXELCADE' with data './pixelcade/' not in real-time
22-Nov-25 15:32:48.938 - The path './pixelcade/' does not exist
22-Nov-25 15:32:48.938 * Processing parameter 'MAME_FOLDER' with data '/usr/games/' not in real-time
22-Nov-25 15:32:48.938 * Processing parameter 'PROCESSES' with data 'retroarch' not in real-time
22-Nov-25 15:32:48.938 * Processing parameter 'MAME_PROCESS' with data 'retroarch' not in real-time
22-Nov-25 15:32:48.938 * Processing parameter 'MAME_RETROARCH_NCI' with data '1' not in real-time
22-Nov-25 15:32:48.938 * Processing parameter 'PIXELCADE_LCD_USE_NETWORK_ADDRESS' with data '1' not in real-time
22-Nov-25 15:32:48.938 * Processing parameter 'PIXELCADE_MENU_HIGHSCORE' with data '1' not in real-time
22-Nov-25 15:32:48.938 * Processing parameter 'PIXELCADE_GAME_START_HIGHSCORE' with data '1' not in real-time
22-Nov-25 15:32:48.938 * Processing parameter 'RGB_STYLE' with data 'RANDOM' not in real-time
22-Nov-25 15:32:48.938 * Processing parameter 'RGB_TRIGGER' with data 'TIME' not in real-time
22-Nov-25 15:32:48.938 * Processing parameter 'RGB_MIN_TIME' with data '1000' not in real-time
22-Nov-25 15:32:48.938 * Processing parameter 'LINK_BUT_CN' with data '0000,Orange,6' not in real-time
22-Nov-25 15:32:48.942 * Processing parameter 'LINK_BUT_EX' with data '0000,Amber,1' not in real-time
22-Nov-25 15:32:48.942 * Processing parameter 'LINK_BUT_J1' with data '0000,Random,0' not in real-time
22-Nov-25 15:32:48.942 * Processing parameter 'LINK_BUT_ST' with data '0000,White,6' not in real-time
22-Nov-25 15:32:48.942 * Processing parameter 'LINK_BUT_RE' with data '0000,Orange_Red,61' not in real-time
22-Nov-25 15:32:48.942 * Processing parameter 'LINK_BUT_PS' with data '0000,Deep_Pink,25' not in real-time
22-Nov-25 15:32:48.942 * Processing parameter 'LINK_BUT_P1' with data '0000,Cyan,2' not in real-time
22-Nov-25 15:32:48.942 * Processing parameter 'LINK_BUT_P2' with data '0000,Orchid,3' not in real-time
22-Nov-25 15:32:48.942 * Processing parameter 'LINK_BUT_B1' with data '0000,Green,29' not in real-time
22-Nov-25 15:32:48.942 * Processing parameter 'LINK_BUT_B2' with data '0000,Red,56' not in real-time
22-Nov-25 15:32:48.942 * Processing parameter 'LINK_BUT_B3' with data '0000,Yellow,57' not in real-time
22-Nov-25 15:32:48.942 * Processing parameter 'LINK_BUT_B4' with data '0000,Blue,00' not in real-time
22-Nov-25 15:32:48.942 * Processing parameter 'LINK_BUT_B5' with data '0000,Blue,44' not in real-time
22-Nov-25 15:32:48.942 * Processing parameter 'LINK_BUT_B6' with data '0000,Blue,45' not in real-time
22-Nov-25 15:32:48.942 * Processing parameter 'LINK_BUT_CH' with data '0000,Deep_Pink,64' not in real-time
22-Nov-25 15:32:48.942 * Processing parameter 'LINK_BUT_MN' with data '0000,Yellow,15' not in real-time
22-Nov-25 15:32:48.942 - DEBUG enabled with showing of window True
22-Nov-25 15:32:48.985 - No pixelcade.ini or settings.ini file could be found in the PATH_PIXELCADE= location
22-Nov-25 15:32:49.001 * 
22-Nov-25 15:32:49.003 - /usr/games/retroarch for game names was not found
22-Nov-25 15:32:49.006 - Trigger thread starting
22-Nov-25 15:32:49.018 * No menu.ini found
22-Nov-25 15:32:54.638 - Processing incoming message - TEST_PORT=1001,1000
22-Nov-25 15:32:54.639 - Processing parameter 'TEST_PORT' with data '1001,1000' in real-time
22-Nov-25 15:32:54.639 - Turning ON device/port 1001 for 1000 mS
22-Nov-25 15:32:54.642 * USB write to /dev/hidraw3 with data 254,0,
22-Nov-25 15:32:54.680 - Writing USB device /dev/hidraw3 failed with System.IO.IOException: Broken pipe : '/dev/hidraw3'
   at System.IO.RandomAccess.WriteAtOffset(SafeFileHandle handle, ReadOnlySpan`1 buffer, Int64 fileOffset)
   at System.IO.Strategies.OSFileStreamStrategy.Write(ReadOnlySpan`1 buffer)
   at System.IO.Strategies.BufferedFileStreamStrategy.Flush(Boolean flushToDisk)
   at LDOFLinx.DLOutput.WriteUSB(Byte TheOutput, Byte[]& Snd, Int16 BytesToWrite, Boolean GetReply) in K:\DOFLinx\LDOFLinx\DLOutput.vb:line 38
22-Nov-25 15:32:54.680 * USB write to /dev/hidraw3 with data 255,0,
22-Nov-25 15:32:54.681 - Writing USB device /dev/hidraw3 failed with System.IO.IOException: The process cannot access the file '/dev/hidraw3' because it is being used by another process.
   at Microsoft.Win32.SafeHandles.SafeFileHandle.Init(String path, FileMode mode, FileAccess access, FileShare share, FileOptions options, Int64 preallocationSize, Int64& fileLength, UnixFileMode& filePermissions)
   at Microsoft.Win32.SafeHandles.SafeFileHandle.Open(String fullPath, FileMode mode, FileAccess access, FileShare share, FileOptions options, Int64 preallocationSize, UnixFileMode openPermissions, Int64& fileLength, UnixFileMode& filePermissions, Boolean failForSymlink, Boolean& wasSymlink, Func`4 createOpenException)
   at System.IO.Strategies.OSFileStreamStrategy..ctor(String path, FileMode mode, FileAccess access, FileShare share, FileOptions options, Int64 preallocationSize, Nullable`1 unixCreateMode)
   at System.IO.File.Open(String path, FileMode mode)
   at LDOFLinx.DLOutput.WriteUSB(Byte TheOutput, Byte[]& Snd, Int16 BytesToWrite, Boolean GetReply) in K:\DOFLinx\LDOFLinx\DLOutput.vb:line 36
22-Nov-25 15:32:54.681 * USB write to /dev/hidraw3 with data 0,0,
22-Nov-25 15:32:54.681 - Writing USB device /dev/hidraw3 failed with System.IO.IOException: The process cannot access the file '/dev/hidraw3' because it is being used by another process.
   at Microsoft.Win32.SafeHandles.SafeFileHandle.Init(String path, FileMode mode, FileAccess access, FileShare share, FileOptions options, Int64 preallocationSize, Int64& fileLength, UnixFileMode& filePermissions)
   at Microsoft.Win32.SafeHandles.SafeFileHandle.Open(String fullPath, FileMode mode, FileAccess access, FileShare share, FileOptions options, Int64 preallocationSize, UnixFileMode openPermissions, Int64& fileLength, UnixFileMode& filePermissions, Boolean failForSymlink, Boolean& wasSymlink, Func`4 createOpenException)
   at System.IO.Strategies.OSFileStreamStrategy..ctor(String path, FileMode mode, FileAccess access, FileShare share, FileOptions options, Int64 preallocationSize, Nullable`1 unixCreateMode)
   at System.IO.File.Open(String path, FileMode mode)
   at LDOFLinx.DLOutput.WriteUSB(Byte TheOutput, Byte[]& Snd, Int16 BytesToWrite, Boolean GetReply) in K:\DOFLinx\LDOFLinx\DLOutput.vb:line 36
22-Nov-25 15:32:54.682 * USB write to /dev/hidraw3 with data 0,0,
22-Nov-25 15:32:54.682 - Writing USB device /dev/hidraw3 failed with System.IO.IOException: The process cannot access the file '/dev/hidraw3' because it is being used by another process.
   at Microsoft.Win32.SafeHandles.SafeFileHandle.Init(String path, FileMode mode, FileAccess access, FileShare share, FileOptions options, Int64 preallocationSize, Int64& fileLength, UnixFileMode& filePermissions)
   at Microsoft.Win32.SafeHandles.SafeFileHandle.Open(String fullPath, FileMode mode, FileAccess access, FileShare share, FileOptions options, Int64 preallocationSize, UnixFileMode openPermissions, Int64& fileLength, UnixFileMode& filePermissions, Boolean failForSymlink, Boolean& wasSymlink, Func`4 createOpenException)
   at System.IO.Strategies.OSFileStreamStrategy..ctor(String path, FileMode mode, FileAccess access, FileShare share, FileOptions options, Int64 preallocationSize, Nullable`1 unixCreateMode)
   at System.IO.File.Open(String path, FileMode mode)
   at LDOFLinx.DLOutput.WriteUSB(Byte TheOutput, Byte[]& Snd, Int16 BytesToWrite, Boolean GetReply) in K:\DOFLinx\LDOFLinx\DLOutput.vb:line 36
22-Nov-25 15:32:54.682 * USB write to /dev/hidraw3 with data 0,0,
22-Nov-25 15:32:54.682 - Writing USB device /dev/hidraw3 failed with System.IO.IOException: The process cannot access the file '/dev/hidraw3' because it is being used by another process.
   at Microsoft.Win32.SafeHandles.SafeFileHandle.Init(String path, FileMode mode, FileAccess access, FileShare share, FileOptions options, Int64 preallocationSize, Int64& fileLength, UnixFileMode& filePermissions)
   at Microsoft.Win32.SafeHandles.SafeFileHandle.Open(String fullPath, FileMode mode, FileAccess access, FileShare share, FileOptions options, Int64 preallocationSize, UnixFileMode openPermissions, Int64& fileLength, UnixFileMode& filePermissions, Boolean failForSymlink, Boolean& wasSymlink, Func`4 createOpenException)
   at System.IO.Strategies.OSFileStreamStrategy..ctor(String path, FileMode mode, FileAccess access, FileShare share, FileOptions options, Int64 preallocationSize, Nullable`1 unixCreateMode)
   at System.IO.File.Open(String path, FileMode mode)
   at LDOFLinx.DLOutput.WriteUSB(Byte TheOutput, Byte[]& Snd, Int16 BytesToWrite, Boolean GetReply) in K:\DOFLinx\LDOFLinx\DLOutput.vb:line 36
22-Nov-25 15:32:54.682 * USB write to /dev/hidraw3 with data 0,0,
22-Nov-25 15:32:54.682 - Writing USB device /dev/hidraw3 failed with System.IO.IOException: The process cannot access the file '/dev/hidraw3' because it is being used by another process.
   at Microsoft.Win32.SafeHandles.SafeFileHandle.Init(String path, FileMode mode, FileAccess access, FileShare share, FileOptions options, Int64 preallocationSize, Int64& fileLength, UnixFileMode& filePermissions)
   at Microsoft.Win32.SafeHandles.SafeFileHandle.Open(String fullPath, FileMode mode, FileAccess access, FileShare share, FileOptions options, Int64 preallocationSize, UnixFileMode openPermissions, Int64& fileLength, UnixFileMode& filePermissions, Boolean failForSymlink, Boolean& wasSymlink, Func`4 createOpenException)
   at System.IO.Strategies.OSFileStreamStrategy..ctor(String path, FileMode mode, FileAccess access, FileShare share, FileOptions options, Int64 preallocationSize, Nullable`1 unixCreateMode)
   at System.IO.File.Open(String path, FileMode mode)
   at LDOFLinx.DLOutput.WriteUSB(Byte TheOutput, Byte[]& Snd, Int16 BytesToWrite, Boolean GetReply) in K:\DOFLinx\LDOFLinx\DLOutput.vb:line 36
22-Nov-25 15:32:54.682 * USB write to /dev/hidraw3 with data 0,0,
22-Nov-25 15:32:54.682 - Writing USB device /dev/hidraw3 failed with System.IO.IOException: The process cannot access the file '/dev/hidraw3' because it is being used by another process.
   at Microsoft.Win32.SafeHandles.SafeFileHandle.Init(String path, FileMode mode, FileAccess access, FileShare share, FileOptions options, Int64 preallocationSize, Int64& fileLength, UnixFileMode& filePermissions)
   at Microsoft.Win32.SafeHandles.SafeFileHandle.Open(String fullPath, FileMode mode, FileAccess access, FileShare share, FileOptions options, Int64 preallocationSize, UnixFileMode openPermissions, Int64& fileLength, UnixFileMode& filePermissions, Boolean failForSymlink, Boolean& wasSymlink, Func`4 createOpenException)
   at System.IO.Strategies.OSFileStreamStrategy..ctor(String path, FileMode mode, FileAccess access, FileShare share, FileOptions options, Int64 preallocationSize, Nullable`1 unixCreateMode)
   at System.IO.File.Open(String path, FileMode mode)
   at LDOFLinx.DLOutput.WriteUSB(Byte TheOutput, Byte[]& Snd, Int16 BytesToWrite, Boolean GetReply) in K:\DOFLinx\LDOFLinx\DLOutput.vb:line 36
22-Nov-25 15:32:54.682 * USB write to /dev/hidraw3 with data 0,0,
22-Nov-25 15:32:54.682 - Writing USB device /dev/hidraw3 failed with System.IO.IOException: The process cannot access the file '/dev/hidraw3' because it is being used by another process.
   at Microsoft.Win32.SafeHandles.SafeFileHandle.Init(String path, FileMode mode, FileAccess access, FileShare share, FileOptions options, Int64 preallocationSize, Int64& fileLength, UnixFileMode& filePermissions)
   at Microsoft.Win32.SafeHandles.SafeFileHandle.Open(String fullPath, FileMode mode, FileAccess access, FileShare share, FileOptions options, Int64 preallocationSize, UnixFileMode openPermissions, Int64& fileLength, UnixFileMode& filePermissions, Boolean failForSymlink, Boolean& wasSymlink, Func`4 createOpenException)
   at System.IO.Strategies.OSFileStreamStrategy..ctor(String path, FileMode mode, FileAccess access, FileShare share, FileOptions options, Int64 preallocationSize, Nullable`1 unixCreateMode)
   at System.IO.File.Open(String path, FileMode mode)
   at LDOFLinx.DLOutput.WriteUSB(Byte TheOutput, Byte[]& Snd, Int16 BytesToWrite, Boolean GetReply) in K:\DOFLinx\LDOFLinx\DLOutput.vb:line 36
22-Nov-25 15:32:54.682 * USB write to /dev/hidraw3 with data 0,0,
22-Nov-25 15:32:54.682 - Writing USB device /dev/hidraw3 failed with System.IO.IOException: The process cannot access the file '/dev/hidraw3' because it is being used by another process.
   at Microsoft.Win32.SafeHandles.SafeFileHandle.Init(String path, FileMode mode, FileAccess access, FileShare share, FileOptions options, Int64 preallocationSize, Int64& fileLength, UnixFileMode& filePermissions)
   at Microsoft.Win32.SafeHandles.SafeFileHandle.Open(String fullPath, FileMode mode, FileAccess access, FileShare share, FileOptions options, Int64 preallocationSize, UnixFileMode openPermissions, Int64& fileLength, UnixFileMode& filePermissions, Boolean failForSymlink, Boolean& wasSymlink, Func`4 createOpenException)
   at System.IO.Strategies.OSFileStreamStrategy..ctor(String path, FileMode mode, FileAccess access, FileShare share, FileOptions options, Int64 preallocationSize, Nullable`1 unixCreateMode)
   at System.IO.File.Open(String path, FileMode mode)
   at LDOFLinx.DLOutput.WriteUSB(Byte TheOutput, Byte[]& Snd, Int16 BytesToWrite, Boolean GetReply) in K:\DOFLinx\LDOFLinx\DLOutput.vb:line 36
22-Nov-25 15:32:54.682 * USB write to /dev/hidraw3 with data 0,0,
22-Nov-25 15:32:54.683 - Writing USB device /dev/hidraw3 failed with System.IO.IOException: The process cannot access the file '/dev/hidraw3' because it is being used by another process.
   at Microsoft.Win32.SafeHandles.SafeFileHandle.Init(String path, FileMode mode, FileAccess access, FileShare share, FileOptions options, Int64 preallocationSize, Int64& fileLength, UnixFileMode& filePermissions)
   at Microsoft.Win32.SafeHandles.SafeFileHandle.Open(String fullPath, FileMode mode, FileAccess access, FileShare share, FileOptions options, Int64 preallocationSize, UnixFileMode openPermissions, Int64& fileLength, UnixFileMode& filePermissions, Boolean failForSymlink, Boolean& wasSymlink, Func`4 createOpenException)
   at System.IO.Strategies.OSFileStreamStrategy..ctor(String path, FileMode mode, FileAccess access, FileShare share, FileOptions options, Int64 preallocationSize, Nullable`1 unixCreateMode)
   at System.IO.File.Open(String path, FileMode mode)
   at LDOFLinx.DLOutput.WriteUSB(Byte TheOutput, Byte[]& Snd, Int16 BytesToWrite, Boolean GetReply) in K:\DOFLinx\LDOFLinx\DLOutput.vb:line 36
22-Nov-25 15:32:54.683 * USB write to /dev/hidraw3 with data 0,0,
22-Nov-25 15:32:54.683 - Writing USB device /dev/hidraw3 failed with System.IO.IOException: The process cannot access the file '/dev/hidraw3' because it is being used by another process.
   at Microsoft.Win32.SafeHandles.SafeFileHandle.Init(String path, FileMode mode, FileAccess access, FileShare share, FileOptions options, Int64 preallocationSize, Int64& fileLength, UnixFileMode& filePermissions)
   at Microsoft.Win32.SafeHandles.SafeFileHandle.Open(String fullPath, FileMode mode, FileAccess access, FileShare share, FileOptions options, Int64 preallocationSize, UnixFileMode openPermissions, Int64& fileLength, UnixFileMode& filePermissions, Boolean failForSymlink, Boolean& wasSymlink, Func`4 createOpenException)
   at System.IO.Strategies.OSFileStreamStrategy..ctor(String path, FileMode mode, FileAccess access, FileShare share, FileOptions options, Int64 preallocationSize, Nullable`1 unixCreateMode)
   at System.IO.File.Open(String path, FileMode mode)
   at LDOFLinx.DLOutput.WriteUSB(Byte TheOutput, Byte[]& Snd, Int16 BytesToWrite, Boolean GetReply) in K:\DOFLinx\LDOFLinx\DLOutput.vb:line 36
22-Nov-25 15:32:54.683 * USB write to /dev/hidraw3 with data 0,0,
22-Nov-25 15:32:54.683 - Writing USB device /dev/hidraw3 failed with System.IO.IOException: The process cannot access the file '/dev/hidraw3' because it is being used by another process.
   at Microsoft.Win32.SafeHandles.SafeFileHandle.Init(String path, FileMode mode, FileAccess access, FileShare share, FileOptions options, Int64 preallocationSize, Int64& fileLength, UnixFileMode& filePermissions)
   at Microsoft.Win32.SafeHandles.SafeFileHandle.Open(String fullPath, FileMode mode, FileAccess access, FileShare share, FileOptions options, Int64 preallocationSize, UnixFileMode openPermissions, Int64& fileLength, UnixFileMode& filePermissions, Boolean failForSymlink, Boolean& wasSymlink, Func`4 createOpenException)
   at System.IO.Strategies.OSFileStreamStrategy..ctor(String path, FileMode mode, FileAccess access, FileShare share, FileOptions options, Int64 preallocationSize, Nullable`1 unixCreateMode)
   at System.IO.File.Open(String path, FileMode mode)
   at LDOFLinx.DLOutput.WriteUSB(Byte TheOutput, Byte[]& Snd, Int16 BytesToWrite, Boolean GetReply) in K:\DOFLinx\LDOFLinx\DLOutput.vb:line 36
22-Nov-25 15:32:54.683 * USB write to /dev/hidraw3 with data 0,0,
22-Nov-25 15:32:54.683 - Writing USB device /dev/hidraw3 failed with System.IO.IOException: The process cannot access the file '/dev/hidraw3' because it is being used by another process.
   at Microsoft.Win32.SafeHandles.SafeFileHandle.Init(String path, FileMode mode, FileAccess access, FileShare share, FileOptions options, Int64 preallocationSize, Int64& fileLength, UnixFileMode& filePermissions)
   at Microsoft.Win32.SafeHandles.SafeFileHandle.Open(String fullPath, FileMode mode, FileAccess access, FileShare share, FileOptions options, Int64 preallocationSize, UnixFileMode openPermissions, Int64& fileLength, UnixFileMode& filePermissions, Boolean failForSymlink, Boolean& wasSymlink, Func`4 createOpenException)
   at System.IO.Strategies.OSFileStreamStrategy..ctor(String path, FileMode mode, FileAccess access, FileShare share, FileOptions options, Int64 preallocationSize, Nullable`1 unixCreateMode)
   at System.IO.File.Open(String path, FileMode mode)
   at LDOFLinx.DLOutput.WriteUSB(Byte TheOutput, Byte[]& Snd, Int16 BytesToWrite, Boolean GetReply) in K:\DOFLinx\LDOFLinx\DLOutput.vb:line 36
22-Nov-25 15:32:54.683 * USB write to /dev/hidraw3 with data 0,0,
22-Nov-25 15:32:54.683 - Writing USB device /dev/hidraw3 failed with System.IO.IOException: The process cannot access the file '/dev/hidraw3' because it is being used by another process.
   at Microsoft.Win32.SafeHandles.SafeFileHandle.Init(String path, FileMode mode, FileAccess access, FileShare share, FileOptions options, Int64 preallocationSize, Int64& fileLength, UnixFileMode& filePermissions)
   at Microsoft.Win32.SafeHandles.SafeFileHandle.Open(String fullPath, FileMode mode, FileAccess access, FileShare share, FileOptions options, Int64 preallocationSize, UnixFileMode openPermissions, Int64& fileLength, UnixFileMode& filePermissions, Boolean failForSymlink, Boolean& wasSymlink, Func`4 createOpenException)
   at System.IO.Strategies.OSFileStreamStrategy..ctor(String path, FileMode mode, FileAccess access, FileShare share, FileOptions options, Int64 preallocationSize, Nullable`1 unixCreateMode)
   at System.IO.File.Open(String path, FileMode mode)
   at LDOFLinx.DLOutput.WriteUSB(Byte TheOutput, Byte[]& Snd, Int16 BytesToWrite, Boolean GetReply) in K:\DOFLinx\LDOFLinx\DLOutput.vb:line 36
22-Nov-25 15:32:54.684 * USB write to /dev/hidraw3 with data 0,0,
22-Nov-25 15:32:54.684 - Writing USB device /dev/hidraw3 failed with System.IO.IOException: The process cannot access the file '/dev/hidraw3' because it is being used by another process.
   at Microsoft.Win32.SafeHandles.SafeFileHandle.Init(String path, FileMode mode, FileAccess access, FileShare share, FileOptions options, Int64 preallocationSize, Int64& fileLength, UnixFileMode& filePermissions)
   at Microsoft.Win32.SafeHandles.SafeFileHandle.Open(String fullPath, FileMode mode, FileAccess access, FileShare share, FileOptions options, Int64 preallocationSize, UnixFileMode openPermissions, Int64& fileLength, UnixFileMode& filePermissions, Boolean failForSymlink, Boolean& wasSymlink, Func`4 createOpenException)
   at System.IO.Strategies.OSFileStreamStrategy..ctor(String path, FileMode mode, FileAccess access, FileShare share, FileOptions options, Int64 preallocationSize, Nullable`1 unixCreateMode)
   at System.IO.File.Open(String path, FileMode mode)
   at LDOFLinx.DLOutput.WriteUSB(Byte TheOutput, Byte[]& Snd, Int16 BytesToWrite, Boolean GetReply) in K:\DOFLinx\LDOFLinx\DLOutput.vb:line 36
22-Nov-25 15:32:54.684 * USB write to /dev/hidraw3 with data 0,0,
22-Nov-25 15:32:54.684 - Writing USB device /dev/hidraw3 failed with System.IO.IOException: The process cannot access the file '/dev/hidraw3' because it is being used by another process.
   at Microsoft.Win32.SafeHandles.SafeFileHandle.Init(String path, FileMode mode, FileAccess access, FileShare share, FileOptions options, Int64 preallocationSize, Int64& fileLength, UnixFileMode& filePermissions)
   at Microsoft.Win32.SafeHandles.SafeFileHandle.Open(String fullPath, FileMode mode, FileAccess access, FileShare share, FileOptions options, Int64 preallocationSize, UnixFileMode openPermissions, Int64& fileLength, UnixFileMode& filePermissions, Boolean failForSymlink, Boolean& wasSymlink, Func`4 createOpenException)
   at System.IO.Strategies.OSFileStreamStrategy..ctor(String path, FileMode mode, FileAccess access, FileShare share, FileOptions options, Int64 preallocationSize, Nullable`1 unixCreateMode)
   at System.IO.File.Open(String path, FileMode mode)
   at LDOFLinx.DLOutput.WriteUSB(Byte TheOutput, Byte[]& Snd, Int16 BytesToWrite, Boolean GetReply) in K:\DOFLinx\LDOFLinx\DLOutput.vb:line 36
22-Nov-25 15:32:54.684 * USB write to /dev/hidraw3 with data 0,0,
22-Nov-25 15:32:54.684 - Writing USB device /dev/hidraw3 failed with System.IO.IOException: The process cannot access the file '/dev/hidraw3' because it is being used by another process.
   at Microsoft.Win32.SafeHandles.SafeFileHandle.Init(String path, FileMode mode, FileAccess access, FileShare share, FileOptions options, Int64 preallocationSize, Int64& fileLength, UnixFileMode& filePermissions)
   at Microsoft.Win32.SafeHandles.SafeFileHandle.Open(String fullPath, FileMode mode, FileAccess access, FileShare share, FileOptions options, Int64 preallocationSize, UnixFileMode openPermissions, Int64& fileLength, UnixFileMode& filePermissions, Boolean failForSymlink, Boolean& wasSymlink, Func`4 createOpenException)
   at System.IO.Strategies.OSFileStreamStrategy..ctor(String path, FileMode mode, FileAccess access, FileShare share, FileOptions options, Int64 preallocationSize, Nullable`1 unixCreateMode)
   at System.IO.File.Open(String path, FileMode mode)
   at LDOFLinx.DLOutput.WriteUSB(Byte TheOutput, Byte[]& Snd, Int16 BytesToWrite, Boolean GetReply) in K:\DOFLinx\LDOFLinx\DLOutput.vb:line 36
22-Nov-25 15:32:54.685 * USB write to /dev/hidraw3 with data 0,0,
22-Nov-25 15:32:54.685 - Writing USB device /dev/hidraw3 failed with System.IO.IOException: The process cannot access the file '/dev/hidraw3' because it is being used by another process.
   at Microsoft.Win32.SafeHandles.SafeFileHandle.Init(String path, FileMode mode, FileAccess access, FileShare share, FileOptions options, Int64 preallocationSize, Int64& fileLength, UnixFileMode& filePermissions)
   at Microsoft.Win32.SafeHandles.SafeFileHandle.Open(String fullPath, FileMode mode, FileAccess access, FileShare share, FileOptions options, Int64 preallocationSize, UnixFileMode openPermissions, Int64& fileLength, UnixFileMode& filePermissions, Boolean failForSymlink, Boolean& wasSymlink, Func`4 createOpenException)
   at System.IO.Strategies.OSFileStreamStrategy..ctor(String path, FileMode mode, FileAccess access, FileShare share, FileOptions options, Int64 preallocationSize, Nullable`1 unixCreateMode)
   at System.IO.File.Open(String path, FileMode mode)
   at LDOFLinx.DLOutput.WriteUSB(Byte TheOutput, Byte[]& Snd, Int16 BytesToWrite, Boolean GetReply) in K:\DOFLinx\LDOFLinx\DLOutput.vb:line 36
22-Nov-25 15:32:54.685 * USB write to /dev/hidraw3 with data 0,0,
22-Nov-25 15:32:54.685 - Writing USB device /dev/hidraw3 failed with System.IO.IOException: The process cannot access the file '/dev/hidraw3' because it is being used by another process.
   at Microsoft.Win32.SafeHandles.SafeFileHandle.Init(String path, FileMode mode, FileAccess access, FileShare share, FileOptions options, Int64 preallocationSize, Int64& fileLength, UnixFileMode& filePermissions)
   at Microsoft.Win32.SafeHandles.SafeFileHandle.Open(String fullPath, FileMode mode, FileAccess access, FileShare share, FileOptions options, Int64 preallocationSize, UnixFileMode openPermissions, Int64& fileLength, UnixFileMode& filePermissions, Boolean failForSymlink, Boolean& wasSymlink, Func`4 createOpenException)
   at System.IO.Strategies.OSFileStreamStrategy..ctor(String path, FileMode mode, FileAccess access, FileShare share, FileOptions options, Int64 preallocationSize, Nullable`1 unixCreateMode)
   at System.IO.File.Open(String path, FileMode mode)
   at LDOFLinx.DLOutput.WriteUSB(Byte TheOutput, Byte[]& Snd, Int16 BytesToWrite, Boolean GetReply) in K:\DOFLinx\LDOFLinx\DLOutput.vb:line 36
22-Nov-25 15:32:54.685 * USB write to /dev/hidraw3 with data 0,0,
22-Nov-25 15:32:54.686 - Writing USB device /dev/hidraw3 failed with System.IO.IOException: The process cannot access the file '/dev/hidraw3' because it is being used by another process.
   at Microsoft.Win32.SafeHandles.SafeFileHandle.Init(String path, FileMode mode, FileAccess access, FileShare share, FileOptions options, Int64 preallocationSize, Int64& fileLength, UnixFileMode& filePermissions)
   at Microsoft.Win32.SafeHandles.SafeFileHandle.Open(String fullPath, FileMode mode, FileAccess access, FileShare share, FileOptions options, Int64 preallocationSize, UnixFileMode openPermissions, Int64& fileLength, UnixFileMode& filePermissions, Boolean failForSymlink, Boolean& wasSymlink, Func`4 createOpenException)
   at System.IO.Strategies.OSFileStreamStrategy..ctor(String path, FileMode mode, FileAccess access, FileShare share, FileOptions options, Int64 preallocationSize, Nullable`1 unixCreateMode)
   at System.IO.File.Open(String path, FileMode mode)
   at LDOFLinx.DLOutput.WriteUSB(Byte TheOutput, Byte[]& Snd, Int16 BytesToWrite, Boolean GetReply) in K:\DOFLinx\LDOFLinx\DLOutput.vb:line 36
22-Nov-25 15:32:54.686 * USB write to /dev/hidraw3 with data 0,0,
22-Nov-25 15:32:54.687 - Writing USB device /dev/hidraw3 failed with System.IO.IOException: The process cannot access the file '/dev/hidraw3' because it is being used by another process.
   at Microsoft.Win32.SafeHandles.SafeFileHandle.Init(String path, FileMode mode, FileAccess access, FileShare share, FileOptions options, Int64 preallocationSize, Int64& fileLength, UnixFileMode& filePermissions)
   at Microsoft.Win32.SafeHandles.SafeFileHandle.Open(String fullPath, FileMode mode, FileAccess access, FileShare share, FileOptions options, Int64 preallocationSize, UnixFileMode openPermissions, Int64& fileLength, UnixFileMode& filePermissions, Boolean failForSymlink, Boolean& wasSymlink, Func`4 createOpenException)
   at System.IO.Strategies.OSFileStreamStrategy..ctor(String path, FileMode mode, FileAccess access, FileShare share, FileOptions options, Int64 preallocationSize, Nullable`1 unixCreateMode)
   at System.IO.File.Open(String path, FileMode mode)
   at LDOFLinx.DLOutput.WriteUSB(Byte TheOutput, Byte[]& Snd, Int16 BytesToWrite, Boolean GetReply) in K:\DOFLinx\LDOFLinx\DLOutput.vb:line 36
22-Nov-25 15:32:54.687 * USB write to /dev/hidraw3 with data 0,0,
22-Nov-25 15:32:54.687 - Writing USB device /dev/hidraw3 failed with System.IO.IOException: The process cannot access the file '/dev/hidraw3' because it is being used by another process.
   at Microsoft.Win32.SafeHandles.SafeFileHandle.Init(String path, FileMode mode, FileAccess access, FileShare share, FileOptions options, Int64 preallocationSize, Int64& fileLength, UnixFileMode& filePermissions)
   at Microsoft.Win32.SafeHandles.SafeFileHandle.Open(String fullPath, FileMode mode, FileAccess access, FileShare share, FileOptions options, Int64 preallocationSize, UnixFileMode openPermissions, Int64& fileLength, UnixFileMode& filePermissions, Boolean failForSymlink, Boolean& wasSymlink, Func`4 createOpenException)
   at System.IO.Strategies.OSFileStreamStrategy..ctor(String path, FileMode mode, FileAccess access, FileShare share, FileOptions options, Int64 preallocationSize, Nullable`1 unixCreateMode)
   at System.IO.File.Open(String path, FileMode mode)
   at LDOFLinx.DLOutput.WriteUSB(Byte TheOutput, Byte[]& Snd, Int16 BytesToWrite, Boolean GetReply) in K:\DOFLinx\LDOFLinx\DLOutput.vb:line 36
22-Nov-25 15:32:54.687 * USB write to /dev/hidraw3 with data 0,0,
22-Nov-25 15:32:54.687 - Writing USB device /dev/hidraw3 failed with System.IO.IOException: The process cannot access the file '/dev/hidraw3' because it is being used by another process.
   at Microsoft.Win32.SafeHandles.SafeFileHandle.Init(String path, FileMode mode, FileAccess access, FileShare share, FileOptions options, Int64 preallocationSize, Int64& fileLength, UnixFileMode& filePermissions)
   at Microsoft.Win32.SafeHandles.SafeFileHandle.Open(String fullPath, FileMode mode, FileAccess access, FileShare share, FileOptions options, Int64 preallocationSize, UnixFileMode openPermissions, Int64& fileLength, UnixFileMode& filePermissions, Boolean failForSymlink, Boolean& wasSymlink, Func`4 createOpenException)
   at System.IO.Strategies.OSFileStreamStrategy..ctor(String path, FileMode mode, FileAccess access, FileShare share, FileOptions options, Int64 preallocationSize, Nullable`1 unixCreateMode)
   at System.IO.File.Open(String path, FileMode mode)
   at LDOFLinx.DLOutput.WriteUSB(Byte TheOutput, Byte[]& Snd, Int16 BytesToWrite, Boolean GetReply) in K:\DOFLinx\LDOFLinx\DLOutput.vb:line 36
22-Nov-25 15:32:54.687 * USB write to /dev/hidraw3 with data 0,0,
22-Nov-25 15:32:54.687 - Writing USB device /dev/hidraw3 failed with System.IO.IOException: The process cannot access the file '/dev/hidraw3' because it is being used by another process.
   at Microsoft.Win32.SafeHandles.SafeFileHandle.Init(String path, FileMode mode, FileAccess access, FileShare share, FileOptions options, Int64 preallocationSize, Int64& fileLength, UnixFileMode& filePermissions)
   at Microsoft.Win32.SafeHandles.SafeFileHandle.Open(String fullPath, FileMode mode, FileAccess access, FileShare share, FileOptions options, Int64 preallocationSize, UnixFileMode openPermissions, Int64& fileLength, UnixFileMode& filePermissions, Boolean failForSymlink, Boolean& wasSymlink, Func`4 createOpenException)
   at System.IO.Strategies.OSFileStreamStrategy..ctor(String path, FileMode mode, FileAccess access, FileShare share, FileOptions options, Int64 preallocationSize, Nullable`1 unixCreateMode)
   at System.IO.File.Open(String path, FileMode mode)
   at LDOFLinx.DLOutput.WriteUSB(Byte TheOutput, Byte[]& Snd, Int16 BytesToWrite, Boolean GetReply) in K:\DOFLinx\LDOFLinx\DLOutput.vb:line 36
22-Nov-25 15:32:54.688 * USB write to /dev/hidraw3 with data 0,0,
22-Nov-25 15:32:54.688 - Writing USB device /dev/hidraw3 failed with System.IO.IOException: The process cannot access the file '/dev/hidraw3' because it is being used by another process.
   at Microsoft.Win32.SafeHandles.SafeFileHandle.Init(String path, FileMode mode, FileAccess access, FileShare share, FileOptions options, Int64 preallocationSize, Int64& fileLength, UnixFileMode& filePermissions)
   at Microsoft.Win32.SafeHandles.SafeFileHandle.Open(String fullPath, FileMode mode, FileAccess access, FileShare share, FileOptions options, Int64 preallocationSize, UnixFileMode openPermissions, Int64& fileLength, UnixFileMode& filePermissions, Boolean failForSymlink, Boolean& wasSymlink, Func`4 createOpenException)
   at System.IO.Strategies.OSFileStreamStrategy..ctor(String path, FileMode mode, FileAccess access, FileShare share, FileOptions options, Int64 preallocationSize, Nullable`1 unixCreateMode)
   at System.IO.File.Open(String path, FileMode mode)
   at LDOFLinx.DLOutput.WriteUSB(Byte TheOutput, Byte[]& Snd, Int16 BytesToWrite, Boolean GetReply) in K:\DOFLinx\LDOFLinx\DLOutput.vb:line 36
22-Nov-25 15:32:54.688 * USB write to /dev/hidraw3 with data 0,0,
22-Nov-25 15:32:54.688 - Writing USB device /dev/hidraw3 failed with System.IO.IOException: The process cannot access the file '/dev/hidraw3' because it is being used by another process.
   at Microsoft.Win32.SafeHandles.SafeFileHandle.Init(String path, FileMode mode, FileAccess access, FileShare share, FileOptions options, Int64 preallocationSize, Int64& fileLength, UnixFileMode& filePermissions)
   at Microsoft.Win32.SafeHandles.SafeFileHandle.Open(String fullPath, FileMode mode, FileAccess access, FileShare share, FileOptions options, Int64 preallocationSize, UnixFileMode openPermissions, Int64& fileLength, UnixFileMode& filePermissions, Boolean failForSymlink, Boolean& wasSymlink, Func`4 createOpenException)
   at System.IO.Strategies.OSFileStreamStrategy..ctor(String path, FileMode mode, FileAccess access, FileShare share, FileOptions options, Int64 preallocationSize, Nullable`1 unixCreateMode)
   at System.IO.File.Open(String path, FileMode mode)
   at LDOFLinx.DLOutput.WriteUSB(Byte TheOutput, Byte[]& Snd, Int16 BytesToWrite, Boolean GetReply) in K:\DOFLinx\LDOFLinx\DLOutput.vb:line 36
22-Nov-25 15:32:54.688 * USB write to /dev/hidraw3 with data 0,0,
22-Nov-25 15:32:54.688 - Writing USB device /dev/hidraw3 failed with System.IO.IOException: The process cannot access the file '/dev/hidraw3' because it is being used by another process.
   at Microsoft.Win32.SafeHandles.SafeFileHandle.Init(String path, FileMode mode, FileAccess access, FileShare share, FileOptions options, Int64 preallocationSize, Int64& fileLength, UnixFileMode& filePermissions)
   at Microsoft.Win32.SafeHandles.SafeFileHandle.Open(String fullPath, FileMode mode, FileAccess access, FileShare share, FileOptions options, Int64 preallocationSize, UnixFileMode openPermissions, Int64& fileLength, UnixFileMode& filePermissions, Boolean failForSymlink, Boolean& wasSymlink, Func`4 createOpenException)
   at System.IO.Strategies.OSFileStreamStrategy..ctor(String path, FileMode mode, FileAccess access, FileShare share, FileOptions options, Int64 preallocationSize, Nullable`1 unixCreateMode)
   at System.IO.File.Open(String path, FileMode mode)
   at LDOFLinx.DLOutput.WriteUSB(Byte TheOutput, Byte[]& Snd, Int16 BytesToWrite, Boolean GetReply) in K:\DOFLinx\LDOFLinx\DLOutput.vb:line 36
22-Nov-25 15:32:54.689 * USB write to /dev/hidraw3 with data 0,0,
22-Nov-25 15:32:54.689 - Writing USB device /dev/hidraw3 failed with System.IO.IOException: The process cannot access the file '/dev/hidraw3' because it is being used by another process.
   at Microsoft.Win32.SafeHandles.SafeFileHandle.Init(String path, FileMode mode, FileAccess access, FileShare share, FileOptions options, Int64 preallocationSize, Int64& fileLength, UnixFileMode& filePermissions)
   at Microsoft.Win32.SafeHandles.SafeFileHandle.Open(String fullPath, FileMode mode, FileAccess access, FileShare share, FileOptions options, Int64 preallocationSize, UnixFileMode openPermissions, Int64& fileLength, UnixFileMode& filePermissions, Boolean failForSymlink, Boolean& wasSymlink, Func`4 createOpenException)
   at System.IO.Strategies.OSFileStreamStrategy..ctor(String path, FileMode mode, FileAccess access, FileShare share, FileOptions options, Int64 preallocationSize, Nullable`1 unixCreateMode)
   at System.IO.File.Open(String path, FileMode mode)
   at LDOFLinx.DLOutput.WriteUSB(Byte TheOutput, Byte[]& Snd, Int16 BytesToWrite, Boolean GetReply) in K:\DOFLinx\LDOFLinx\DLOutput.vb:line 36
22-Nov-25 15:32:54.689 * USB write to /dev/hidraw3 with data 0,0,
22-Nov-25 15:32:54.689 - Writing USB device /dev/hidraw3 failed with System.IO.IOException: The process cannot access the file '/dev/hidraw3' because it is being used by another process.
   at Microsoft.Win32.SafeHandles.SafeFileHandle.Init(String path, FileMode mode, FileAccess access, FileShare share, FileOptions options, Int64 preallocationSize, Int64& fileLength, UnixFileMode& filePermissions)
   at Microsoft.Win32.SafeHandles.SafeFileHandle.Open(String fullPath, FileMode mode, FileAccess access, FileShare share, FileOptions options, Int64 preallocationSize, UnixFileMode openPermissions, Int64& fileLength, UnixFileMode& filePermissions, Boolean failForSymlink, Boolean& wasSymlink, Func`4 createOpenException)
   at System.IO.Strategies.OSFileStreamStrategy..ctor(String path, FileMode mode, FileAccess access, FileShare share, FileOptions options, Int64 preallocationSize, Nullable`1 unixCreateMode)
   at System.IO.File.Open(String path, FileMode mode)
   at LDOFLinx.DLOutput.WriteUSB(Byte TheOutput, Byte[]& Snd, Int16 BytesToWrite, Boolean GetReply) in K:\DOFLinx\LDOFLinx\DLOutput.vb:line 36
22-Nov-25 15:32:54.689 * USB write to /dev/hidraw3 with data 0,0,
22-Nov-25 15:32:54.689 - Writing USB device /dev/hidraw3 failed with System.IO.IOException: The process cannot access the file '/dev/hidraw3' because it is being used by another process.
   at Microsoft.Win32.SafeHandles.SafeFileHandle.Init(String path, FileMode mode, FileAccess access, FileShare share, FileOptions options, Int64 preallocationSize, Int64& fileLength, UnixFileMode& filePermissions)
   at Microsoft.Win32.SafeHandles.SafeFileHandle.Open(String fullPath, FileMode mode, FileAccess access, FileShare share, FileOptions options, Int64 preallocationSize, UnixFileMode openPermissions, Int64& fileLength, UnixFileMode& filePermissions, Boolean failForSymlink, Boolean& wasSymlink, Func`4 createOpenException)
   at System.IO.Strategies.OSFileStreamStrategy..ctor(String path, FileMode mode, FileAccess access, FileShare share, FileOptions options, Int64 preallocationSize, Nullable`1 unixCreateMode)
   at System.IO.File.Open(String path, FileMode mode)
   at LDOFLinx.DLOutput.WriteUSB(Byte TheOutput, Byte[]& Snd, Int16 BytesToWrite, Boolean GetReply) in K:\DOFLinx\LDOFLinx\DLOutput.vb:line 36
22-Nov-25 15:32:54.690 * USB write to /dev/hidraw3 with data 0,0,
22-Nov-25 15:32:54.690 - Writing USB device /dev/hidraw3 failed with System.IO.IOException: The process cannot access the file '/dev/hidraw3' because it is being used by another process.
   at Microsoft.Win32.SafeHandles.SafeFileHandle.Init(String path, FileMode mode, FileAccess access, FileShare share, FileOptions options, Int64 preallocationSize, Int64& fileLength, UnixFileMode& filePermissions)
   at Microsoft.Win32.SafeHandles.SafeFileHandle.Open(String fullPath, FileMode mode, FileAccess access, FileShare share, FileOptions options, Int64 preallocationSize, UnixFileMode openPermissions, Int64& fileLength, UnixFileMode& filePermissions, Boolean failForSymlink, Boolean& wasSymlink, Func`4 createOpenException)
   at System.IO.Strategies.OSFileStreamStrategy..ctor(String path, FileMode mode, FileAccess access, FileShare share, FileOptions options, Int64 preallocationSize, Nullable`1 unixCreateMode)
   at System.IO.File.Open(String path, FileMode mode)
   at LDOFLinx.DLOutput.WriteUSB(Byte TheOutput, Byte[]& Snd, Int16 BytesToWrite, Boolean GetReply) in K:\DOFLinx\LDOFLinx\DLOutput.vb:line 36
22-Nov-25 15:32:54.690 * USB write to /dev/hidraw3 with data 0,0,
22-Nov-25 15:32:54.690 - Writing USB device /dev/hidraw3 failed with System.IO.IOException: The process cannot access the file '/dev/hidraw3' because it is being used by another process.
   at Microsoft.Win32.SafeHandles.SafeFileHandle.Init(String path, FileMode mode, FileAccess access, FileShare share, FileOptions options, Int64 preallocationSize, Int64& fileLength, UnixFileMode& filePermissions)
   at Microsoft.Win32.SafeHandles.SafeFileHandle.Open(String fullPath, FileMode mode, FileAccess access, FileShare share, FileOptions options, Int64 preallocationSize, UnixFileMode openPermissions, Int64& fileLength, UnixFileMode& filePermissions, Boolean failForSymlink, Boolean& wasSymlink, Func`4 createOpenException)
   at System.IO.Strategies.OSFileStreamStrategy..ctor(String path, FileMode mode, FileAccess access, FileShare share, FileOptions options, Int64 preallocationSize, Nullable`1 unixCreateMode)
   at System.IO.File.Open(String path, FileMode mode)
   at LDOFLinx.DLOutput.WriteUSB(Byte TheOutput, Byte[]& Snd, Int16 BytesToWrite, Boolean GetReply) in K:\DOFLinx\LDOFLinx\DLOutput.vb:line 36
22-Nov-25 15:32:54.690 * USB write to /dev/hidraw3 with data 0,0,
22-Nov-25 15:32:54.690 - Writing USB device /dev/hidraw3 failed with System.IO.IOException: The process cannot access the file '/dev/hidraw3' because it is being used by another process.
   at Microsoft.Win32.SafeHandles.SafeFileHandle.Init(String path, FileMode mode, FileAccess access, FileShare share, FileOptions options, Int64 preallocationSize, Int64& fileLength, UnixFileMode& filePermissions)
   at Microsoft.Win32.SafeHandles.SafeFileHandle.Open(String fullPath, FileMode mode, FileAccess access, FileShare share, FileOptions options, Int64 preallocationSize, UnixFileMode openPermissions, Int64& fileLength, UnixFileMode& filePermissions, Boolean failForSymlink, Boolean& wasSymlink, Func`4 createOpenException)
   at System.IO.Strategies.OSFileStreamStrategy..ctor(String path, FileMode mode, FileAccess access, FileShare share, FileOptions options, Int64 preallocationSize, Nullable`1 unixCreateMode)
   at System.IO.File.Open(String path, FileMode mode)
   at LDOFLinx.DLOutput.WriteUSB(Byte TheOutput, Byte[]& Snd, Int16 BytesToWrite, Boolean GetReply) in K:\DOFLinx\LDOFLinx\DLOutput.vb:line 36
22-Nov-25 15:32:55.691 - Turning OFF device/port 1001
22-Nov-25 15:32:55.691 * USB write to /dev/hidraw3 with data 254,0,
22-Nov-25 15:32:55.691 - Writing USB device /dev/hidraw3 failed with System.IO.IOException: The process cannot access the file '/dev/hidraw3' because it is being used by another process.
   at Microsoft.Win32.SafeHandles.SafeFileHandle.Init(String path, FileMode mode, FileAccess access, FileShare share, FileOptions options, Int64 preallocationSize, Int64& fileLength, UnixFileMode& filePermissions)
   at Microsoft.Win32.SafeHandles.SafeFileHandle.Open(String fullPath, FileMode mode, FileAccess access, FileShare share, FileOptions options, Int64 preallocationSize, UnixFileMode openPermissions, Int64& fileLength, UnixFileMode& filePermissions, Boolean failForSymlink, Boolean& wasSymlink, Func`4 createOpenException)
   at System.IO.Strategies.OSFileStreamStrategy..ctor(String path, FileMode mode, FileAccess access, FileShare share, FileOptions options, Int64 preallocationSize, Nullable`1 unixCreateMode)
   at System.IO.File.Open(String path, FileMode mode)
   at LDOFLinx.DLOutput.WriteUSB(Byte TheOutput, Byte[]& Snd, Int16 BytesToWrite, Boolean GetReply) in K:\DOFLinx\LDOFLinx\DLOutput.vb:line 36
22-Nov-25 15:32:55.691 * USB write to /dev/hidraw3 with data 0,0,
22-Nov-25 15:32:55.692 - Writing USB device /dev/hidraw3 failed with System.IO.IOException: The process cannot access the file '/dev/hidraw3' because it is being used by another process.
   at Microsoft.Win32.SafeHandles.SafeFileHandle.Init(String path, FileMode mode, FileAccess access, FileShare share, FileOptions options, Int64 preallocationSize, Int64& fileLength, UnixFileMode& filePermissions)
   at Microsoft.Win32.SafeHandles.SafeFileHandle.Open(String fullPath, FileMode mode, FileAccess access, FileShare share, FileOptions options, Int64 preallocationSize, UnixFileMode openPermissions, Int64& fileLength, UnixFileMode& filePermissions, Boolean failForSymlink, Boolean& wasSymlink, Func`4 createOpenException)
   at System.IO.Strategies.OSFileStreamStrategy..ctor(String path, FileMode mode, FileAccess access, FileShare share, FileOptions options, Int64 preallocationSize, Nullable`1 unixCreateMode)
   at System.IO.File.Open(String path, FileMode mode)
   at LDOFLinx.DLOutput.WriteUSB(Byte TheOutput, Byte[]& Snd, Int16 BytesToWrite, Boolean GetReply) in K:\DOFLinx\LDOFLinx\DLOutput.vb:line 36
22-Nov-25 15:32:55.692 * USB write to /dev/hidraw3 with data 0,0,
22-Nov-25 15:32:55.692 - Writing USB device /dev/hidraw3 failed with System.IO.IOException: The process cannot access the file '/dev/hidraw3' because it is being used by another process.
   at Microsoft.Win32.SafeHandles.SafeFileHandle.Init(String path, FileMode mode, FileAccess access, FileShare share, FileOptions options, Int64 preallocationSize, Int64& fileLength, UnixFileMode& filePermissions)
   at Microsoft.Win32.SafeHandles.SafeFileHandle.Open(String fullPath, FileMode mode, FileAccess access, FileShare share, FileOptions options, Int64 preallocationSize, UnixFileMode openPermissions, Int64& fileLength, UnixFileMode& filePermissions, Boolean failForSymlink, Boolean& wasSymlink, Func`4 createOpenException)
   at System.IO.Strategies.OSFileStreamStrategy..ctor(String path, FileMode mode, FileAccess access, FileShare share, FileOptions options, Int64 preallocationSize, Nullable`1 unixCreateMode)
   at System.IO.File.Open(String path, FileMode mode)
   at LDOFLinx.DLOutput.WriteUSB(Byte TheOutput, Byte[]& Snd, Int16 BytesToWrite, Boolean GetReply) in K:\DOFLinx\LDOFLinx\DLOutput.vb:line 36
22-Nov-25 15:32:55.692 * USB write to /dev/hidraw3 with data 0,0,
22-Nov-25 15:32:55.692 - Writing USB device /dev/hidraw3 failed with System.IO.IOException: The process cannot access the file '/dev/hidraw3' because it is being used by another process.
   at Microsoft.Win32.SafeHandles.SafeFileHandle.Init(String path, FileMode mode, FileAccess access, FileShare share, FileOptions options, Int64 preallocationSize, Int64& fileLength, UnixFileMode& filePermissions)
   at Microsoft.Win32.SafeHandles.SafeFileHandle.Open(String fullPath, FileMode mode, FileAccess access, FileShare share, FileOptions options, Int64 preallocationSize, UnixFileMode openPermissions, Int64& fileLength, UnixFileMode& filePermissions, Boolean failForSymlink, Boolean& wasSymlink, Func`4 createOpenException)
   at System.IO.Strategies.OSFileStreamStrategy..ctor(String path, FileMode mode, FileAccess access, FileShare share, FileOptions options, Int64 preallocationSize, Nullable`1 unixCreateMode)
   at System.IO.File.Open(String path, FileMode mode)
   at LDOFLinx.DLOutput.WriteUSB(Byte TheOutput, Byte[]& Snd, Int16 BytesToWrite, Boolean GetReply) in K:\DOFLinx\LDOFLinx\DLOutput.vb:line 36
22-Nov-25 15:32:55.693 * USB write to /dev/hidraw3 with data 0,0,
22-Nov-25 15:32:55.693 - Writing USB device /dev/hidraw3 failed with System.IO.IOException: The process cannot access the file '/dev/hidraw3' because it is being used by another process.
   at Microsoft.Win32.SafeHandles.SafeFileHandle.Init(String path, FileMode mode, FileAccess access, FileShare share, FileOptions options, Int64 preallocationSize, Int64& fileLength, UnixFileMode& filePermissions)
   at Microsoft.Win32.SafeHandles.SafeFileHandle.Open(String fullPath, FileMode mode, FileAccess access, FileShare share, FileOptions options, Int64 preallocationSize, UnixFileMode openPermissions, Int64& fileLength, UnixFileMode& filePermissions, Boolean failForSymlink, Boolean& wasSymlink, Func`4 createOpenException)
   at System.IO.Strategies.OSFileStreamStrategy..ctor(String path, FileMode mode, FileAccess access, FileShare share, FileOptions options, Int64 preallocationSize, Nullable`1 unixCreateMode)
   at System.IO.File.Open(String path, FileMode mode)
   at LDOFLinx.DLOutput.WriteUSB(Byte TheOutput, Byte[]& Snd, Int16 BytesToWrite, Boolean GetReply) in K:\DOFLinx\LDOFLinx\DLOutput.vb:line 36
22-Nov-25 15:32:55.694 * USB write to /dev/hidraw3 with data 0,0,
22-Nov-25 15:32:55.694 - Writing USB device /dev/hidraw3 failed with System.IO.IOException: The process cannot access the file '/dev/hidraw3' because it is being used by another process.
   at Microsoft.Win32.SafeHandles.SafeFileHandle.Init(String path, FileMode mode, FileAccess access, FileShare share, FileOptions options, Int64 preallocationSize, Int64& fileLength, UnixFileMode& filePermissions)
   at Microsoft.Win32.SafeHandles.SafeFileHandle.Open(String fullPath, FileMode mode, FileAccess access, FileShare share, FileOptions options, Int64 preallocationSize, UnixFileMode openPermissions, Int64& fileLength, UnixFileMode& filePermissions, Boolean failForSymlink, Boolean& wasSymlink, Func`4 createOpenException)
   at System.IO.Strategies.OSFileStreamStrategy..ctor(String path, FileMode mode, FileAccess access, FileShare share, FileOptions options, Int64 preallocationSize, Nullable`1 unixCreateMode)
   at System.IO.File.Open(String path, FileMode mode)
   at LDOFLinx.DLOutput.WriteUSB(Byte TheOutput, Byte[]& Snd, Int16 BytesToWrite, Boolean GetReply) in K:\DOFLinx\LDOFLinx\DLOutput.vb:line 36
22-Nov-25 15:32:55.694 * USB write to /dev/hidraw3 with data 0,0,
22-Nov-25 15:32:55.694 - Writing USB device /dev/hidraw3 failed with System.IO.IOException: The process cannot access the file '/dev/hidraw3' because it is being used by another process.
   at Microsoft.Win32.SafeHandles.SafeFileHandle.Init(String path, FileMode mode, FileAccess access, FileShare share, FileOptions options, Int64 preallocationSize, Int64& fileLength, UnixFileMode& filePermissions)
   at Microsoft.Win32.SafeHandles.SafeFileHandle.Open(String fullPath, FileMode mode, FileAccess access, FileShare share, FileOptions options, Int64 preallocationSize, UnixFileMode openPermissions, Int64& fileLength, UnixFileMode& filePermissions, Boolean failForSymlink, Boolean& wasSymlink, Func`4 createOpenException)
   at System.IO.Strategies.OSFileStreamStrategy..ctor(String path, FileMode mode, FileAccess access, FileShare share, FileOptions options, Int64 preallocationSize, Nullable`1 unixCreateMode)
   at System.IO.File.Open(String path, FileMode mode)
   at LDOFLinx.DLOutput.WriteUSB(Byte TheOutput, Byte[]& Snd, Int16 BytesToWrite, Boolean GetReply) in K:\DOFLinx\LDOFLinx\DLOutput.vb:line 36
22-Nov-25 15:32:55.694 * USB write to /dev/hidraw3 with data 0,0,
22-Nov-25 15:32:55.694 - Writing USB device /dev/hidraw3 failed with System.IO.IOException: The process cannot access the file '/dev/hidraw3' because it is being used by another process.
   at Microsoft.Win32.SafeHandles.SafeFileHandle.Init(String path, FileMode mode, FileAccess access, FileShare share, FileOptions options, Int64 preallocationSize, Int64& fileLength, UnixFileMode& filePermissions)
   at Microsoft.Win32.SafeHandles.SafeFileHandle.Open(String fullPath, FileMode mode, FileAccess access, FileShare share, FileOptions options, Int64 preallocationSize, UnixFileMode openPermissions, Int64& fileLength, UnixFileMode& filePermissions, Boolean failForSymlink, Boolean& wasSymlink, Func`4 createOpenException)
   at System.IO.Strategies.OSFileStreamStrategy..ctor(String path, FileMode mode, FileAccess access, FileShare share, FileOptions options, Int64 preallocationSize, Nullable`1 unixCreateMode)
   at System.IO.File.Open(String path, FileMode mode)
   at LDOFLinx.DLOutput.WriteUSB(Byte TheOutput, Byte[]& Snd, Int16 BytesToWrite, Boolean GetReply) in K:\DOFLinx\LDOFLinx\DLOutput.vb:line 36
22-Nov-25 15:32:55.695 * USB write to /dev/hidraw3 with data 0,0,
22-Nov-25 15:32:55.695 - Writing USB device /dev/hidraw3 failed with System.IO.IOException: The process cannot access the file '/dev/hidraw3' because it is being used by another process.
   at Microsoft.Win32.SafeHandles.SafeFileHandle.Init(String path, FileMode mode, FileAccess access, FileShare share, FileOptions options, Int64 preallocationSize, Int64& fileLength, UnixFileMode& filePermissions)
   at Microsoft.Win32.SafeHandles.SafeFileHandle.Open(String fullPath, FileMode mode, FileAccess access, FileShare share, FileOptions options, Int64 preallocationSize, UnixFileMode openPermissions, Int64& fileLength, UnixFileMode& filePermissions, Boolean failForSymlink, Boolean& wasSymlink, Func`4 createOpenException)
   at System.IO.Strategies.OSFileStreamStrategy..ctor(String path, FileMode mode, FileAccess access, FileShare share, FileOptions options, Int64 preallocationSize, Nullable`1 unixCreateMode)
   at System.IO.File.Open(String path, FileMode mode)
   at LDOFLinx.DLOutput.WriteUSB(Byte TheOutput, Byte[]& Snd, Int16 BytesToWrite, Boolean GetReply) in K:\DOFLinx\LDOFLinx\DLOutput.vb:line 36
22-Nov-25 15:32:55.695 * USB write to /dev/hidraw3 with data 0,0,
22-Nov-25 15:32:55.695 - Writing USB device /dev/hidraw3 failed with System.IO.IOException: The process cannot access the file '/dev/hidraw3' because it is being used by another process.
   at Microsoft.Win32.SafeHandles.SafeFileHandle.Init(String path, FileMode mode, FileAccess access, FileShare share, FileOptions options, Int64 preallocationSize, Int64& fileLength, UnixFileMode& filePermissions)
   at Microsoft.Win32.SafeHandles.SafeFileHandle.Open(String fullPath, FileMode mode, FileAccess access, FileShare share, FileOptions options, Int64 preallocationSize, UnixFileMode openPermissions, Int64& fileLength, UnixFileMode& filePermissions, Boolean failForSymlink, Boolean& wasSymlink, Func`4 createOpenException)
   at System.IO.Strategies.OSFileStreamStrategy..ctor(String path, FileMode mode, FileAccess access, FileShare share, FileOptions options, Int64 preallocationSize, Nullable`1 unixCreateMode)
   at System.IO.File.Open(String path, FileMode mode)
   at LDOFLinx.DLOutput.WriteUSB(Byte TheOutput, Byte[]& Snd, Int16 BytesToWrite, Boolean GetReply) in K:\DOFLinx\LDOFLinx\DLOutput.vb:line 36
22-Nov-25 15:32:55.695 * USB write to /dev/hidraw3 with data 0,0,
22-Nov-25 15:32:55.695 - Writing USB device /dev/hidraw3 failed with System.IO.IOException: The process cannot access the file '/dev/hidraw3' because it is being used by another process.
   at Microsoft.Win32.SafeHandles.SafeFileHandle.Init(String path, FileMode mode, FileAccess access, FileShare share, FileOptions options, Int64 preallocationSize, Int64& fileLength, UnixFileMode& filePermissions)
   at Microsoft.Win32.SafeHandles.SafeFileHandle.Open(String fullPath, FileMode mode, FileAccess access, FileShare share, FileOptions options, Int64 preallocationSize, UnixFileMode openPermissions, Int64& fileLength, UnixFileMode& filePermissions, Boolean failForSymlink, Boolean& wasSymlink, Func`4 createOpenException)
   at System.IO.Strategies.OSFileStreamStrategy..ctor(String path, FileMode mode, FileAccess access, FileShare share, FileOptions options, Int64 preallocationSize, Nullable`1 unixCreateMode)
   at System.IO.File.Open(String path, FileMode mode)
   at LDOFLinx.DLOutput.WriteUSB(Byte TheOutput, Byte[]& Snd, Int16 BytesToWrite, Boolean GetReply) in K:\DOFLinx\LDOFLinx\DLOutput.vb:line 36
22-Nov-25 15:32:55.695 * USB write to /dev/hidraw3 with data 0,0,
22-Nov-25 15:32:55.695 - Writing USB device /dev/hidraw3 failed with System.IO.IOException: The process cannot access the file '/dev/hidraw3' because it is being used by another process.
   at Microsoft.Win32.SafeHandles.SafeFileHandle.Init(String path, FileMode mode, FileAccess access, FileShare share, FileOptions options, Int64 preallocationSize, Int64& fileLength, UnixFileMode& filePermissions)
   at Microsoft.Win32.SafeHandles.SafeFileHandle.Open(String fullPath, FileMode mode, FileAccess access, FileShare share, FileOptions options, Int64 preallocationSize, UnixFileMode openPermissions, Int64& fileLength, UnixFileMode& filePermissions, Boolean failForSymlink, Boolean& wasSymlink, Func`4 createOpenException)
   at System.IO.Strategies.OSFileStreamStrategy..ctor(String path, FileMode mode, FileAccess access, FileShare share, FileOptions options, Int64 preallocationSize, Nullable`1 unixCreateMode)
   at System.IO.File.Open(String path, FileMode mode)
   at LDOFLinx.DLOutput.WriteUSB(Byte TheOutput, Byte[]& Snd, Int16 BytesToWrite, Boolean GetReply) in K:\DOFLinx\LDOFLinx\DLOutput.vb:line 36
22-Nov-25 15:32:55.696 * USB write to /dev/hidraw3 with data 0,0,
22-Nov-25 15:32:55.696 - Writing USB device /dev/hidraw3 failed with System.IO.IOException: The process cannot access the file '/dev/hidraw3' because it is being used by another process.
   at Microsoft.Win32.SafeHandles.SafeFileHandle.Init(String path, FileMode mode, FileAccess access, FileShare share, FileOptions options, Int64 preallocationSize, Int64& fileLength, UnixFileMode& filePermissions)
   at Microsoft.Win32.SafeHandles.SafeFileHandle.Open(String fullPath, FileMode mode, FileAccess access, FileShare share, FileOptions options, Int64 preallocationSize, UnixFileMode openPermissions, Int64& fileLength, UnixFileMode& filePermissions, Boolean failForSymlink, Boolean& wasSymlink, Func`4 createOpenException)
   at System.IO.Strategies.OSFileStreamStrategy..ctor(String path, FileMode mode, FileAccess access, FileShare share, FileOptions options, Int64 preallocationSize, Nullable`1 unixCreateMode)
   at System.IO.File.Open(String path, FileMode mode)
   at LDOFLinx.DLOutput.WriteUSB(Byte TheOutput, Byte[]& Snd, Int16 BytesToWrite, Boolean GetReply) in K:\DOFLinx\LDOFLinx\DLOutput.vb:line 36
22-Nov-25 15:32:55.696 * USB write to /dev/hidraw3 with data 0,0,
22-Nov-25 15:32:55.696 - Writing USB device /dev/hidraw3 failed with System.IO.IOException: The process cannot access the file '/dev/hidraw3' because it is being used by another process.
   at Microsoft.Win32.SafeHandles.SafeFileHandle.Init(String path, FileMode mode, FileAccess access, FileShare share, FileOptions options, Int64 preallocationSize, Int64& fileLength, UnixFileMode& filePermissions)
   at Microsoft.Win32.SafeHandles.SafeFileHandle.Open(String fullPath, FileMode mode, FileAccess access, FileShare share, FileOptions options, Int64 preallocationSize, UnixFileMode openPermissions, Int64& fileLength, UnixFileMode& filePermissions, Boolean failForSymlink, Boolean& wasSymlink, Func`4 createOpenException)
   at System.IO.Strategies.OSFileStreamStrategy..ctor(String path, FileMode mode, FileAccess access, FileShare share, FileOptions options, Int64 preallocationSize, Nullable`1 unixCreateMode)
   at System.IO.File.Open(String path, FileMode mode)
   at LDOFLinx.DLOutput.WriteUSB(Byte TheOutput, Byte[]& Snd, Int16 BytesToWrite, Boolean GetReply) in K:\DOFLinx\LDOFLinx\DLOutput.vb:line 36
22-Nov-25 15:32:55.696 * USB write to /dev/hidraw3 with data 0,0,
22-Nov-25 15:32:55.696 - Writing USB device /dev/hidraw3 failed with System.IO.IOException: The process cannot access the file '/dev/hidraw3' because it is being used by another process.
   at Microsoft.Win32.SafeHandles.SafeFileHandle.Init(String path, FileMode mode, FileAccess access, FileShare share, FileOptions options, Int64 preallocationSize, Int64& fileLength, UnixFileMode& filePermissions)
   at Microsoft.Win32.SafeHandles.SafeFileHandle.Open(String fullPath, FileMode mode, FileAccess access, FileShare share, FileOptions options, Int64 preallocationSize, UnixFileMode openPermissions, Int64& fileLength, UnixFileMode& filePermissions, Boolean failForSymlink, Boolean& wasSymlink, Func`4 createOpenException)
   at System.IO.Strategies.OSFileStreamStrategy..ctor(String path, FileMode mode, FileAccess access, FileShare share, FileOptions options, Int64 preallocationSize, Nullable`1 unixCreateMode)
   at System.IO.File.Open(String path, FileMode mode)
   at LDOFLinx.DLOutput.WriteUSB(Byte TheOutput, Byte[]& Snd, Int16 BytesToWrite, Boolean GetReply) in K:\DOFLinx\LDOFLinx\DLOutput.vb:line 36
22-Nov-25 15:32:55.696 * USB write to /dev/hidraw3 with data 0,0,
22-Nov-25 15:32:55.697 - Writing USB device /dev/hidraw3 failed with System.IO.IOException: The process cannot access the file '/dev/hidraw3' because it is being used by another process.
   at Microsoft.Win32.SafeHandles.SafeFileHandle.Init(String path, FileMode mode, FileAccess access, FileShare share, FileOptions options, Int64 preallocationSize, Int64& fileLength, UnixFileMode& filePermissions)
   at Microsoft.Win32.SafeHandles.SafeFileHandle.Open(String fullPath, FileMode mode, FileAccess access, FileShare share, FileOptions options, Int64 preallocationSize, UnixFileMode openPermissions, Int64& fileLength, UnixFileMode& filePermissions, Boolean failForSymlink, Boolean& wasSymlink, Func`4 createOpenException)
   at System.IO.Strategies.OSFileStreamStrategy..ctor(String path, FileMode mode, FileAccess access, FileShare share, FileOptions options, Int64 preallocationSize, Nullable`1 unixCreateMode)
   at System.IO.File.Open(String path, FileMode mode)
   at LDOFLinx.DLOutput.WriteUSB(Byte TheOutput, Byte[]& Snd, Int16 BytesToWrite, Boolean GetReply) in K:\DOFLinx\LDOFLinx\DLOutput.vb:line 36
22-Nov-25 15:32:55.697 * USB write to /dev/hidraw3 with data 0,0,
22-Nov-25 15:32:55.697 - Writing USB device /dev/hidraw3 failed with System.IO.IOException: The process cannot access the file '/dev/hidraw3' because it is being used by another process.
   at Microsoft.Win32.SafeHandles.SafeFileHandle.Init(String path, FileMode mode, FileAccess access, FileShare share, FileOptions options, Int64 preallocationSize, Int64& fileLength, UnixFileMode& filePermissions)
   at Microsoft.Win32.SafeHandles.SafeFileHandle.Open(String fullPath, FileMode mode, FileAccess access, FileShare share, FileOptions options, Int64 preallocationSize, UnixFileMode openPermissions, Int64& fileLength, UnixFileMode& filePermissions, Boolean failForSymlink, Boolean& wasSymlink, Func`4 createOpenException)
   at System.IO.Strategies.OSFileStreamStrategy..ctor(String path, FileMode mode, FileAccess access, FileShare share, FileOptions options, Int64 preallocationSize, Nullable`1 unixCreateMode)
   at System.IO.File.Open(String path, FileMode mode)
   at LDOFLinx.DLOutput.WriteUSB(Byte TheOutput, Byte[]& Snd, Int16 BytesToWrite, Boolean GetReply) in K:\DOFLinx\LDOFLinx\DLOutput.vb:line 36
22-Nov-25 15:32:55.697 * USB write to /dev/hidraw3 with data 0,0,
22-Nov-25 15:32:55.697 - Writing USB device /dev/hidraw3 failed with System.IO.IOException: The process cannot access the file '/dev/hidraw3' because it is being used by another process.
   at Microsoft.Win32.SafeHandles.SafeFileHandle.Init(String path, FileMode mode, FileAccess access, FileShare share, FileOptions options, Int64 preallocationSize, Int64& fileLength, UnixFileMode& filePermissions)
   at Microsoft.Win32.SafeHandles.SafeFileHandle.Open(String fullPath, FileMode mode, FileAccess access, FileShare share, FileOptions options, Int64 preallocationSize, UnixFileMode openPermissions, Int64& fileLength, UnixFileMode& filePermissions, Boolean failForSymlink, Boolean& wasSymlink, Func`4 createOpenException)
   at System.IO.Strategies.OSFileStreamStrategy..ctor(String path, FileMode mode, FileAccess access, FileShare share, FileOptions options, Int64 preallocationSize, Nullable`1 unixCreateMode)
   at System.IO.File.Open(String path, FileMode mode)
   at LDOFLinx.DLOutput.WriteUSB(Byte TheOutput, Byte[]& Snd, Int16 BytesToWrite, Boolean GetReply) in K:\DOFLinx\LDOFLinx\DLOutput.vb:line 36
22-Nov-25 15:32:55.697 * USB write to /dev/hidraw3 with data 0,0,
22-Nov-25 15:32:55.697 - Writing USB device /dev/hidraw3 failed with System.IO.IOException: The process cannot access the file '/dev/hidraw3' because it is being used by another process.
   at Microsoft.Win32.SafeHandles.SafeFileHandle.Init(String path, FileMode mode, FileAccess access, FileShare share, FileOptions options, Int64 preallocationSize, Int64& fileLength, UnixFileMode& filePermissions)
   at Microsoft.Win32.SafeHandles.SafeFileHandle.Open(String fullPath, FileMode mode, FileAccess access, FileShare share, FileOptions options, Int64 preallocationSize, UnixFileMode openPermissions, Int64& fileLength, UnixFileMode& filePermissions, Boolean failForSymlink, Boolean& wasSymlink, Func`4 createOpenException)
   at System.IO.Strategies.OSFileStreamStrategy..ctor(String path, FileMode mode, FileAccess access, FileShare share, FileOptions options, Int64 preallocationSize, Nullable`1 unixCreateMode)
   at System.IO.File.Open(String path, FileMode mode)
   at LDOFLinx.DLOutput.WriteUSB(Byte TheOutput, Byte[]& Snd, Int16 BytesToWrite, Boolean GetReply) in K:\DOFLinx\LDOFLinx\DLOutput.vb:line 36
22-Nov-25 15:32:55.697 * USB write to /dev/hidraw3 with data 0,0,
22-Nov-25 15:32:55.698 - Writing USB device /dev/hidraw3 failed with System.IO.IOException: The process cannot access the file '/dev/hidraw3' because it is being used by another process.
   at Microsoft.Win32.SafeHandles.SafeFileHandle.Init(String path, FileMode mode, FileAccess access, FileShare share, FileOptions options, Int64 preallocationSize, Int64& fileLength, UnixFileMode& filePermissions)
   at Microsoft.Win32.SafeHandles.SafeFileHandle.Open(String fullPath, FileMode mode, FileAccess access, FileShare share, FileOptions options, Int64 preallocationSize, UnixFileMode openPermissions, Int64& fileLength, UnixFileMode& filePermissions, Boolean failForSymlink, Boolean& wasSymlink, Func`4 createOpenException)
   at System.IO.Strategies.OSFileStreamStrategy..ctor(String path, FileMode mode, FileAccess access, FileShare share, FileOptions options, Int64 preallocationSize, Nullable`1 unixCreateMode)
   at System.IO.File.Open(String path, FileMode mode)
   at LDOFLinx.DLOutput.WriteUSB(Byte TheOutput, Byte[]& Snd, Int16 BytesToWrite, Boolean GetReply) in K:\DOFLinx\LDOFLinx\DLOutput.vb:line 36
22-Nov-25 15:32:55.698 * USB write to /dev/hidraw3 with data 0,0,
22-Nov-25 15:32:55.698 - Writing USB device /dev/hidraw3 failed with System.IO.IOException: The process cannot access the file '/dev/hidraw3' because it is being used by another process.
   at Microsoft.Win32.SafeHandles.SafeFileHandle.Init(String path, FileMode mode, FileAccess access, FileShare share, FileOptions options, Int64 preallocationSize, Int64& fileLength, UnixFileMode& filePermissions)
   at Microsoft.Win32.SafeHandles.SafeFileHandle.Open(String fullPath, FileMode mode, FileAccess access, FileShare share, FileOptions options, Int64 preallocationSize, UnixFileMode openPermissions, Int64& fileLength, UnixFileMode& filePermissions, Boolean failForSymlink, Boolean& wasSymlink, Func`4 createOpenException)
   at System.IO.Strategies.OSFileStreamStrategy..ctor(String path, FileMode mode, FileAccess access, FileShare share, FileOptions options, Int64 preallocationSize, Nullable`1 unixCreateMode)
   at System.IO.File.Open(String path, FileMode mode)
   at LDOFLinx.DLOutput.WriteUSB(Byte TheOutput, Byte[]& Snd, Int16 BytesToWrite, Boolean GetReply) in K:\DOFLinx\LDOFLinx\DLOutput.vb:line 36
22-Nov-25 15:32:55.698 * USB write to /dev/hidraw3 with data 0,0,
22-Nov-25 15:32:55.698 - Writing USB device /dev/hidraw3 failed with System.IO.IOException: The process cannot access the file '/dev/hidraw3' because it is being used by another process.
   at Microsoft.Win32.SafeHandles.SafeFileHandle.Init(String path, FileMode mode, FileAccess access, FileShare share, FileOptions options, Int64 preallocationSize, Int64& fileLength, UnixFileMode& filePermissions)
   at Microsoft.Win32.SafeHandles.SafeFileHandle.Open(String fullPath, FileMode mode, FileAccess access, FileShare share, FileOptions options, Int64 preallocationSize, UnixFileMode openPermissions, Int64& fileLength, UnixFileMode& filePermissions, Boolean failForSymlink, Boolean& wasSymlink, Func`4 createOpenException)
   at System.IO.Strategies.OSFileStreamStrategy..ctor(String path, FileMode mode, FileAccess access, FileShare share, FileOptions options, Int64 preallocationSize, Nullable`1 unixCreateMode)
   at System.IO.File.Open(String path, FileMode mode)
   at LDOFLinx.DLOutput.WriteUSB(Byte TheOutput, Byte[]& Snd, Int16 BytesToWrite, Boolean GetReply) in K:\DOFLinx\LDOFLinx\DLOutput.vb:line 36
22-Nov-25 15:32:55.698 * USB write to /dev/hidraw3 with data 0,0,
22-Nov-25 15:32:55.698 - Writing USB device /dev/hidraw3 failed with System.IO.IOException: The process cannot access the file '/dev/hidraw3' because it is being used by another process.
   at Microsoft.Win32.SafeHandles.SafeFileHandle.Init(String path, FileMode mode, FileAccess access, FileShare share, FileOptions options, Int64 preallocationSize, Int64& fileLength, UnixFileMode& filePermissions)
   at Microsoft.Win32.SafeHandles.SafeFileHandle.Open(String fullPath, FileMode mode, FileAccess access, FileShare share, FileOptions options, Int64 preallocationSize, UnixFileMode openPermissions, Int64& fileLength, UnixFileMode& filePermissions, Boolean failForSymlink, Boolean& wasSymlink, Func`4 createOpenException)
   at System.IO.Strategies.OSFileStreamStrategy..ctor(String path, FileMode mode, FileAccess access, FileShare share, FileOptions options, Int64 preallocationSize, Nullable`1 unixCreateMode)
   at System.IO.File.Open(String path, FileMode mode)
   at LDOFLinx.DLOutput.WriteUSB(Byte TheOutput, Byte[]& Snd, Int16 BytesToWrite, Boolean GetReply) in K:\DOFLinx\LDOFLinx\DLOutput.vb:line 36
22-Nov-25 15:32:55.698 * USB write to /dev/hidraw3 with data 0,0,
22-Nov-25 15:32:55.699 - Writing USB device /dev/hidraw3 failed with System.IO.IOException: The process cannot access the file '/dev/hidraw3' because it is being used by another process.
   at Microsoft.Win32.SafeHandles.SafeFileHandle.Init(String path, FileMode mode, FileAccess access, FileShare share, FileOptions options, Int64 preallocationSize, Int64& fileLength, UnixFileMode& filePermissions)
   at Microsoft.Win32.SafeHandles.SafeFileHandle.Open(String fullPath, FileMode mode, FileAccess access, FileShare share, FileOptions options, Int64 preallocationSize, UnixFileMode openPermissions, Int64& fileLength, UnixFileMode& filePermissions, Boolean failForSymlink, Boolean& wasSymlink, Func`4 createOpenException)
   at System.IO.Strategies.OSFileStreamStrategy..ctor(String path, FileMode mode, FileAccess access, FileShare share, FileOptions options, Int64 preallocationSize, Nullable`1 unixCreateMode)
   at System.IO.File.Open(String path, FileMode mode)
   at LDOFLinx.DLOutput.WriteUSB(Byte TheOutput, Byte[]& Snd, Int16 BytesToWrite, Boolean GetReply) in K:\DOFLinx\LDOFLinx\DLOutput.vb:line 36
22-Nov-25 15:32:55.699 * USB write to /dev/hidraw3 with data 0,0,
22-Nov-25 15:32:55.699 - Writing USB device /dev/hidraw3 failed with System.IO.IOException: The process cannot access the file '/dev/hidraw3' because it is being used by another process.
   at Microsoft.Win32.SafeHandles.SafeFileHandle.Init(String path, FileMode mode, FileAccess access, FileShare share, FileOptions options, Int64 preallocationSize, Int64& fileLength, UnixFileMode& filePermissions)
   at Microsoft.Win32.SafeHandles.SafeFileHandle.Open(String fullPath, FileMode mode, FileAccess access, FileShare share, FileOptions options, Int64 preallocationSize, UnixFileMode openPermissions, Int64& fileLength, UnixFileMode& filePermissions, Boolean failForSymlink, Boolean& wasSymlink, Func`4 createOpenException)
   at System.IO.Strategies.OSFileStreamStrategy..ctor(String path, FileMode mode, FileAccess access, FileShare share, FileOptions options, Int64 preallocationSize, Nullable`1 unixCreateMode)
   at System.IO.File.Open(String path, FileMode mode)
   at LDOFLinx.DLOutput.WriteUSB(Byte TheOutput, Byte[]& Snd, Int16 BytesToWrite, Boolean GetReply) in K:\DOFLinx\LDOFLinx\DLOutput.vb:line 36
22-Nov-25 15:32:55.699 * USB write to /dev/hidraw3 with data 0,0,
22-Nov-25 15:32:55.699 - Writing USB device /dev/hidraw3 failed with System.IO.IOException: The process cannot access the file '/dev/hidraw3' because it is being used by another process.
   at Microsoft.Win32.SafeHandles.SafeFileHandle.Init(String path, FileMode mode, FileAccess access, FileShare share, FileOptions options, Int64 preallocationSize, Int64& fileLength, UnixFileMode& filePermissions)
   at Microsoft.Win32.SafeHandles.SafeFileHandle.Open(String fullPath, FileMode mode, FileAccess access, FileShare share, FileOptions options, Int64 preallocationSize, UnixFileMode openPermissions, Int64& fileLength, UnixFileMode& filePermissions, Boolean failForSymlink, Boolean& wasSymlink, Func`4 createOpenException)
   at System.IO.Strategies.OSFileStreamStrategy..ctor(String path, FileMode mode, FileAccess access, FileShare share, FileOptions options, Int64 preallocationSize, Nullable`1 unixCreateMode)
   at System.IO.File.Open(String path, FileMode mode)
   at LDOFLinx.DLOutput.WriteUSB(Byte TheOutput, Byte[]& Snd, Int16 BytesToWrite, Boolean GetReply) in K:\DOFLinx\LDOFLinx\DLOutput.vb:line 36
22-Nov-25 15:32:55.699 * USB write to /dev/hidraw3 with data 0,0,
22-Nov-25 15:32:55.699 - Writing USB device /dev/hidraw3 failed with System.IO.IOException: The process cannot access the file '/dev/hidraw3' because it is being used by another process.
   at Microsoft.Win32.SafeHandles.SafeFileHandle.Init(String path, FileMode mode, FileAccess access, FileShare share, FileOptions options, Int64 preallocationSize, Int64& fileLength, UnixFileMode& filePermissions)
   at Microsoft.Win32.SafeHandles.SafeFileHandle.Open(String fullPath, FileMode mode, FileAccess access, FileShare share, FileOptions options, Int64 preallocationSize, UnixFileMode openPermissions, Int64& fileLength, UnixFileMode& filePermissions, Boolean failForSymlink, Boolean& wasSymlink, Func`4 createOpenException)
   at System.IO.Strategies.OSFileStreamStrategy..ctor(String path, FileMode mode, FileAccess access, FileShare share, FileOptions options, Int64 preallocationSize, Nullable`1 unixCreateMode)
   at System.IO.File.Open(String path, FileMode mode)
   at LDOFLinx.DLOutput.WriteUSB(Byte TheOutput, Byte[]& Snd, Int16 BytesToWrite, Boolean GetReply) in K:\DOFLinx\LDOFLinx\DLOutput.vb:line 36
22-Nov-25 15:32:55.699 * USB write to /dev/hidraw3 with data 0,0,
22-Nov-25 15:32:55.700 - Writing USB device /dev/hidraw3 failed with System.IO.IOException: The process cannot access the file '/dev/hidraw3' because it is being used by another process.
   at Microsoft.Win32.SafeHandles.SafeFileHandle.Init(String path, FileMode mode, FileAccess access, FileShare share, FileOptions options, Int64 preallocationSize, Int64& fileLength, UnixFileMode& filePermissions)
   at Microsoft.Win32.SafeHandles.SafeFileHandle.Open(String fullPath, FileMode mode, FileAccess access, FileShare share, FileOptions options, Int64 preallocationSize, UnixFileMode openPermissions, Int64& fileLength, UnixFileMode& filePermissions, Boolean failForSymlink, Boolean& wasSymlink, Func`4 createOpenException)
   at System.IO.Strategies.OSFileStreamStrategy..ctor(String path, FileMode mode, FileAccess access, FileShare share, FileOptions options, Int64 preallocationSize, Nullable`1 unixCreateMode)
   at System.IO.File.Open(String path, FileMode mode)
   at LDOFLinx.DLOutput.WriteUSB(Byte TheOutput, Byte[]& Snd, Int16 BytesToWrite, Boolean GetReply) in K:\DOFLinx\LDOFLinx\DLOutput.vb:line 36
22-Nov-25 15:32:55.700 * USB write to /dev/hidraw3 with data 0,0,
22-Nov-25 15:32:55.700 - Writing USB device /dev/hidraw3 failed with System.IO.IOException: The process cannot access the file '/dev/hidraw3' because it is being used by another process.
   at Microsoft.Win32.SafeHandles.SafeFileHandle.Init(String path, FileMode mode, FileAccess access, FileShare share, FileOptions options, Int64 preallocationSize, Int64& fileLength, UnixFileMode& filePermissions)
   at Microsoft.Win32.SafeHandles.SafeFileHandle.Open(String fullPath, FileMode mode, FileAccess access, FileShare share, FileOptions options, Int64 preallocationSize, UnixFileMode openPermissions, Int64& fileLength, UnixFileMode& filePermissions, Boolean failForSymlink, Boolean& wasSymlink, Func`4 createOpenException)
   at System.IO.Strategies.OSFileStreamStrategy..ctor(String path, FileMode mode, FileAccess access, FileShare share, FileOptions options, Int64 preallocationSize, Nullable`1 unixCreateMode)
   at System.IO.File.Open(String path, FileMode mode)
   at LDOFLinx.DLOutput.WriteUSB(Byte TheOutput, Byte[]& Snd, Int16 BytesToWrite, Boolean GetReply) in K:\DOFLinx\LDOFLinx\DLOutput.vb:line 36
22-Nov-25 15:32:55.700 * USB write to /dev/hidraw3 with data 0,0,
22-Nov-25 15:32:55.700 - Writing USB device /dev/hidraw3 failed with System.IO.IOException: The process cannot access the file '/dev/hidraw3' because it is being used by another process.
   at Microsoft.Win32.SafeHandles.SafeFileHandle.Init(String path, FileMode mode, FileAccess access, FileShare share, FileOptions options, Int64 preallocationSize, Int64& fileLength, UnixFileMode& filePermissions)
   at Microsoft.Win32.SafeHandles.SafeFileHandle.Open(String fullPath, FileMode mode, FileAccess access, FileShare share, FileOptions options, Int64 preallocationSize, UnixFileMode openPermissions, Int64& fileLength, UnixFileMode& filePermissions, Boolean failForSymlink, Boolean& wasSymlink, Func`4 createOpenException)
   at System.IO.Strategies.OSFileStreamStrategy..ctor(String path, FileMode mode, FileAccess access, FileShare share, FileOptions options, Int64 preallocationSize, Nullable`1 unixCreateMode)
   at System.IO.File.Open(String path, FileMode mode)
   at LDOFLinx.DLOutput.WriteUSB(Byte TheOutput, Byte[]& Snd, Int16 BytesToWrite, Boolean GetReply) in K:\DOFLinx\LDOFLinx\DLOutput.vb:line 36
22-Nov-25 15:32:55.700 * USB write to /dev/hidraw3 with data 0,0,
22-Nov-25 15:32:55.700 - Writing USB device /dev/hidraw3 failed with System.IO.IOException: The process cannot access the file '/dev/hidraw3' because it is being used by another process.
   at Microsoft.Win32.SafeHandles.SafeFileHandle.Init(String path, FileMode mode, FileAccess access, FileShare share, FileOptions options, Int64 preallocationSize, Int64& fileLength, UnixFileMode& filePermissions)
   at Microsoft.Win32.SafeHandles.SafeFileHandle.Open(String fullPath, FileMode mode, FileAccess access, FileShare share, FileOptions options, Int64 preallocationSize, UnixFileMode openPermissions, Int64& fileLength, UnixFileMode& filePermissions, Boolean failForSymlink, Boolean& wasSymlink, Func`4 createOpenException)
   at System.IO.Strategies.OSFileStreamStrategy..ctor(String path, FileMode mode, FileAccess access, FileShare share, FileOptions options, Int64 preallocationSize, Nullable`1 unixCreateMode)
   at System.IO.File.Open(String path, FileMode mode)
   at LDOFLinx.DLOutput.WriteUSB(Byte TheOutput, Byte[]& Snd, Int16 BytesToWrite, Boolean GetReply) in K:\DOFLinx\LDOFLinx\DLOutput.vb:line 36
22-Nov-25 15:32:55.701 * USB write to /dev/hidraw3 with data 0,0,
22-Nov-25 15:32:55.701 - Writing USB device /dev/hidraw3 failed with System.IO.IOException: The process cannot access the file '/dev/hidraw3' because it is being used by another process.
   at Microsoft.Win32.SafeHandles.SafeFileHandle.Init(String path, FileMode mode, FileAccess access, FileShare share, FileOptions options, Int64 preallocationSize, Int64& fileLength, UnixFileMode& filePermissions)
   at Microsoft.Win32.SafeHandles.SafeFileHandle.Open(String fullPath, FileMode mode, FileAccess access, FileShare share, FileOptions options, Int64 preallocationSize, UnixFileMode openPermissions, Int64& fileLength, UnixFileMode& filePermissions, Boolean failForSymlink, Boolean& wasSymlink, Func`4 createOpenException)
   at System.IO.Strategies.OSFileStreamStrategy..ctor(String path, FileMode mode, FileAccess access, FileShare share, FileOptions options, Int64 preallocationSize, Nullable`1 unixCreateMode)
   at System.IO.File.Open(String path, FileMode mode)
   at LDOFLinx.DLOutput.WriteUSB(Byte TheOutput, Byte[]& Snd, Int16 BytesToWrite, Boolean GetReply) in K:\DOFLinx\LDOFLinx\DLOutput.vb:line 36
22-Nov-25 15:32:55.704 * USB write to /dev/hidraw3 with data 0,0,
22-Nov-25 15:32:55.704 - Writing USB device /dev/hidraw3 failed with System.IO.IOException: The process cannot access the file '/dev/hidraw3' because it is being used by another process.
   at Microsoft.Win32.SafeHandles.SafeFileHandle.Init(String path, FileMode mode, FileAccess access, FileShare share, FileOptions options, Int64 preallocationSize, Int64& fileLength, UnixFileMode& filePermissions)
   at Microsoft.Win32.SafeHandles.SafeFileHandle.Open(String fullPath, FileMode mode, FileAccess access, FileShare share, FileOptions options, Int64 preallocationSize, UnixFileMode openPermissions, Int64& fileLength, UnixFileMode& filePermissions, Boolean failForSymlink, Boolean& wasSymlink, Func`4 createOpenException)
   at System.IO.Strategies.OSFileStreamStrategy..ctor(String path, FileMode mode, FileAccess access, FileShare share, FileOptions options, Int64 preallocationSize, Nullable`1 unixCreateMode)
   at System.IO.File.Open(String path, FileMode mode)
   at LDOFLinx.DLOutput.WriteUSB(Byte TheOutput, Byte[]& Snd, Int16 BytesToWrite, Boolean GetReply) in K:\DOFLinx\LDOFLinx\DLOutput.vb:line 36
22-Nov-25 15:37:06.347 - Processing incoming message - QUIT
22-Nov-25 15:37:06.348 - Processing parameter 'QUIT' with data '' in real-time
22-Nov-25 15:37:06.350 - Shutting down
22-Nov-25 15:37:06.351 * USB write to /dev/hidraw3 with data 129,0,
22-Nov-25 15:37:06.352 - Writing USB device /dev/hidraw3 failed with System.IO.IOException: The process cannot access the file '/dev/hidraw3' because it is being used by another process.
   at Microsoft.Win32.SafeHandles.SafeFileHandle.Init(String path, FileMode mode, FileAccess access, FileShare share, FileOptions options, Int64 preallocationSize, Int64& fileLength, UnixFileMode& filePermissions)
   at Microsoft.Win32.SafeHandles.SafeFileHandle.Open(String fullPath, FileMode mode, FileAccess access, FileShare share, FileOptions options, Int64 preallocationSize, UnixFileMode openPermissions, Int64& fileLength, UnixFileMode& filePermissions, Boolean failForSymlink, Boolean& wasSymlink, Func`4 createOpenException)
   at System.IO.Strategies.OSFileStreamStrategy..ctor(String path, FileMode mode, FileAccess access, FileShare share, FileOptions options, Int64 preallocationSize, Nullable`1 unixCreateMode)
   at System.IO.File.Open(String path, FileMode mode)
   at LDOFLinx.DLOutput.WriteUSB(Byte TheOutput, Byte[]& Snd, Int16 BytesToWrite, Boolean GetReply) in K:\DOFLinx\LDOFLinx\DLOutput.vb:line 36
22-Nov-25 15:37:06.352 * USB write to /dev/hidraw3 with data 130,0,
22-Nov-25 15:37:06.352 - Writing USB device /dev/hidraw3 failed with System.IO.IOException: The process cannot access the file '/dev/hidraw3' because it is being used by another process.
   at Microsoft.Win32.SafeHandles.SafeFileHandle.Init(String path, FileMode mode, FileAccess access, FileShare share, FileOptions options, Int64 preallocationSize, Int64& fileLength, UnixFileMode& filePermissions)
   at Microsoft.Win32.SafeHandles.SafeFileHandle.Open(String fullPath, FileMode mode, FileAccess access, FileShare share, FileOptions options, Int64 preallocationSize, UnixFileMode openPermissions, Int64& fileLength, UnixFileMode& filePermissions, Boolean failForSymlink, Boolean& wasSymlink, Func`4 createOpenException)
   at System.IO.Strategies.OSFileStreamStrategy..ctor(String path, FileMode mode, FileAccess access, FileShare share, FileOptions options, Int64 preallocationSize, Nullable`1 unixCreateMode)
   at System.IO.File.Open(String path, FileMode mode)
   at LDOFLinx.DLOutput.WriteUSB(Byte TheOutput, Byte[]& Snd, Int16 BytesToWrite, Boolean GetReply) in K:\DOFLinx\LDOFLinx\DLOutput.vb:line 36
22-Nov-25 15:37:06.352 * USB write to /dev/hidraw3 with data 131,0,
22-Nov-25 15:37:06.352 - Writing USB device /dev/hidraw3 failed with System.IO.IOException: The process cannot access the file '/dev/hidraw3' because it is being used by another process.
   at Microsoft.Win32.SafeHandles.SafeFileHandle.Init(String path, FileMode mode, FileAccess access, FileShare share, FileOptions options, Int64 preallocationSize, Int64& fileLength, UnixFileMode& filePermissions)
   at Microsoft.Win32.SafeHandles.SafeFileHandle.Open(String fullPath, FileMode mode, FileAccess access, FileShare share, FileOptions options, Int64 preallocationSize, UnixFileMode openPermissions, Int64& fileLength, UnixFileMode& filePermissions, Boolean failForSymlink, Boolean& wasSymlink, Func`4 createOpenException)
   at System.IO.Strategies.OSFileStreamStrategy..ctor(String path, FileMode mode, FileAccess access, FileShare share, FileOptions options, Int64 preallocationSize, Nullable`1 unixCreateMode)
   at System.IO.File.Open(String path, FileMode mode)
   at LDOFLinx.DLOutput.WriteUSB(Byte TheOutput, Byte[]& Snd, Int16 BytesToWrite, Boolean GetReply) in K:\DOFLinx\LDOFLinx\DLOutput.vb:line 36
22-Nov-25 15:37:06.352 * USB write to /dev/hidraw3 with data 132,0,
22-Nov-25 15:37:06.352 - Writing USB device /dev/hidraw3 failed with System.IO.IOException: The process cannot access the file '/dev/hidraw3' because it is being used by another process.
   at Microsoft.Win32.SafeHandles.SafeFileHandle.Init(String path, FileMode mode, FileAccess access, FileShare share, FileOptions options, Int64 preallocationSize, Int64& fileLength, UnixFileMode& filePermissions)
   at Microsoft.Win32.SafeHandles.SafeFileHandle.Open(String fullPath, FileMode mode, FileAccess access, FileShare share, FileOptions options, Int64 preallocationSize, UnixFileMode openPermissions, Int64& fileLength, UnixFileMode& filePermissions, Boolean failForSymlink, Boolean& wasSymlink, Func`4 createOpenException)
   at System.IO.Strategies.OSFileStreamStrategy..ctor(String path, FileMode mode, FileAccess access, FileShare share, FileOptions options, Int64 preallocationSize, Nullable`1 unixCreateMode)
   at System.IO.File.Open(String path, FileMode mode)
   at LDOFLinx.DLOutput.WriteUSB(Byte TheOutput, Byte[]& Snd, Int16 BytesToWrite, Boolean GetReply) in K:\DOFLinx\LDOFLinx\DLOutput.vb:line 36
22-Nov-25 15:37:06.352 * USB write to /dev/hidraw3 with data 133,0,
22-Nov-25 15:37:06.353 - Writing USB device /dev/hidraw3 failed with System.IO.IOException: The process cannot access the file '/dev/hidraw3' because it is being used by another process.
   at Microsoft.Win32.SafeHandles.SafeFileHandle.Init(String path, FileMode mode, FileAccess access, FileShare share, FileOptions options, Int64 preallocationSize, Int64& fileLength, UnixFileMode& filePermissions)
   at Microsoft.Win32.SafeHandles.SafeFileHandle.Open(String fullPath, FileMode mode, FileAccess access, FileShare share, FileOptions options, Int64 preallocationSize, UnixFileMode openPermissions, Int64& fileLength, UnixFileMode& filePermissions, Boolean failForSymlink, Boolean& wasSymlink, Func`4 createOpenException)
   at System.IO.Strategies.OSFileStreamStrategy..ctor(String path, FileMode mode, FileAccess access, FileShare share, FileOptions options, Int64 preallocationSize, Nullable`1 unixCreateMode)
   at System.IO.File.Open(String path, FileMode mode)
   at LDOFLinx.DLOutput.WriteUSB(Byte TheOutput, Byte[]& Snd, Int16 BytesToWrite, Boolean GetReply) in K:\DOFLinx\LDOFLinx\DLOutput.vb:line 36
22-Nov-25 15:37:06.353 * USB write to /dev/hidraw3 with data 134,0,
22-Nov-25 15:37:06.353 - Writing USB device /dev/hidraw3 failed with System.IO.IOException: The process cannot access the file '/dev/hidraw3' because it is being used by another process.
   at Microsoft.Win32.SafeHandles.SafeFileHandle.Init(String path, FileMode mode, FileAccess access, FileShare share, FileOptions options, Int64 preallocationSize, Int64& fileLength, UnixFileMode& filePermissions)
   at Microsoft.Win32.SafeHandles.SafeFileHandle.Open(String fullPath, FileMode mode, FileAccess access, FileShare share, FileOptions options, Int64 preallocationSize, UnixFileMode openPermissions, Int64& fileLength, UnixFileMode& filePermissions, Boolean failForSymlink, Boolean& wasSymlink, Func`4 createOpenException)
   at System.IO.Strategies.OSFileStreamStrategy..ctor(String path, FileMode mode, FileAccess access, FileShare share, FileOptions options, Int64 preallocationSize, Nullable`1 unixCreateMode)
   at System.IO.File.Open(String path, FileMode mode)
   at LDOFLinx.DLOutput.WriteUSB(Byte TheOutput, Byte[]& Snd, Int16 BytesToWrite, Boolean GetReply) in K:\DOFLinx\LDOFLinx\DLOutput.vb:line 36
22-Nov-25 15:37:06.353 * USB write to /dev/hidraw3 with data 135,0,
22-Nov-25 15:37:06.353 - Writing USB device /dev/hidraw3 failed with System.IO.IOException: The process cannot access the file '/dev/hidraw3' because it is being used by another process.
   at Microsoft.Win32.SafeHandles.SafeFileHandle.Init(String path, FileMode mode, FileAccess access, FileShare share, FileOptions options, Int64 preallocationSize, Int64& fileLength, UnixFileMode& filePermissions)
   at Microsoft.Win32.SafeHandles.SafeFileHandle.Open(String fullPath, FileMode mode, FileAccess access, FileShare share, FileOptions options, Int64 preallocationSize, UnixFileMode openPermissions, Int64& fileLength, UnixFileMode& filePermissions, Boolean failForSymlink, Boolean& wasSymlink, Func`4 createOpenException)
   at System.IO.Strategies.OSFileStreamStrategy..ctor(String path, FileMode mode, FileAccess access, FileShare share, FileOptions options, Int64 preallocationSize, Nullable`1 unixCreateMode)
   at System.IO.File.Open(String path, FileMode mode)
   at LDOFLinx.DLOutput.WriteUSB(Byte TheOutput, Byte[]& Snd, Int16 BytesToWrite, Boolean GetReply) in K:\DOFLinx\LDOFLinx\DLOutput.vb:line 36
22-Nov-25 15:37:06.353 * USB write to /dev/hidraw3 with data 136,0,
22-Nov-25 15:37:06.353 - Writing USB device /dev/hidraw3 failed with System.IO.IOException: The process cannot access the file '/dev/hidraw3' because it is being used by another process.
   at Microsoft.Win32.SafeHandles.SafeFileHandle.Init(String path, FileMode mode, FileAccess access, FileShare share, FileOptions options, Int64 preallocationSize, Int64& fileLength, UnixFileMode& filePermissions)
   at Microsoft.Win32.SafeHandles.SafeFileHandle.Open(String fullPath, FileMode mode, FileAccess access, FileShare share, FileOptions options, Int64 preallocationSize, UnixFileMode openPermissions, Int64& fileLength, UnixFileMode& filePermissions, Boolean failForSymlink, Boolean& wasSymlink, Func`4 createOpenException)
   at System.IO.Strategies.OSFileStreamStrategy..ctor(String path, FileMode mode, FileAccess access, FileShare share, FileOptions options, Int64 preallocationSize, Nullable`1 unixCreateMode)
   at System.IO.File.Open(String path, FileMode mode)
   at LDOFLinx.DLOutput.WriteUSB(Byte TheOutput, Byte[]& Snd, Int16 BytesToWrite, Boolean GetReply) in K:\DOFLinx\LDOFLinx\DLOutput.vb:line 36
22-Nov-25 15:37:06.355 - Program close
22-Nov-25 15:37:14.062 - DEBUG enabled with showing of window True
22-Nov-25 15:37:14.074 * BETA logging flag enabled
22-Nov-25 15:37:14.074 - ***************************************************************
22-Nov-25 15:37:14.074 - Linux DOFLinx for Pinball and MAME Emulators - DOFLinx by DDH69
22-Nov-25 15:37:14.074 - Starting up - version 1.04 Beta 1
22-Nov-25 15:37:14.074 - ***************************************************************
22-Nov-25 15:37:14.075 - Linux OS on Arm64 processor with 64 bit operating system and 64 bit application
22-Nov-25 15:37:14.075 - If you like it, please make a donation here https://www.paypal.com/donate?hosted_button_id=YEPCTUYFX5KDE
22-Nov-25 15:37:14.075 - The guide can be found here https://doflinx.github.io/docs/
22-Nov-25 15:37:14.075 - For support come and visit the community here https://www.vpforums.org/index.php?showforum=104
22-Nov-25 15:37:14.076 - Pre-Reading DOFLinx.ini startup config file details
22-Nov-25 15:37:14.103 * Processing parameter 'DEBUG' with data '69' not in real-time
22-Nov-25 15:37:14.103 - DEBUG enabled with showing of window True
22-Nov-25 15:37:14.103 * Special logging flag enabled with window turned on
22-Nov-25 15:37:14.104 - DEBUG enabled with showing of window True
22-Nov-25 15:37:14.111 * PacLED64 board found - not fully implemented
22-Nov-25 15:37:14.122 * Probable ID=1
22-Nov-25 15:37:14.122 * /dev/hidraw3
22-Nov-25 15:37:14.122 - Opening device #1 PacLED64 ID#1 named  with 64 outputs
22-Nov-25 15:37:14.124 * Starting monitoring of keyboard = /dev/input/by-path/platform-xhci-hcd.0-usb-0:1:1.0-event-kbd
22-Nov-25 15:37:14.125 - Reading DOFLinx.ini startup config file details
22-Nov-25 15:37:14.125 * Processing parameter 'DEBUG' with data '69' not in real-time
22-Nov-25 15:37:14.125 - DEBUG enabled with showing of window True
22-Nov-25 15:37:14.125 * Special logging flag enabled with window turned on
22-Nov-25 15:37:14.125 * Processing parameter 'COLOUR_FILE' with data './config/colours.ini' not in real-time
22-Nov-25 15:37:14.125 - Reading colour file named ./config/colours.ini
22-Nov-25 15:37:14.128 * Processing parameter 'PATH_MAME' with data './mame/' not in real-time
22-Nov-25 15:37:14.129 * Processing parameter 'PATH_PIXELCADE' with data './pixelcade/' not in real-time
22-Nov-25 15:37:14.129 - The path './pixelcade/' does not exist
22-Nov-25 15:37:14.129 * Processing parameter 'MAME_FOLDER' with data '/usr/games/' not in real-time
22-Nov-25 15:37:14.129 * Processing parameter 'PROCESSES' with data 'retroarch' not in real-time
22-Nov-25 15:37:14.129 * Processing parameter 'MAME_PROCESS' with data 'retroarch' not in real-time
22-Nov-25 15:37:14.129 * Processing parameter 'MAME_RETROARCH_NCI' with data '1' not in real-time
22-Nov-25 15:37:14.130 * Processing parameter 'PIXELCADE_LCD_USE_NETWORK_ADDRESS' with data '1' not in real-time
22-Nov-25 15:37:14.130 * Processing parameter 'PIXELCADE_MENU_HIGHSCORE' with data '1' not in real-time
22-Nov-25 15:37:14.130 * Processing parameter 'PIXELCADE_GAME_START_HIGHSCORE' with data '1' not in real-time
22-Nov-25 15:37:14.130 * Processing parameter 'RGB_STYLE' with data 'RANDOM' not in real-time
22-Nov-25 15:37:14.130 * Processing parameter 'RGB_TRIGGER' with data 'TIME' not in real-time
22-Nov-25 15:37:14.130 * Processing parameter 'RGB_MIN_TIME' with data '1000' not in real-time
22-Nov-25 15:37:14.130 * Processing parameter 'LINK_BUT_CN' with data '0000,Orange,6' not in real-time
22-Nov-25 15:37:14.134 * Processing parameter 'LINK_BUT_EX' with data '0000,Amber,1' not in real-time
22-Nov-25 15:37:14.135 * Processing parameter 'LINK_BUT_J1' with data '0000,Random,0' not in real-time
22-Nov-25 15:37:14.135 * Processing parameter 'LINK_BUT_ST' with data '0000,White,6' not in real-time
22-Nov-25 15:37:14.135 * Processing parameter 'LINK_BUT_RE' with data '0000,Orange_Red,61' not in real-time
22-Nov-25 15:37:14.135 * Processing parameter 'LINK_BUT_PS' with data '0000,Deep_Pink,25' not in real-time
22-Nov-25 15:37:14.135 * Processing parameter 'LINK_BUT_P1' with data '0000,Cyan,2' not in real-time
22-Nov-25 15:37:14.135 * Processing parameter 'LINK_BUT_P2' with data '0000,Orchid,3' not in real-time
22-Nov-25 15:37:14.135 * Processing parameter 'LINK_BUT_B1' with data '0000,Green,29' not in real-time
22-Nov-25 15:37:14.135 * Processing parameter 'LINK_BUT_B2' with data '0000,Red,56' not in real-time
22-Nov-25 15:37:14.135 * Processing parameter 'LINK_BUT_B3' with data '0000,Yellow,57' not in real-time
22-Nov-25 15:37:14.135 * Processing parameter 'LINK_BUT_B4' with data '0000,Blue,00' not in real-time
22-Nov-25 15:37:14.135 * Processing parameter 'LINK_BUT_B5' with data '0000,Blue,44' not in real-time
22-Nov-25 15:37:14.135 * Processing parameter 'LINK_BUT_B6' with data '0000,Blue,45' not in real-time
22-Nov-25 15:37:14.135 * Processing parameter 'LINK_BUT_CH' with data '0000,Deep_Pink,64' not in real-time
22-Nov-25 15:37:14.135 * Processing parameter 'LINK_BUT_MN' with data '0000,Yellow,15' not in real-time
22-Nov-25 15:37:14.135 - DEBUG enabled with showing of window True
22-Nov-25 15:37:14.177 - No pixelcade.ini or settings.ini file could be found in the PATH_PIXELCADE= location
22-Nov-25 15:37:14.204 * 
22-Nov-25 15:37:14.206 - /usr/games/retroarch for game names was not found
22-Nov-25 15:37:14.207 - Trigger thread starting
22-Nov-25 15:37:14.215 * No menu.ini found
22-Nov-25 15:37:56.800 - Processing incoming message - TEST_PORT=1001,1000
22-Nov-25 15:37:56.804 - Processing parameter 'TEST_PORT' with data '1001,1000' in real-time
22-Nov-25 15:37:56.804 - Turning ON device/port 1001 for 1000 mS
22-Nov-25 15:37:56.807 * USB write to /dev/hidraw3 with data 254,0,
22-Nov-25 15:37:56.837 - Writing USB device /dev/hidraw3 failed with System.IO.IOException: Broken pipe : '/dev/hidraw3'
   at System.IO.RandomAccess.WriteAtOffset(SafeFileHandle handle, ReadOnlySpan`1 buffer, Int64 fileOffset)
   at System.IO.Strategies.OSFileStreamStrategy.Write(ReadOnlySpan`1 buffer)
   at System.IO.Strategies.BufferedFileStreamStrategy.Flush(Boolean flushToDisk)
   at LDOFLinx.DLOutput.WriteUSB(Byte TheOutput, Byte[]& Snd, Int16 BytesToWrite, Boolean GetReply) in K:\DOFLinx\LDOFLinx\DLOutput.vb:line 38
22-Nov-25 15:37:56.837 * USB write to /dev/hidraw3 with data 255,0,
22-Nov-25 15:37:56.838 - Writing USB device /dev/hidraw3 failed with System.IO.IOException: The process cannot access the file '/dev/hidraw3' because it is being used by another process.
   at Microsoft.Win32.SafeHandles.SafeFileHandle.Init(String path, FileMode mode, FileAccess access, FileShare share, FileOptions options, Int64 preallocationSize, Int64& fileLength, UnixFileMode& filePermissions)
   at Microsoft.Win32.SafeHandles.SafeFileHandle.Open(String fullPath, FileMode mode, FileAccess access, FileShare share, FileOptions options, Int64 preallocationSize, UnixFileMode openPermissions, Int64& fileLength, UnixFileMode& filePermissions, Boolean failForSymlink, Boolean& wasSymlink, Func`4 createOpenException)
   at System.IO.Strategies.OSFileStreamStrategy..ctor(String path, FileMode mode, FileAccess access, FileShare share, FileOptions options, Int64 preallocationSize, Nullable`1 unixCreateMode)
   at System.IO.File.Open(String path, FileMode mode)
   at LDOFLinx.DLOutput.WriteUSB(Byte TheOutput, Byte[]& Snd, Int16 BytesToWrite, Boolean GetReply) in K:\DOFLinx\LDOFLinx\DLOutput.vb:line 36
22-Nov-25 15:37:56.838 * USB write to /dev/hidraw3 with data 0,0,
22-Nov-25 15:37:56.838 - Writing USB device /dev/hidraw3 failed with System.IO.IOException: The process cannot access the file '/dev/hidraw3' because it is being used by another process.
   at Microsoft.Win32.SafeHandles.SafeFileHandle.Init(String path, FileMode mode, FileAccess access, FileShare share, FileOptions options, Int64 preallocationSize, Int64& fileLength, UnixFileMode& filePermissions)
   at Microsoft.Win32.SafeHandles.SafeFileHandle.Open(String fullPath, FileMode mode, FileAccess access, FileShare share, FileOptions options, Int64 preallocationSize, UnixFileMode openPermissions, Int64& fileLength, UnixFileMode& filePermissions, Boolean failForSymlink, Boolean& wasSymlink, Func`4 createOpenException)
   at System.IO.Strategies.OSFileStreamStrategy..ctor(String path, FileMode mode, FileAccess access, FileShare share, FileOptions options, Int64 preallocationSize, Nullable`1 unixCreateMode)
   at System.IO.File.Open(String path, FileMode mode)
   at LDOFLinx.DLOutput.WriteUSB(Byte TheOutput, Byte[]& Snd, Int16 BytesToWrite, Boolean GetReply) in K:\DOFLinx\LDOFLinx\DLOutput.vb:line 36
22-Nov-25 15:37:56.839 * USB write to /dev/hidraw3 with data 0,0,
22-Nov-25 15:37:56.839 - Writing USB device /dev/hidraw3 failed with System.IO.IOException: The process cannot access the file '/dev/hidraw3' because it is being used by another process.
   at Microsoft.Win32.SafeHandles.SafeFileHandle.Init(String path, FileMode mode, FileAccess access, FileShare share, FileOptions options, Int64 preallocationSize, Int64& fileLength, UnixFileMode& filePermissions)
   at Microsoft.Win32.SafeHandles.SafeFileHandle.Open(String fullPath, FileMode mode, FileAccess access, FileShare share, FileOptions options, Int64 preallocationSize, UnixFileMode openPermissions, Int64& fileLength, UnixFileMode& filePermissions, Boolean failForSymlink, Boolean& wasSymlink, Func`4 createOpenException)
   at System.IO.Strategies.OSFileStreamStrategy..ctor(String path, FileMode mode, FileAccess access, FileShare share, FileOptions options, Int64 preallocationSize, Nullable`1 unixCreateMode)
   at System.IO.File.Open(String path, FileMode mode)
   at LDOFLinx.DLOutput.WriteUSB(Byte TheOutput, Byte[]& Snd, Int16 BytesToWrite, Boolean GetReply) in K:\DOFLinx\LDOFLinx\DLOutput.vb:line 36
22-Nov-25 15:37:56.839 * USB write to /dev/hidraw3 with data 0,0,
22-Nov-25 15:37:56.839 - Writing USB device /dev/hidraw3 failed with System.IO.IOException: The process cannot access the file '/dev/hidraw3' because it is being used by another process.
   at Microsoft.Win32.SafeHandles.SafeFileHandle.Init(String path, FileMode mode, FileAccess access, FileShare share, FileOptions options, Int64 preallocationSize, Int64& fileLength, UnixFileMode& filePermissions)
   at Microsoft.Win32.SafeHandles.SafeFileHandle.Open(String fullPath, FileMode mode, FileAccess access, FileShare share, FileOptions options, Int64 preallocationSize, UnixFileMode openPermissions, Int64& fileLength, UnixFileMode& filePermissions, Boolean failForSymlink, Boolean& wasSymlink, Func`4 createOpenException)
   at System.IO.Strategies.OSFileStreamStrategy..ctor(String path, FileMode mode, FileAccess access, FileShare share, FileOptions options, Int64 preallocationSize, Nullable`1 unixCreateMode)
   at System.IO.File.Open(String path, FileMode mode)
   at LDOFLinx.DLOutput.WriteUSB(Byte TheOutput, Byte[]& Snd, Int16 BytesToWrite, Boolean GetReply) in K:\DOFLinx\LDOFLinx\DLOutput.vb:line 36
22-Nov-25 15:37:56.840 * USB write to /dev/hidraw3 with data 0,0,
22-Nov-25 15:37:56.840 - Writing USB device /dev/hidraw3 failed with System.IO.IOException: The process cannot access the file '/dev/hidraw3' because it is being used by another process.
   at Microsoft.Win32.SafeHandles.SafeFileHandle.Init(String path, FileMode mode, FileAccess access, FileShare share, FileOptions options, Int64 preallocationSize, Int64& fileLength, UnixFileMode& filePermissions)
   at Microsoft.Win32.SafeHandles.SafeFileHandle.Open(String fullPath, FileMode mode, FileAccess access, FileShare share, FileOptions options, Int64 preallocationSize, UnixFileMode openPermissions, Int64& fileLength, UnixFileMode& filePermissions, Boolean failForSymlink, Boolean& wasSymlink, Func`4 createOpenException)
   at System.IO.Strategies.OSFileStreamStrategy..ctor(String path, FileMode mode, FileAccess access, FileShare share, FileOptions options, Int64 preallocationSize, Nullable`1 unixCreateMode)
   at System.IO.File.Open(String path, FileMode mode)
   at LDOFLinx.DLOutput.WriteUSB(Byte TheOutput, Byte[]& Snd, Int16 BytesToWrite, Boolean GetReply) in K:\DOFLinx\LDOFLinx\DLOutput.vb:line 36
22-Nov-25 15:37:56.840 * USB write to /dev/hidraw3 with data 0,0,
22-Nov-25 15:37:56.841 - Writing USB device /dev/hidraw3 failed with System.IO.IOException: The process cannot access the file '/dev/hidraw3' because it is being used by another process.
   at Microsoft.Win32.SafeHandles.SafeFileHandle.Init(String path, FileMode mode, FileAccess access, FileShare share, FileOptions options, Int64 preallocationSize, Int64& fileLength, UnixFileMode& filePermissions)
   at Microsoft.Win32.SafeHandles.SafeFileHandle.Open(String fullPath, FileMode mode, FileAccess access, FileShare share, FileOptions options, Int64 preallocationSize, UnixFileMode openPermissions, Int64& fileLength, UnixFileMode& filePermissions, Boolean failForSymlink, Boolean& wasSymlink, Func`4 createOpenException)
   at System.IO.Strategies.OSFileStreamStrategy..ctor(String path, FileMode mode, FileAccess access, FileShare share, FileOptions options, Int64 preallocationSize, Nullable`1 unixCreateMode)
   at System.IO.File.Open(String path, FileMode mode)
   at LDOFLinx.DLOutput.WriteUSB(Byte TheOutput, Byte[]& Snd, Int16 BytesToWrite, Boolean GetReply) in K:\DOFLinx\LDOFLinx\DLOutput.vb:line 36
22-Nov-25 15:37:56.841 * USB write to /dev/hidraw3 with data 0,0,
22-Nov-25 15:37:56.841 - Writing USB device /dev/hidraw3 failed with System.IO.IOException: The process cannot access the file '/dev/hidraw3' because it is being used by another process.
   at Microsoft.Win32.SafeHandles.SafeFileHandle.Init(String path, FileMode mode, FileAccess access, FileShare share, FileOptions options, Int64 preallocationSize, Int64& fileLength, UnixFileMode& filePermissions)
   at Microsoft.Win32.SafeHandles.SafeFileHandle.Open(String fullPath, FileMode mode, FileAccess access, FileShare share, FileOptions options, Int64 preallocationSize, UnixFileMode openPermissions, Int64& fileLength, UnixFileMode& filePermissions, Boolean failForSymlink, Boolean& wasSymlink, Func`4 createOpenException)
   at System.IO.Strategies.OSFileStreamStrategy..ctor(String path, FileMode mode, FileAccess access, FileShare share, FileOptions options, Int64 preallocationSize, Nullable`1 unixCreateMode)
   at System.IO.File.Open(String path, FileMode mode)
   at LDOFLinx.DLOutput.WriteUSB(Byte TheOutput, Byte[]& Snd, Int16 BytesToWrite, Boolean GetReply) in K:\DOFLinx\LDOFLinx\DLOutput.vb:line 36
22-Nov-25 15:37:56.842 * USB write to /dev/hidraw3 with data 0,0,
22-Nov-25 15:37:56.842 - Writing USB device /dev/hidraw3 failed with System.IO.IOException: The process cannot access the file '/dev/hidraw3' because it is being used by another process.
   at Microsoft.Win32.SafeHandles.SafeFileHandle.Init(String path, FileMode mode, FileAccess access, FileShare share, FileOptions options, Int64 preallocationSize, Int64& fileLength, UnixFileMode& filePermissions)
   at Microsoft.Win32.SafeHandles.SafeFileHandle.Open(String fullPath, FileMode mode, FileAccess access, FileShare share, FileOptions options, Int64 preallocationSize, UnixFileMode openPermissions, Int64& fileLength, UnixFileMode& filePermissions, Boolean failForSymlink, Boolean& wasSymlink, Func`4 createOpenException)
   at System.IO.Strategies.OSFileStreamStrategy..ctor(String path, FileMode mode, FileAccess access, FileShare share, FileOptions options, Int64 preallocationSize, Nullable`1 unixCreateMode)
   at System.IO.File.Open(String path, FileMode mode)
   at LDOFLinx.DLOutput.WriteUSB(Byte TheOutput, Byte[]& Snd, Int16 BytesToWrite, Boolean GetReply) in K:\DOFLinx\LDOFLinx\DLOutput.vb:line 36
22-Nov-25 15:37:56.842 * USB write to /dev/hidraw3 with data 0,0,
22-Nov-25 15:37:56.842 - Writing USB device /dev/hidraw3 failed with System.IO.IOException: The process cannot access the file '/dev/hidraw3' because it is being used by another process.
   at Microsoft.Win32.SafeHandles.SafeFileHandle.Init(String path, FileMode mode, FileAccess access, FileShare share, FileOptions options, Int64 preallocationSize, Int64& fileLength, UnixFileMode& filePermissions)
   at Microsoft.Win32.SafeHandles.SafeFileHandle.Open(String fullPath, FileMode mode, FileAccess access, FileShare share, FileOptions options, Int64 preallocationSize, UnixFileMode openPermissions, Int64& fileLength, UnixFileMode& filePermissions, Boolean failForSymlink, Boolean& wasSymlink, Func`4 createOpenException)
   at System.IO.Strategies.OSFileStreamStrategy..ctor(String path, FileMode mode, FileAccess access, FileShare share, FileOptions options, Int64 preallocationSize, Nullable`1 unixCreateMode)
   at System.IO.File.Open(String path, FileMode mode)
   at LDOFLinx.DLOutput.WriteUSB(Byte TheOutput, Byte[]& Snd, Int16 BytesToWrite, Boolean GetReply) in K:\DOFLinx\LDOFLinx\DLOutput.vb:line 36
22-Nov-25 15:37:56.843 * USB write to /dev/hidraw3 with data 0,0,
22-Nov-25 15:37:56.843 - Writing USB device /dev/hidraw3 failed with System.IO.IOException: The process cannot access the file '/dev/hidraw3' because it is being used by another process.
   at Microsoft.Win32.SafeHandles.SafeFileHandle.Init(String path, FileMode mode, FileAccess access, FileShare share, FileOptions options, Int64 preallocationSize, Int64& fileLength, UnixFileMode& filePermissions)
   at Microsoft.Win32.SafeHandles.SafeFileHandle.Open(String fullPath, FileMode mode, FileAccess access, FileShare share, FileOptions options, Int64 preallocationSize, UnixFileMode openPermissions, Int64& fileLength, UnixFileMode& filePermissions, Boolean failForSymlink, Boolean& wasSymlink, Func`4 createOpenException)
   at System.IO.Strategies.OSFileStreamStrategy..ctor(String path, FileMode mode, FileAccess access, FileShare share, FileOptions options, Int64 preallocationSize, Nullable`1 unixCreateMode)
   at System.IO.File.Open(String path, FileMode mode)
   at LDOFLinx.DLOutput.WriteUSB(Byte TheOutput, Byte[]& Snd, Int16 BytesToWrite, Boolean GetReply) in K:\DOFLinx\LDOFLinx\DLOutput.vb:line 36
22-Nov-25 15:37:56.843 * USB write to /dev/hidraw3 with data 0,0,
22-Nov-25 15:37:56.843 - Writing USB device /dev/hidraw3 failed with System.IO.IOException: The process cannot access the file '/dev/hidraw3' because it is being used by another process.
   at Microsoft.Win32.SafeHandles.SafeFileHandle.Init(String path, FileMode mode, FileAccess access, FileShare share, FileOptions options, Int64 preallocationSize, Int64& fileLength, UnixFileMode& filePermissions)
   at Microsoft.Win32.SafeHandles.SafeFileHandle.Open(String fullPath, FileMode mode, FileAccess access, FileShare share, FileOptions options, Int64 preallocationSize, UnixFileMode openPermissions, Int64& fileLength, UnixFileMode& filePermissions, Boolean failForSymlink, Boolean& wasSymlink, Func`4 createOpenException)
   at System.IO.Strategies.OSFileStreamStrategy..ctor(String path, FileMode mode, FileAccess access, FileShare share, FileOptions options, Int64 preallocationSize, Nullable`1 unixCreateMode)
   at System.IO.File.Open(String path, FileMode mode)
   at LDOFLinx.DLOutput.WriteUSB(Byte TheOutput, Byte[]& Snd, Int16 BytesToWrite, Boolean GetReply) in K:\DOFLinx\LDOFLinx\DLOutput.vb:line 36
22-Nov-25 15:37:56.844 * USB write to /dev/hidraw3 with data 0,0,
22-Nov-25 15:37:56.844 - Writing USB device /dev/hidraw3 failed with System.IO.IOException: The process cannot access the file '/dev/hidraw3' because it is being used by another process.
   at Microsoft.Win32.SafeHandles.SafeFileHandle.Init(String path, FileMode mode, FileAccess access, FileShare share, FileOptions options, Int64 preallocationSize, Int64& fileLength, UnixFileMode& filePermissions)
   at Microsoft.Win32.SafeHandles.SafeFileHandle.Open(String fullPath, FileMode mode, FileAccess access, FileShare share, FileOptions options, Int64 preallocationSize, UnixFileMode openPermissions, Int64& fileLength, UnixFileMode& filePermissions, Boolean failForSymlink, Boolean& wasSymlink, Func`4 createOpenException)
   at System.IO.Strategies.OSFileStreamStrategy..ctor(String path, FileMode mode, FileAccess access, FileShare share, FileOptions options, Int64 preallocationSize, Nullable`1 unixCreateMode)
   at System.IO.File.Open(String path, FileMode mode)
   at LDOFLinx.DLOutput.WriteUSB(Byte TheOutput, Byte[]& Snd, Int16 BytesToWrite, Boolean GetReply) in K:\DOFLinx\LDOFLinx\DLOutput.vb:line 36
22-Nov-25 15:37:56.844 * USB write to /dev/hidraw3 with data 0,0,
22-Nov-25 15:37:56.844 - Writing USB device /dev/hidraw3 failed with System.IO.IOException: The process cannot access the file '/dev/hidraw3' because it is being used by another process.
   at Microsoft.Win32.SafeHandles.SafeFileHandle.Init(String path, FileMode mode, FileAccess access, FileShare share, FileOptions options, Int64 preallocationSize, Int64& fileLength, UnixFileMode& filePermissions)
   at Microsoft.Win32.SafeHandles.SafeFileHandle.Open(String fullPath, FileMode mode, FileAccess access, FileShare share, FileOptions options, Int64 preallocationSize, UnixFileMode openPermissions, Int64& fileLength, UnixFileMode& filePermissions, Boolean failForSymlink, Boolean& wasSymlink, Func`4 createOpenException)
   at System.IO.Strategies.OSFileStreamStrategy..ctor(String path, FileMode mode, FileAccess access, FileShare share, FileOptions options, Int64 preallocationSize, Nullable`1 unixCreateMode)
   at System.IO.File.Open(String path, FileMode mode)
   at LDOFLinx.DLOutput.WriteUSB(Byte TheOutput, Byte[]& Snd, Int16 BytesToWrite, Boolean GetReply) in K:\DOFLinx\LDOFLinx\DLOutput.vb:line 36
22-Nov-25 15:37:56.844 * USB write to /dev/hidraw3 with data 0,0,
22-Nov-25 15:37:56.845 - Writing USB device /dev/hidraw3 failed with System.IO.IOException: The process cannot access the file '/dev/hidraw3' because it is being used by another process.
   at Microsoft.Win32.SafeHandles.SafeFileHandle.Init(String path, FileMode mode, FileAccess access, FileShare share, FileOptions options, Int64 preallocationSize, Int64& fileLength, UnixFileMode& filePermissions)
   at Microsoft.Win32.SafeHandles.SafeFileHandle.Open(String fullPath, FileMode mode, FileAccess access, FileShare share, FileOptions options, Int64 preallocationSize, UnixFileMode openPermissions, Int64& fileLength, UnixFileMode& filePermissions, Boolean failForSymlink, Boolean& wasSymlink, Func`4 createOpenException)
   at System.IO.Strategies.OSFileStreamStrategy..ctor(String path, FileMode mode, FileAccess access, FileShare share, FileOptions options, Int64 preallocationSize, Nullable`1 unixCreateMode)
   at System.IO.File.Open(String path, FileMode mode)
   at LDOFLinx.DLOutput.WriteUSB(Byte TheOutput, Byte[]& Snd, Int16 BytesToWrite, Boolean GetReply) in K:\DOFLinx\LDOFLinx\DLOutput.vb:line 36
22-Nov-25 15:37:56.845 * USB write to /dev/hidraw3 with data 0,0,
22-Nov-25 15:37:56.845 - Writing USB device /dev/hidraw3 failed with System.IO.IOException: The process cannot access the file '/dev/hidraw3' because it is being used by another process.
   at Microsoft.Win32.SafeHandles.SafeFileHandle.Init(String path, FileMode mode, FileAccess access, FileShare share, FileOptions options, Int64 preallocationSize, Int64& fileLength, UnixFileMode& filePermissions)
   at Microsoft.Win32.SafeHandles.SafeFileHandle.Open(String fullPath, FileMode mode, FileAccess access, FileShare share, FileOptions options, Int64 preallocationSize, UnixFileMode openPermissions, Int64& fileLength, UnixFileMode& filePermissions, Boolean failForSymlink, Boolean& wasSymlink, Func`4 createOpenException)
   at System.IO.Strategies.OSFileStreamStrategy..ctor(String path, FileMode mode, FileAccess access, FileShare share, FileOptions options, Int64 preallocationSize, Nullable`1 unixCreateMode)
   at System.IO.File.Open(String path, FileMode mode)
   at LDOFLinx.DLOutput.WriteUSB(Byte TheOutput, Byte[]& Snd, Int16 BytesToWrite, Boolean GetReply) in K:\DOFLinx\LDOFLinx\DLOutput.vb:line 36
22-Nov-25 15:37:56.845 * USB write to /dev/hidraw3 with data 0,0,
22-Nov-25 15:37:56.846 - Writing USB device /dev/hidraw3 failed with System.IO.IOException: The process cannot access the file '/dev/hidraw3' because it is being used by another process.
   at Microsoft.Win32.SafeHandles.SafeFileHandle.Init(String path, FileMode mode, FileAccess access, FileShare share, FileOptions options, Int64 preallocationSize, Int64& fileLength, UnixFileMode& filePermissions)
   at Microsoft.Win32.SafeHandles.SafeFileHandle.Open(String fullPath, FileMode mode, FileAccess access, FileShare share, FileOptions options, Int64 preallocationSize, UnixFileMode openPermissions, Int64& fileLength, UnixFileMode& filePermissions, Boolean failForSymlink, Boolean& wasSymlink, Func`4 createOpenException)
   at System.IO.Strategies.OSFileStreamStrategy..ctor(String path, FileMode mode, FileAccess access, FileShare share, FileOptions options, Int64 preallocationSize, Nullable`1 unixCreateMode)
   at System.IO.File.Open(String path, FileMode mode)
   at LDOFLinx.DLOutput.WriteUSB(Byte TheOutput, Byte[]& Snd, Int16 BytesToWrite, Boolean GetReply) in K:\DOFLinx\LDOFLinx\DLOutput.vb:line 36
22-Nov-25 15:37:56.846 * USB write to /dev/hidraw3 with data 0,0,
22-Nov-25 15:37:56.846 - Writing USB device /dev/hidraw3 failed with System.IO.IOException: The process cannot access the file '/dev/hidraw3' because it is being used by another process.
   at Microsoft.Win32.SafeHandles.SafeFileHandle.Init(String path, FileMode mode, FileAccess access, FileShare share, FileOptions options, Int64 preallocationSize, Int64& fileLength, UnixFileMode& filePermissions)
   at Microsoft.Win32.SafeHandles.SafeFileHandle.Open(String fullPath, FileMode mode, FileAccess access, FileShare share, FileOptions options, Int64 preallocationSize, UnixFileMode openPermissions, Int64& fileLength, UnixFileMode& filePermissions, Boolean failForSymlink, Boolean& wasSymlink, Func`4 createOpenException)
   at System.IO.Strategies.OSFileStreamStrategy..ctor(String path, FileMode mode, FileAccess access, FileShare share, FileOptions options, Int64 preallocationSize, Nullable`1 unixCreateMode)
   at System.IO.File.Open(String path, FileMode mode)
   at LDOFLinx.DLOutput.WriteUSB(Byte TheOutput, Byte[]& Snd, Int16 BytesToWrite, Boolean GetReply) in K:\DOFLinx\LDOFLinx\DLOutput.vb:line 36
22-Nov-25 15:37:56.846 * USB write to /dev/hidraw3 with data 0,0,
22-Nov-25 15:37:56.846 - Writing USB device /dev/hidraw3 failed with System.IO.IOException: The process cannot access the file '/dev/hidraw3' because it is being used by another process.
   at Microsoft.Win32.SafeHandles.SafeFileHandle.Init(String path, FileMode mode, FileAccess access, FileShare share, FileOptions options, Int64 preallocationSize, Int64& fileLength, UnixFileMode& filePermissions)
   at Microsoft.Win32.SafeHandles.SafeFileHandle.Open(String fullPath, FileMode mode, FileAccess access, FileShare share, FileOptions options, Int64 preallocationSize, UnixFileMode openPermissions, Int64& fileLength, UnixFileMode& filePermissions, Boolean failForSymlink, Boolean& wasSymlink, Func`4 createOpenException)
   at System.IO.Strategies.OSFileStreamStrategy..ctor(String path, FileMode mode, FileAccess access, FileShare share, FileOptions options, Int64 preallocationSize, Nullable`1 unixCreateMode)
   at System.IO.File.Open(String path, FileMode mode)
   at LDOFLinx.DLOutput.WriteUSB(Byte TheOutput, Byte[]& Snd, Int16 BytesToWrite, Boolean GetReply) in K:\DOFLinx\LDOFLinx\DLOutput.vb:line 36
22-Nov-25 15:37:56.846 * USB write to /dev/hidraw3 with data 0,0,
22-Nov-25 15:37:56.846 - Writing USB device /dev/hidraw3 failed with System.IO.IOException: The process cannot access the file '/dev/hidraw3' because it is being used by another process.
   at Microsoft.Win32.SafeHandles.SafeFileHandle.Init(String path, FileMode mode, FileAccess access, FileShare share, FileOptions options, Int64 preallocationSize, Int64& fileLength, UnixFileMode& filePermissions)
   at Microsoft.Win32.SafeHandles.SafeFileHandle.Open(String fullPath, FileMode mode, FileAccess access, FileShare share, FileOptions options, Int64 preallocationSize, UnixFileMode openPermissions, Int64& fileLength, UnixFileMode& filePermissions, Boolean failForSymlink, Boolean& wasSymlink, Func`4 createOpenException)
   at System.IO.Strategies.OSFileStreamStrategy..ctor(String path, FileMode mode, FileAccess access, FileShare share, FileOptions options, Int64 preallocationSize, Nullable`1 unixCreateMode)
   at System.IO.File.Open(String path, FileMode mode)
   at LDOFLinx.DLOutput.WriteUSB(Byte TheOutput, Byte[]& Snd, Int16 BytesToWrite, Boolean GetReply) in K:\DOFLinx\LDOFLinx\DLOutput.vb:line 36
22-Nov-25 15:37:56.846 * USB write to /dev/hidraw3 with data 0,0,
22-Nov-25 15:37:56.847 - Writing USB device /dev/hidraw3 failed with System.IO.IOException: The process cannot access the file '/dev/hidraw3' because it is being used by another process.
   at Microsoft.Win32.SafeHandles.SafeFileHandle.Init(String path, FileMode mode, FileAccess access, FileShare share, FileOptions options, Int64 preallocationSize, Int64& fileLength, UnixFileMode& filePermissions)
   at Microsoft.Win32.SafeHandles.SafeFileHandle.Open(String fullPath, FileMode mode, FileAccess access, FileShare share, FileOptions options, Int64 preallocationSize, UnixFileMode openPermissions, Int64& fileLength, UnixFileMode& filePermissions, Boolean failForSymlink, Boolean& wasSymlink, Func`4 createOpenException)
   at System.IO.Strategies.OSFileStreamStrategy..ctor(String path, FileMode mode, FileAccess access, FileShare share, FileOptions options, Int64 preallocationSize, Nullable`1 unixCreateMode)
   at System.IO.File.Open(String path, FileMode mode)
   at LDOFLinx.DLOutput.WriteUSB(Byte TheOutput, Byte[]& Snd, Int16 BytesToWrite, Boolean GetReply) in K:\DOFLinx\LDOFLinx\DLOutput.vb:line 36
22-Nov-25 15:37:56.847 * USB write to /dev/hidraw3 with data 0,0,
22-Nov-25 15:37:56.847 - Writing USB device /dev/hidraw3 failed with System.IO.IOException: The process cannot access the file '/dev/hidraw3' because it is being used by another process.
   at Microsoft.Win32.SafeHandles.SafeFileHandle.Init(String path, FileMode mode, FileAccess access, FileShare share, FileOptions options, Int64 preallocationSize, Int64& fileLength, UnixFileMode& filePermissions)
   at Microsoft.Win32.SafeHandles.SafeFileHandle.Open(String fullPath, FileMode mode, FileAccess access, FileShare share, FileOptions options, Int64 preallocationSize, UnixFileMode openPermissions, Int64& fileLength, UnixFileMode& filePermissions, Boolean failForSymlink, Boolean& wasSymlink, Func`4 createOpenException)
   at System.IO.Strategies.OSFileStreamStrategy..ctor(String path, FileMode mode, FileAccess access, FileShare share, FileOptions options, Int64 preallocationSize, Nullable`1 unixCreateMode)
   at System.IO.File.Open(String path, FileMode mode)
   at LDOFLinx.DLOutput.WriteUSB(Byte TheOutput, Byte[]& Snd, Int16 BytesToWrite, Boolean GetReply) in K:\DOFLinx\LDOFLinx\DLOutput.vb:line 36
22-Nov-25 15:37:56.847 * USB write to /dev/hidraw3 with data 0,0,
22-Nov-25 15:37:56.847 - Writing USB device /dev/hidraw3 failed with System.IO.IOException: The process cannot access the file '/dev/hidraw3' because it is being used by another process.
   at Microsoft.Win32.SafeHandles.SafeFileHandle.Init(String path, FileMode mode, FileAccess access, FileShare share, FileOptions options, Int64 preallocationSize, Int64& fileLength, UnixFileMode& filePermissions)
   at Microsoft.Win32.SafeHandles.SafeFileHandle.Open(String fullPath, FileMode mode, FileAccess access, FileShare share, FileOptions options, Int64 preallocationSize, UnixFileMode openPermissions, Int64& fileLength, UnixFileMode& filePermissions, Boolean failForSymlink, Boolean& wasSymlink, Func`4 createOpenException)
   at System.IO.Strategies.OSFileStreamStrategy..ctor(String path, FileMode mode, FileAccess access, FileShare share, FileOptions options, Int64 preallocationSize, Nullable`1 unixCreateMode)
   at System.IO.File.Open(String path, FileMode mode)
   at LDOFLinx.DLOutput.WriteUSB(Byte TheOutput, Byte[]& Snd, Int16 BytesToWrite, Boolean GetReply) in K:\DOFLinx\LDOFLinx\DLOutput.vb:line 36
22-Nov-25 15:37:56.847 * USB write to /dev/hidraw3 with data 0,0,
22-Nov-25 15:37:56.847 - Writing USB device /dev/hidraw3 failed with System.IO.IOException: The process cannot access the file '/dev/hidraw3' because it is being used by another process.
   at Microsoft.Win32.SafeHandles.SafeFileHandle.Init(String path, FileMode mode, FileAccess access, FileShare share, FileOptions options, Int64 preallocationSize, Int64& fileLength, UnixFileMode& filePermissions)
   at Microsoft.Win32.SafeHandles.SafeFileHandle.Open(String fullPath, FileMode mode, FileAccess access, FileShare share, FileOptions options, Int64 preallocationSize, UnixFileMode openPermissions, Int64& fileLength, UnixFileMode& filePermissions, Boolean failForSymlink, Boolean& wasSymlink, Func`4 createOpenException)
   at System.IO.Strategies.OSFileStreamStrategy..ctor(String path, FileMode mode, FileAccess access, FileShare share, FileOptions options, Int64 preallocationSize, Nullable`1 unixCreateMode)
   at System.IO.File.Open(String path, FileMode mode)
   at LDOFLinx.DLOutput.WriteUSB(Byte TheOutput, Byte[]& Snd, Int16 BytesToWrite, Boolean GetReply) in K:\DOFLinx\LDOFLinx\DLOutput.vb:line 36
22-Nov-25 15:37:56.847 * USB write to /dev/hidraw3 with data 0,0,
22-Nov-25 15:37:56.847 - Writing USB device /dev/hidraw3 failed with System.IO.IOException: The process cannot access the file '/dev/hidraw3' because it is being used by another process.
   at Microsoft.Win32.SafeHandles.SafeFileHandle.Init(String path, FileMode mode, FileAccess access, FileShare share, FileOptions options, Int64 preallocationSize, Int64& fileLength, UnixFileMode& filePermissions)
   at Microsoft.Win32.SafeHandles.SafeFileHandle.Open(String fullPath, FileMode mode, FileAccess access, FileShare share, FileOptions options, Int64 preallocationSize, UnixFileMode openPermissions, Int64& fileLength, UnixFileMode& filePermissions, Boolean failForSymlink, Boolean& wasSymlink, Func`4 createOpenException)
   at System.IO.Strategies.OSFileStreamStrategy..ctor(String path, FileMode mode, FileAccess access, FileShare share, FileOptions options, Int64 preallocationSize, Nullable`1 unixCreateMode)
   at System.IO.File.Open(String path, FileMode mode)
   at LDOFLinx.DLOutput.WriteUSB(Byte TheOutput, Byte[]& Snd, Int16 BytesToWrite, Boolean GetReply) in K:\DOFLinx\LDOFLinx\DLOutput.vb:line 36
22-Nov-25 15:37:56.847 * USB write to /dev/hidraw3 with data 0,0,
22-Nov-25 15:37:56.847 - Writing USB device /dev/hidraw3 failed with System.IO.IOException: The process cannot access the file '/dev/hidraw3' because it is being used by another process.
   at Microsoft.Win32.SafeHandles.SafeFileHandle.Init(String path, FileMode mode, FileAccess access, FileShare share, FileOptions options, Int64 preallocationSize, Int64& fileLength, UnixFileMode& filePermissions)
   at Microsoft.Win32.SafeHandles.SafeFileHandle.Open(String fullPath, FileMode mode, FileAccess access, FileShare share, FileOptions options, Int64 preallocationSize, UnixFileMode openPermissions, Int64& fileLength, UnixFileMode& filePermissions, Boolean failForSymlink, Boolean& wasSymlink, Func`4 createOpenException)
   at System.IO.Strategies.OSFileStreamStrategy..ctor(String path, FileMode mode, FileAccess access, FileShare share, FileOptions options, Int64 preallocationSize, Nullable`1 unixCreateMode)
   at System.IO.File.Open(String path, FileMode mode)
   at LDOFLinx.DLOutput.WriteUSB(Byte TheOutput, Byte[]& Snd, Int16 BytesToWrite, Boolean GetReply) in K:\DOFLinx\LDOFLinx\DLOutput.vb:line 36
22-Nov-25 15:37:56.847 * USB write to /dev/hidraw3 with data 0,0,
22-Nov-25 15:37:56.847 - Writing USB device /dev/hidraw3 failed with System.IO.IOException: The process cannot access the file '/dev/hidraw3' because it is being used by another process.
   at Microsoft.Win32.SafeHandles.SafeFileHandle.Init(String path, FileMode mode, FileAccess access, FileShare share, FileOptions options, Int64 preallocationSize, Int64& fileLength, UnixFileMode& filePermissions)
   at Microsoft.Win32.SafeHandles.SafeFileHandle.Open(String fullPath, FileMode mode, FileAccess access, FileShare share, FileOptions options, Int64 preallocationSize, UnixFileMode openPermissions, Int64& fileLength, UnixFileMode& filePermissions, Boolean failForSymlink, Boolean& wasSymlink, Func`4 createOpenException)
   at System.IO.Strategies.OSFileStreamStrategy..ctor(String path, FileMode mode, FileAccess access, FileShare share, FileOptions options, Int64 preallocationSize, Nullable`1 unixCreateMode)
   at System.IO.File.Open(String path, FileMode mode)
   at LDOFLinx.DLOutput.WriteUSB(Byte TheOutput, Byte[]& Snd, Int16 BytesToWrite, Boolean GetReply) in K:\DOFLinx\LDOFLinx\DLOutput.vb:line 36
22-Nov-25 15:37:56.847 * USB write to /dev/hidraw3 with data 0,0,
22-Nov-25 15:37:56.848 - Writing USB device /dev/hidraw3 failed with System.IO.IOException: The process cannot access the file '/dev/hidraw3' because it is being used by another process.
   at Microsoft.Win32.SafeHandles.SafeFileHandle.Init(String path, FileMode mode, FileAccess access, FileShare share, FileOptions options, Int64 preallocationSize, Int64& fileLength, UnixFileMode& filePermissions)
   at Microsoft.Win32.SafeHandles.SafeFileHandle.Open(String fullPath, FileMode mode, FileAccess access, FileShare share, FileOptions options, Int64 preallocationSize, UnixFileMode openPermissions, Int64& fileLength, UnixFileMode& filePermissions, Boolean failForSymlink, Boolean& wasSymlink, Func`4 createOpenException)
   at System.IO.Strategies.OSFileStreamStrategy..ctor(String path, FileMode mode, FileAccess access, FileShare share, FileOptions options, Int64 preallocationSize, Nullable`1 unixCreateMode)
   at System.IO.File.Open(String path, FileMode mode)
   at LDOFLinx.DLOutput.WriteUSB(Byte TheOutput, Byte[]& Snd, Int16 BytesToWrite, Boolean GetReply) in K:\DOFLinx\LDOFLinx\DLOutput.vb:line 36
22-Nov-25 15:37:56.848 * USB write to /dev/hidraw3 with data 0,0,
22-Nov-25 15:37:56.848 - Writing USB device /dev/hidraw3 failed with System.IO.IOException: The process cannot access the file '/dev/hidraw3' because it is being used by another process.
   at Microsoft.Win32.SafeHandles.SafeFileHandle.Init(String path, FileMode mode, FileAccess access, FileShare share, FileOptions options, Int64 preallocationSize, Int64& fileLength, UnixFileMode& filePermissions)
   at Microsoft.Win32.SafeHandles.SafeFileHandle.Open(String fullPath, FileMode mode, FileAccess access, FileShare share, FileOptions options, Int64 preallocationSize, UnixFileMode openPermissions, Int64& fileLength, UnixFileMode& filePermissions, Boolean failForSymlink, Boolean& wasSymlink, Func`4 createOpenException)
   at System.IO.Strategies.OSFileStreamStrategy..ctor(String path, FileMode mode, FileAccess access, FileShare share, FileOptions options, Int64 preallocationSize, Nullable`1 unixCreateMode)
   at System.IO.File.Open(String path, FileMode mode)
   at LDOFLinx.DLOutput.WriteUSB(Byte TheOutput, Byte[]& Snd, Int16 BytesToWrite, Boolean GetReply) in K:\DOFLinx\LDOFLinx\DLOutput.vb:line 36
22-Nov-25 15:37:56.848 * USB write to /dev/hidraw3 with data 0,0,
22-Nov-25 15:37:56.848 - Writing USB device /dev/hidraw3 failed with System.IO.IOException: The process cannot access the file '/dev/hidraw3' because it is being used by another process.
   at Microsoft.Win32.SafeHandles.SafeFileHandle.Init(String path, FileMode mode, FileAccess access, FileShare share, FileOptions options, Int64 preallocationSize, Int64& fileLength, UnixFileMode& filePermissions)
   at Microsoft.Win32.SafeHandles.SafeFileHandle.Open(String fullPath, FileMode mode, FileAccess access, FileShare share, FileOptions options, Int64 preallocationSize, UnixFileMode openPermissions, Int64& fileLength, UnixFileMode& filePermissions, Boolean failForSymlink, Boolean& wasSymlink, Func`4 createOpenException)
   at System.IO.Strategies.OSFileStreamStrategy..ctor(String path, FileMode mode, FileAccess access, FileShare share, FileOptions options, Int64 preallocationSize, Nullable`1 unixCreateMode)
   at System.IO.File.Open(String path, FileMode mode)
   at LDOFLinx.DLOutput.WriteUSB(Byte TheOutput, Byte[]& Snd, Int16 BytesToWrite, Boolean GetReply) in K:\DOFLinx\LDOFLinx\DLOutput.vb:line 36
22-Nov-25 15:37:56.849 * USB write to /dev/hidraw3 with data 0,0,
22-Nov-25 15:37:56.849 - Writing USB device /dev/hidraw3 failed with System.IO.IOException: The process cannot access the file '/dev/hidraw3' because it is being used by another process.
   at Microsoft.Win32.SafeHandles.SafeFileHandle.Init(String path, FileMode mode, FileAccess access, FileShare share, FileOptions options, Int64 preallocationSize, Int64& fileLength, UnixFileMode& filePermissions)
   at Microsoft.Win32.SafeHandles.SafeFileHandle.Open(String fullPath, FileMode mode, FileAccess access, FileShare share, FileOptions options, Int64 preallocationSize, UnixFileMode openPermissions, Int64& fileLength, UnixFileMode& filePermissions, Boolean failForSymlink, Boolean& wasSymlink, Func`4 createOpenException)
   at System.IO.Strategies.OSFileStreamStrategy..ctor(String path, FileMode mode, FileAccess access, FileShare share, FileOptions options, Int64 preallocationSize, Nullable`1 unixCreateMode)
   at System.IO.File.Open(String path, FileMode mode)
   at LDOFLinx.DLOutput.WriteUSB(Byte TheOutput, Byte[]& Snd, Int16 BytesToWrite, Boolean GetReply) in K:\DOFLinx\LDOFLinx\DLOutput.vb:line 36
22-Nov-25 15:37:56.850 * USB write to /dev/hidraw3 with data 0,0,
22-Nov-25 15:37:56.850 - Writing USB device /dev/hidraw3 failed with System.IO.IOException: The process cannot access the file '/dev/hidraw3' because it is being used by another process.
   at Microsoft.Win32.SafeHandles.SafeFileHandle.Init(String path, FileMode mode, FileAccess access, FileShare share, FileOptions options, Int64 preallocationSize, Int64& fileLength, UnixFileMode& filePermissions)
   at Microsoft.Win32.SafeHandles.SafeFileHandle.Open(String fullPath, FileMode mode, FileAccess access, FileShare share, FileOptions options, Int64 preallocationSize, UnixFileMode openPermissions, Int64& fileLength, UnixFileMode& filePermissions, Boolean failForSymlink, Boolean& wasSymlink, Func`4 createOpenException)
   at System.IO.Strategies.OSFileStreamStrategy..ctor(String path, FileMode mode, FileAccess access, FileShare share, FileOptions options, Int64 preallocationSize, Nullable`1 unixCreateMode)
   at System.IO.File.Open(String path, FileMode mode)
   at LDOFLinx.DLOutput.WriteUSB(Byte TheOutput, Byte[]& Snd, Int16 BytesToWrite, Boolean GetReply) in K:\DOFLinx\LDOFLinx\DLOutput.vb:line 36
22-Nov-25 15:37:56.850 * USB write to /dev/hidraw3 with data 0,0,
22-Nov-25 15:37:56.851 - Writing USB device /dev/hidraw3 failed with System.IO.IOException: The process cannot access the file '/dev/hidraw3' because it is being used by another process.
   at Microsoft.Win32.SafeHandles.SafeFileHandle.Init(String path, FileMode mode, FileAccess access, FileShare share, FileOptions options, Int64 preallocationSize, Int64& fileLength, UnixFileMode& filePermissions)
   at Microsoft.Win32.SafeHandles.SafeFileHandle.Open(String fullPath, FileMode mode, FileAccess access, FileShare share, FileOptions options, Int64 preallocationSize, UnixFileMode openPermissions, Int64& fileLength, UnixFileMode& filePermissions, Boolean failForSymlink, Boolean& wasSymlink, Func`4 createOpenException)
   at System.IO.Strategies.OSFileStreamStrategy..ctor(String path, FileMode mode, FileAccess access, FileShare share, FileOptions options, Int64 preallocationSize, Nullable`1 unixCreateMode)
   at System.IO.File.Open(String path, FileMode mode)
   at LDOFLinx.DLOutput.WriteUSB(Byte TheOutput, Byte[]& Snd, Int16 BytesToWrite, Boolean GetReply) in K:\DOFLinx\LDOFLinx\DLOutput.vb:line 36
22-Nov-25 15:37:57.851 - Turning OFF device/port 1001
22-Nov-25 15:37:57.852 * USB write to /dev/hidraw3 with data 254,0,
22-Nov-25 15:37:57.852 - Writing USB device /dev/hidraw3 failed with System.IO.IOException: The process cannot access the file '/dev/hidraw3' because it is being used by another process.
   at Microsoft.Win32.SafeHandles.SafeFileHandle.Init(String path, FileMode mode, FileAccess access, FileShare share, FileOptions options, Int64 preallocationSize, Int64& fileLength, UnixFileMode& filePermissions)
   at Microsoft.Win32.SafeHandles.SafeFileHandle.Open(String fullPath, FileMode mode, FileAccess access, FileShare share, FileOptions options, Int64 preallocationSize, UnixFileMode openPermissions, Int64& fileLength, UnixFileMode& filePermissions, Boolean failForSymlink, Boolean& wasSymlink, Func`4 createOpenException)
   at System.IO.Strategies.OSFileStreamStrategy..ctor(String path, FileMode mode, FileAccess access, FileShare share, FileOptions options, Int64 preallocationSize, Nullable`1 unixCreateMode)
   at System.IO.File.Open(String path, FileMode mode)
   at LDOFLinx.DLOutput.WriteUSB(Byte TheOutput, Byte[]& Snd, Int16 BytesToWrite, Boolean GetReply) in K:\DOFLinx\LDOFLinx\DLOutput.vb:line 36
22-Nov-25 15:37:57.853 * USB write to /dev/hidraw3 with data 0,0,
22-Nov-25 15:37:57.853 - Writing USB device /dev/hidraw3 failed with System.IO.IOException: The process cannot access the file '/dev/hidraw3' because it is being used by another process.
   at Microsoft.Win32.SafeHandles.SafeFileHandle.Init(String path, FileMode mode, FileAccess access, FileShare share, FileOptions options, Int64 preallocationSize, Int64& fileLength, UnixFileMode& filePermissions)
   at Microsoft.Win32.SafeHandles.SafeFileHandle.Open(String fullPath, FileMode mode, FileAccess access, FileShare share, FileOptions options, Int64 preallocationSize, UnixFileMode openPermissions, Int64& fileLength, UnixFileMode& filePermissions, Boolean failForSymlink, Boolean& wasSymlink, Func`4 createOpenException)
   at System.IO.Strategies.OSFileStreamStrategy..ctor(String path, FileMode mode, FileAccess access, FileShare share, FileOptions options, Int64 preallocationSize, Nullable`1 unixCreateMode)
   at System.IO.File.Open(String path, FileMode mode)
   at LDOFLinx.DLOutput.WriteUSB(Byte TheOutput, Byte[]& Snd, Int16 BytesToWrite, Boolean GetReply) in K:\DOFLinx\LDOFLinx\DLOutput.vb:line 36
22-Nov-25 15:37:57.853 * USB write to /dev/hidraw3 with data 0,0,
22-Nov-25 15:37:57.853 - Writing USB device /dev/hidraw3 failed with System.IO.IOException: The process cannot access the file '/dev/hidraw3' because it is being used by another process.
   at Microsoft.Win32.SafeHandles.SafeFileHandle.Init(String path, FileMode mode, FileAccess access, FileShare share, FileOptions options, Int64 preallocationSize, Int64& fileLength, UnixFileMode& filePermissions)
   at Microsoft.Win32.SafeHandles.SafeFileHandle.Open(String fullPath, FileMode mode, FileAccess access, FileShare share, FileOptions options, Int64 preallocationSize, UnixFileMode openPermissions, Int64& fileLength, UnixFileMode& filePermissions, Boolean failForSymlink, Boolean& wasSymlink, Func`4 createOpenException)
   at System.IO.Strategies.OSFileStreamStrategy..ctor(String path, FileMode mode, FileAccess access, FileShare share, FileOptions options, Int64 preallocationSize, Nullable`1 unixCreateMode)
   at System.IO.File.Open(String path, FileMode mode)
   at LDOFLinx.DLOutput.WriteUSB(Byte TheOutput, Byte[]& Snd, Int16 BytesToWrite, Boolean GetReply) in K:\DOFLinx\LDOFLinx\DLOutput.vb:line 36
22-Nov-25 15:37:57.853 * USB write to /dev/hidraw3 with data 0,0,
22-Nov-25 15:37:57.853 - Writing USB device /dev/hidraw3 failed with System.IO.IOException: The process cannot access the file '/dev/hidraw3' because it is being used by another process.
   at Microsoft.Win32.SafeHandles.SafeFileHandle.Init(String path, FileMode mode, FileAccess access, FileShare share, FileOptions options, Int64 preallocationSize, Int64& fileLength, UnixFileMode& filePermissions)
   at Microsoft.Win32.SafeHandles.SafeFileHandle.Open(String fullPath, FileMode mode, FileAccess access, FileShare share, FileOptions options, Int64 preallocationSize, UnixFileMode openPermissions, Int64& fileLength, UnixFileMode& filePermissions, Boolean failForSymlink, Boolean& wasSymlink, Func`4 createOpenException)
   at System.IO.Strategies.OSFileStreamStrategy..ctor(String path, FileMode mode, FileAccess access, FileShare share, FileOptions options, Int64 preallocationSize, Nullable`1 unixCreateMode)
   at System.IO.File.Open(String path, FileMode mode)
   at LDOFLinx.DLOutput.WriteUSB(Byte TheOutput, Byte[]& Snd, Int16 BytesToWrite, Boolean GetReply) in K:\DOFLinx\LDOFLinx\DLOutput.vb:line 36
22-Nov-25 15:37:57.854 * USB write to /dev/hidraw3 with data 0,0,
22-Nov-25 15:37:57.854 - Writing USB device /dev/hidraw3 failed with System.IO.IOException: The process cannot access the file '/dev/hidraw3' because it is being used by another process.
   at Microsoft.Win32.SafeHandles.SafeFileHandle.Init(String path, FileMode mode, FileAccess access, FileShare share, FileOptions options, Int64 preallocationSize, Int64& fileLength, UnixFileMode& filePermissions)
   at Microsoft.Win32.SafeHandles.SafeFileHandle.Open(String fullPath, FileMode mode, FileAccess access, FileShare share, FileOptions options, Int64 preallocationSize, UnixFileMode openPermissions, Int64& fileLength, UnixFileMode& filePermissions, Boolean failForSymlink, Boolean& wasSymlink, Func`4 createOpenException)
   at System.IO.Strategies.OSFileStreamStrategy..ctor(String path, FileMode mode, FileAccess access, FileShare share, FileOptions options, Int64 preallocationSize, Nullable`1 unixCreateMode)
   at System.IO.File.Open(String path, FileMode mode)
   at LDOFLinx.DLOutput.WriteUSB(Byte TheOutput, Byte[]& Snd, Int16 BytesToWrite, Boolean GetReply) in K:\DOFLinx\LDOFLinx\DLOutput.vb:line 36
22-Nov-25 15:37:57.854 * USB write to /dev/hidraw3 with data 0,0,
22-Nov-25 15:37:57.854 - Writing USB device /dev/hidraw3 failed with System.IO.IOException: The process cannot access the file '/dev/hidraw3' because it is being used by another process.
   at Microsoft.Win32.SafeHandles.SafeFileHandle.Init(String path, FileMode mode, FileAccess access, FileShare share, FileOptions options, Int64 preallocationSize, Int64& fileLength, UnixFileMode& filePermissions)
   at Microsoft.Win32.SafeHandles.SafeFileHandle.Open(String fullPath, FileMode mode, FileAccess access, FileShare share, FileOptions options, Int64 preallocationSize, UnixFileMode openPermissions, Int64& fileLength, UnixFileMode& filePermissions, Boolean failForSymlink, Boolean& wasSymlink, Func`4 createOpenException)
   at System.IO.Strategies.OSFileStreamStrategy..ctor(String path, FileMode mode, FileAccess access, FileShare share, FileOptions options, Int64 preallocationSize, Nullable`1 unixCreateMode)
   at System.IO.File.Open(String path, FileMode mode)
   at LDOFLinx.DLOutput.WriteUSB(Byte TheOutput, Byte[]& Snd, Int16 BytesToWrite, Boolean GetReply) in K:\DOFLinx\LDOFLinx\DLOutput.vb:line 36
22-Nov-25 15:37:57.855 * USB write to /dev/hidraw3 with data 0,0,
22-Nov-25 15:37:57.855 - Writing USB device /dev/hidraw3 failed with System.IO.IOException: The process cannot access the file '/dev/hidraw3' because it is being used by another process.
   at Microsoft.Win32.SafeHandles.SafeFileHandle.Init(String path, FileMode mode, FileAccess access, FileShare share, FileOptions options, Int64 preallocationSize, Int64& fileLength, UnixFileMode& filePermissions)
   at Microsoft.Win32.SafeHandles.SafeFileHandle.Open(String fullPath, FileMode mode, FileAccess access, FileShare share, FileOptions options, Int64 preallocationSize, UnixFileMode openPermissions, Int64& fileLength, UnixFileMode& filePermissions, Boolean failForSymlink, Boolean& wasSymlink, Func`4 createOpenException)
   at System.IO.Strategies.OSFileStreamStrategy..ctor(String path, FileMode mode, FileAccess access, FileShare share, FileOptions options, Int64 preallocationSize, Nullable`1 unixCreateMode)
   at System.IO.File.Open(String path, FileMode mode)
   at LDOFLinx.DLOutput.WriteUSB(Byte TheOutput, Byte[]& Snd, Int16 BytesToWrite, Boolean GetReply) in K:\DOFLinx\LDOFLinx\DLOutput.vb:line 36
22-Nov-25 15:37:57.855 * USB write to /dev/hidraw3 with data 0,0,
22-Nov-25 15:37:57.855 - Writing USB device /dev/hidraw3 failed with System.IO.IOException: The process cannot access the file '/dev/hidraw3' because it is being used by another process.
   at Microsoft.Win32.SafeHandles.SafeFileHandle.Init(String path, FileMode mode, FileAccess access, FileShare share, FileOptions options, Int64 preallocationSize, Int64& fileLength, UnixFileMode& filePermissions)
   at Microsoft.Win32.SafeHandles.SafeFileHandle.Open(String fullPath, FileMode mode, FileAccess access, FileShare share, FileOptions options, Int64 preallocationSize, UnixFileMode openPermissions, Int64& fileLength, UnixFileMode& filePermissions, Boolean failForSymlink, Boolean& wasSymlink, Func`4 createOpenException)
   at System.IO.Strategies.OSFileStreamStrategy..ctor(String path, FileMode mode, FileAccess access, FileShare share, FileOptions options, Int64 preallocationSize, Nullable`1 unixCreateMode)
   at System.IO.File.Open(String path, FileMode mode)
   at LDOFLinx.DLOutput.WriteUSB(Byte TheOutput, Byte[]& Snd, Int16 BytesToWrite, Boolean GetReply) in K:\DOFLinx\LDOFLinx\DLOutput.vb:line 36
22-Nov-25 15:37:57.855 * USB write to /dev/hidraw3 with data 0,0,
22-Nov-25 15:37:57.856 - Writing USB device /dev/hidraw3 failed with System.IO.IOException: The process cannot access the file '/dev/hidraw3' because it is being used by another process.
   at Microsoft.Win32.SafeHandles.SafeFileHandle.Init(String path, FileMode mode, FileAccess access, FileShare share, FileOptions options, Int64 preallocationSize, Int64& fileLength, UnixFileMode& filePermissions)
   at Microsoft.Win32.SafeHandles.SafeFileHandle.Open(String fullPath, FileMode mode, FileAccess access, FileShare share, FileOptions options, Int64 preallocationSize, UnixFileMode openPermissions, Int64& fileLength, UnixFileMode& filePermissions, Boolean failForSymlink, Boolean& wasSymlink, Func`4 createOpenException)
   at System.IO.Strategies.OSFileStreamStrategy..ctor(String path, FileMode mode, FileAccess access, FileShare share, FileOptions options, Int64 preallocationSize, Nullable`1 unixCreateMode)
   at System.IO.File.Open(String path, FileMode mode)
   at LDOFLinx.DLOutput.WriteUSB(Byte TheOutput, Byte[]& Snd, Int16 BytesToWrite, Boolean GetReply) in K:\DOFLinx\LDOFLinx\DLOutput.vb:line 36
22-Nov-25 15:37:57.856 * USB write to /dev/hidraw3 with data 0,0,
22-Nov-25 15:37:57.857 - Writing USB device /dev/hidraw3 failed with System.IO.IOException: The process cannot access the file '/dev/hidraw3' because it is being used by another process.
   at Microsoft.Win32.SafeHandles.SafeFileHandle.Init(String path, FileMode mode, FileAccess access, FileShare share, FileOptions options, Int64 preallocationSize, Int64& fileLength, UnixFileMode& filePermissions)
   at Microsoft.Win32.SafeHandles.SafeFileHandle.Open(String fullPath, FileMode mode, FileAccess access, FileShare share, FileOptions options, Int64 preallocationSize, UnixFileMode openPermissions, Int64& fileLength, UnixFileMode& filePermissions, Boolean failForSymlink, Boolean& wasSymlink, Func`4 createOpenException)
   at System.IO.Strategies.OSFileStreamStrategy..ctor(String path, FileMode mode, FileAccess access, FileShare share, FileOptions options, Int64 preallocationSize, Nullable`1 unixCreateMode)
   at System.IO.File.Open(String path, FileMode mode)
   at LDOFLinx.DLOutput.WriteUSB(Byte TheOutput, Byte[]& Snd, Int16 BytesToWrite, Boolean GetReply) in K:\DOFLinx\LDOFLinx\DLOutput.vb:line 36
22-Nov-25 15:37:57.857 * USB write to /dev/hidraw3 with data 0,0,
22-Nov-25 15:37:57.857 - Writing USB device /dev/hidraw3 failed with System.IO.IOException: The process cannot access the file '/dev/hidraw3' because it is being used by another process.
   at Microsoft.Win32.SafeHandles.SafeFileHandle.Init(String path, FileMode mode, FileAccess access, FileShare share, FileOptions options, Int64 preallocationSize, Int64& fileLength, UnixFileMode& filePermissions)
   at Microsoft.Win32.SafeHandles.SafeFileHandle.Open(String fullPath, FileMode mode, FileAccess access, FileShare share, FileOptions options, Int64 preallocationSize, UnixFileMode openPermissions, Int64& fileLength, UnixFileMode& filePermissions, Boolean failForSymlink, Boolean& wasSymlink, Func`4 createOpenException)
   at System.IO.Strategies.OSFileStreamStrategy..ctor(String path, FileMode mode, FileAccess access, FileShare share, FileOptions options, Int64 preallocationSize, Nullable`1 unixCreateMode)
   at System.IO.File.Open(String path, FileMode mode)
   at LDOFLinx.DLOutput.WriteUSB(Byte TheOutput, Byte[]& Snd, Int16 BytesToWrite, Boolean GetReply) in K:\DOFLinx\LDOFLinx\DLOutput.vb:line 36
22-Nov-25 15:37:57.857 * USB write to /dev/hidraw3 with data 0,0,
22-Nov-25 15:37:57.857 - Writing USB device /dev/hidraw3 failed with System.IO.IOException: The process cannot access the file '/dev/hidraw3' because it is being used by another process.
   at Microsoft.Win32.SafeHandles.SafeFileHandle.Init(String path, FileMode mode, FileAccess access, FileShare share, FileOptions options, Int64 preallocationSize, Int64& fileLength, UnixFileMode& filePermissions)
   at Microsoft.Win32.SafeHandles.SafeFileHandle.Open(String fullPath, FileMode mode, FileAccess access, FileShare share, FileOptions options, Int64 preallocationSize, UnixFileMode openPermissions, Int64& fileLength, UnixFileMode& filePermissions, Boolean failForSymlink, Boolean& wasSymlink, Func`4 createOpenException)
   at System.IO.Strategies.OSFileStreamStrategy..ctor(String path, FileMode mode, FileAccess access, FileShare share, FileOptions options, Int64 preallocationSize, Nullable`1 unixCreateMode)
   at System.IO.File.Open(String path, FileMode mode)
   at LDOFLinx.DLOutput.WriteUSB(Byte TheOutput, Byte[]& Snd, Int16 BytesToWrite, Boolean GetReply) in K:\DOFLinx\LDOFLinx\DLOutput.vb:line 36
22-Nov-25 15:37:57.858 * USB write to /dev/hidraw3 with data 0,0,
22-Nov-25 15:37:57.858 - Writing USB device /dev/hidraw3 failed with System.IO.IOException: The process cannot access the file '/dev/hidraw3' because it is being used by another process.
   at Microsoft.Win32.SafeHandles.SafeFileHandle.Init(String path, FileMode mode, FileAccess access, FileShare share, FileOptions options, Int64 preallocationSize, Int64& fileLength, UnixFileMode& filePermissions)
   at Microsoft.Win32.SafeHandles.SafeFileHandle.Open(String fullPath, FileMode mode, FileAccess access, FileShare share, FileOptions options, Int64 preallocationSize, UnixFileMode openPermissions, Int64& fileLength, UnixFileMode& filePermissions, Boolean failForSymlink, Boolean& wasSymlink, Func`4 createOpenException)
   at System.IO.Strategies.OSFileStreamStrategy..ctor(String path, FileMode mode, FileAccess access, FileShare share, FileOptions options, Int64 preallocationSize, Nullable`1 unixCreateMode)
   at System.IO.File.Open(String path, FileMode mode)
   at LDOFLinx.DLOutput.WriteUSB(Byte TheOutput, Byte[]& Snd, Int16 BytesToWrite, Boolean GetReply) in K:\DOFLinx\LDOFLinx\DLOutput.vb:line 36
22-Nov-25 15:37:57.858 * USB write to /dev/hidraw3 with data 0,0,
22-Nov-25 15:37:57.858 - Writing USB device /dev/hidraw3 failed with System.IO.IOException: The process cannot access the file '/dev/hidraw3' because it is being used by another process.
   at Microsoft.Win32.SafeHandles.SafeFileHandle.Init(String path, FileMode mode, FileAccess access, FileShare share, FileOptions options, Int64 preallocationSize, Int64& fileLength, UnixFileMode& filePermissions)
   at Microsoft.Win32.SafeHandles.SafeFileHandle.Open(String fullPath, FileMode mode, FileAccess access, FileShare share, FileOptions options, Int64 preallocationSize, UnixFileMode openPermissions, Int64& fileLength, UnixFileMode& filePermissions, Boolean failForSymlink, Boolean& wasSymlink, Func`4 createOpenException)
   at System.IO.Strategies.OSFileStreamStrategy..ctor(String path, FileMode mode, FileAccess access, FileShare share, FileOptions options, Int64 preallocationSize, Nullable`1 unixCreateMode)
   at System.IO.File.Open(String path, FileMode mode)
   at LDOFLinx.DLOutput.WriteUSB(Byte TheOutput, Byte[]& Snd, Int16 BytesToWrite, Boolean GetReply) in K:\DOFLinx\LDOFLinx\DLOutput.vb:line 36
22-Nov-25 15:37:57.859 * USB write to /dev/hidraw3 with data 0,0,
22-Nov-25 15:37:57.859 - Writing USB device /dev/hidraw3 failed with System.IO.IOException: The process cannot access the file '/dev/hidraw3' because it is being used by another process.
   at Microsoft.Win32.SafeHandles.SafeFileHandle.Init(String path, FileMode mode, FileAccess access, FileShare share, FileOptions options, Int64 preallocationSize, Int64& fileLength, UnixFileMode& filePermissions)
   at Microsoft.Win32.SafeHandles.SafeFileHandle.Open(String fullPath, FileMode mode, FileAccess access, FileShare share, FileOptions options, Int64 preallocationSize, UnixFileMode openPermissions, Int64& fileLength, UnixFileMode& filePermissions, Boolean failForSymlink, Boolean& wasSymlink, Func`4 createOpenException)
   at System.IO.Strategies.OSFileStreamStrategy..ctor(String path, FileMode mode, FileAccess access, FileShare share, FileOptions options, Int64 preallocationSize, Nullable`1 unixCreateMode)
   at System.IO.File.Open(String path, FileMode mode)
   at LDOFLinx.DLOutput.WriteUSB(Byte TheOutput, Byte[]& Snd, Int16 BytesToWrite, Boolean GetReply) in K:\DOFLinx\LDOFLinx\DLOutput.vb:line 36
22-Nov-25 15:37:57.859 * USB write to /dev/hidraw3 with data 0,0,
22-Nov-25 15:37:57.859 - Writing USB device /dev/hidraw3 failed with System.IO.IOException: The process cannot access the file '/dev/hidraw3' because it is being used by another process.
   at Microsoft.Win32.SafeHandles.SafeFileHandle.Init(String path, FileMode mode, FileAccess access, FileShare share, FileOptions options, Int64 preallocationSize, Int64& fileLength, UnixFileMode& filePermissions)
   at Microsoft.Win32.SafeHandles.SafeFileHandle.Open(String fullPath, FileMode mode, FileAccess access, FileShare share, FileOptions options, Int64 preallocationSize, UnixFileMode openPermissions, Int64& fileLength, UnixFileMode& filePermissions, Boolean failForSymlink, Boolean& wasSymlink, Func`4 createOpenException)
   at System.IO.Strategies.OSFileStreamStrategy..ctor(String path, FileMode mode, FileAccess access, FileShare share, FileOptions options, Int64 preallocationSize, Nullable`1 unixCreateMode)
   at System.IO.File.Open(String path, FileMode mode)
   at LDOFLinx.DLOutput.WriteUSB(Byte TheOutput, Byte[]& Snd, Int16 BytesToWrite, Boolean GetReply) in K:\DOFLinx\LDOFLinx\DLOutput.vb:line 36
22-Nov-25 15:37:57.859 * USB write to /dev/hidraw3 with data 0,0,
22-Nov-25 15:37:57.860 - Writing USB device /dev/hidraw3 failed with System.IO.IOException: The process cannot access the file '/dev/hidraw3' because it is being used by another process.
   at Microsoft.Win32.SafeHandles.SafeFileHandle.Init(String path, FileMode mode, FileAccess access, FileShare share, FileOptions options, Int64 preallocationSize, Int64& fileLength, UnixFileMode& filePermissions)
   at Microsoft.Win32.SafeHandles.SafeFileHandle.Open(String fullPath, FileMode mode, FileAccess access, FileShare share, FileOptions options, Int64 preallocationSize, UnixFileMode openPermissions, Int64& fileLength, UnixFileMode& filePermissions, Boolean failForSymlink, Boolean& wasSymlink, Func`4 createOpenException)
   at System.IO.Strategies.OSFileStreamStrategy..ctor(String path, FileMode mode, FileAccess access, FileShare share, FileOptions options, Int64 preallocationSize, Nullable`1 unixCreateMode)
   at System.IO.File.Open(String path, FileMode mode)
   at LDOFLinx.DLOutput.WriteUSB(Byte TheOutput, Byte[]& Snd, Int16 BytesToWrite, Boolean GetReply) in K:\DOFLinx\LDOFLinx\DLOutput.vb:line 36
22-Nov-25 15:37:57.860 * USB write to /dev/hidraw3 with data 0,0,
22-Nov-25 15:37:57.860 - Writing USB device /dev/hidraw3 failed with System.IO.IOException: The process cannot access the file '/dev/hidraw3' because it is being used by another process.
   at Microsoft.Win32.SafeHandles.SafeFileHandle.Init(String path, FileMode mode, FileAccess access, FileShare share, FileOptions options, Int64 preallocationSize, Int64& fileLength, UnixFileMode& filePermissions)
   at Microsoft.Win32.SafeHandles.SafeFileHandle.Open(String fullPath, FileMode mode, FileAccess access, FileShare share, FileOptions options, Int64 preallocationSize, UnixFileMode openPermissions, Int64& fileLength, UnixFileMode& filePermissions, Boolean failForSymlink, Boolean& wasSymlink, Func`4 createOpenException)
   at System.IO.Strategies.OSFileStreamStrategy..ctor(String path, FileMode mode, FileAccess access, FileShare share, FileOptions options, Int64 preallocationSize, Nullable`1 unixCreateMode)
   at System.IO.File.Open(String path, FileMode mode)
   at LDOFLinx.DLOutput.WriteUSB(Byte TheOutput, Byte[]& Snd, Int16 BytesToWrite, Boolean GetReply) in K:\DOFLinx\LDOFLinx\DLOutput.vb:line 36
22-Nov-25 15:37:57.860 * USB write to /dev/hidraw3 with data 0,0,
22-Nov-25 15:37:57.860 - Writing USB device /dev/hidraw3 failed with System.IO.IOException: The process cannot access the file '/dev/hidraw3' because it is being used by another process.
   at Microsoft.Win32.SafeHandles.SafeFileHandle.Init(String path, FileMode mode, FileAccess access, FileShare share, FileOptions options, Int64 preallocationSize, Int64& fileLength, UnixFileMode& filePermissions)
   at Microsoft.Win32.SafeHandles.SafeFileHandle.Open(String fullPath, FileMode mode, FileAccess access, FileShare share, FileOptions options, Int64 preallocationSize, UnixFileMode openPermissions, Int64& fileLength, UnixFileMode& filePermissions, Boolean failForSymlink, Boolean& wasSymlink, Func`4 createOpenException)
   at System.IO.Strategies.OSFileStreamStrategy..ctor(String path, FileMode mode, FileAccess access, FileShare share, FileOptions options, Int64 preallocationSize, Nullable`1 unixCreateMode)
   at System.IO.File.Open(String path, FileMode mode)
   at LDOFLinx.DLOutput.WriteUSB(Byte TheOutput, Byte[]& Snd, Int16 BytesToWrite, Boolean GetReply) in K:\DOFLinx\LDOFLinx\DLOutput.vb:line 36
22-Nov-25 15:37:57.861 * USB write to /dev/hidraw3 with data 0,0,
22-Nov-25 15:37:57.861 - Writing USB device /dev/hidraw3 failed with System.IO.IOException: The process cannot access the file '/dev/hidraw3' because it is being used by another process.
   at Microsoft.Win32.SafeHandles.SafeFileHandle.Init(String path, FileMode mode, FileAccess access, FileShare share, FileOptions options, Int64 preallocationSize, Int64& fileLength, UnixFileMode& filePermissions)
   at Microsoft.Win32.SafeHandles.SafeFileHandle.Open(String fullPath, FileMode mode, FileAccess access, FileShare share, FileOptions options, Int64 preallocationSize, UnixFileMode openPermissions, Int64& fileLength, UnixFileMode& filePermissions, Boolean failForSymlink, Boolean& wasSymlink, Func`4 createOpenException)
   at System.IO.Strategies.OSFileStreamStrategy..ctor(String path, FileMode mode, FileAccess access, FileShare share, FileOptions options, Int64 preallocationSize, Nullable`1 unixCreateMode)
   at System.IO.File.Open(String path, FileMode mode)
   at LDOFLinx.DLOutput.WriteUSB(Byte TheOutput, Byte[]& Snd, Int16 BytesToWrite, Boolean GetReply) in K:\DOFLinx\LDOFLinx\DLOutput.vb:line 36
22-Nov-25 15:37:57.861 * USB write to /dev/hidraw3 with data 0,0,
22-Nov-25 15:37:57.861 - Writing USB device /dev/hidraw3 failed with System.IO.IOException: The process cannot access the file '/dev/hidraw3' because it is being used by another process.
   at Microsoft.Win32.SafeHandles.SafeFileHandle.Init(String path, FileMode mode, FileAccess access, FileShare share, FileOptions options, Int64 preallocationSize, Int64& fileLength, UnixFileMode& filePermissions)
   at Microsoft.Win32.SafeHandles.SafeFileHandle.Open(String fullPath, FileMode mode, FileAccess access, FileShare share, FileOptions options, Int64 preallocationSize, UnixFileMode openPermissions, Int64& fileLength, UnixFileMode& filePermissions, Boolean failForSymlink, Boolean& wasSymlink, Func`4 createOpenException)
   at System.IO.Strategies.OSFileStreamStrategy..ctor(String path, FileMode mode, FileAccess access, FileShare share, FileOptions options, Int64 preallocationSize, Nullable`1 unixCreateMode)
   at System.IO.File.Open(String path, FileMode mode)
   at LDOFLinx.DLOutput.WriteUSB(Byte TheOutput, Byte[]& Snd, Int16 BytesToWrite, Boolean GetReply) in K:\DOFLinx\LDOFLinx\DLOutput.vb:line 36
22-Nov-25 15:37:57.864 * USB write to /dev/hidraw3 with data 0,0,
22-Nov-25 15:37:57.864 - Writing USB device /dev/hidraw3 failed with System.IO.IOException: The process cannot access the file '/dev/hidraw3' because it is being used by another process.
   at Microsoft.Win32.SafeHandles.SafeFileHandle.Init(String path, FileMode mode, FileAccess access, FileShare share, FileOptions options, Int64 preallocationSize, Int64& fileLength, UnixFileMode& filePermissions)
   at Microsoft.Win32.SafeHandles.SafeFileHandle.Open(String fullPath, FileMode mode, FileAccess access, FileShare share, FileOptions options, Int64 preallocationSize, UnixFileMode openPermissions, Int64& fileLength, UnixFileMode& filePermissions, Boolean failForSymlink, Boolean& wasSymlink, Func`4 createOpenException)
   at System.IO.Strategies.OSFileStreamStrategy..ctor(String path, FileMode mode, FileAccess access, FileShare share, FileOptions options, Int64 preallocationSize, Nullable`1 unixCreateMode)
   at System.IO.File.Open(String path, FileMode mode)
   at LDOFLinx.DLOutput.WriteUSB(Byte TheOutput, Byte[]& Snd, Int16 BytesToWrite, Boolean GetReply) in K:\DOFLinx\LDOFLinx\DLOutput.vb:line 36
22-Nov-25 15:37:57.864 * USB write to /dev/hidraw3 with data 0,0,
22-Nov-25 15:37:57.864 - Writing USB device /dev/hidraw3 failed with System.IO.IOException: The process cannot access the file '/dev/hidraw3' because it is being used by another process.
   at Microsoft.Win32.SafeHandles.SafeFileHandle.Init(String path, FileMode mode, FileAccess access, FileShare share, FileOptions options, Int64 preallocationSize, Int64& fileLength, UnixFileMode& filePermissions)
   at Microsoft.Win32.SafeHandles.SafeFileHandle.Open(String fullPath, FileMode mode, FileAccess access, FileShare share, FileOptions options, Int64 preallocationSize, UnixFileMode openPermissions, Int64& fileLength, UnixFileMode& filePermissions, Boolean failForSymlink, Boolean& wasSymlink, Func`4 createOpenException)
   at System.IO.Strategies.OSFileStreamStrategy..ctor(String path, FileMode mode, FileAccess access, FileShare share, FileOptions options, Int64 preallocationSize, Nullable`1 unixCreateMode)
   at System.IO.File.Open(String path, FileMode mode)
   at LDOFLinx.DLOutput.WriteUSB(Byte TheOutput, Byte[]& Snd, Int16 BytesToWrite, Boolean GetReply) in K:\DOFLinx\LDOFLinx\DLOutput.vb:line 36
22-Nov-25 15:37:57.864 * USB write to /dev/hidraw3 with data 0,0,
22-Nov-25 15:37:57.864 - Writing USB device /dev/hidraw3 failed with System.IO.IOException: The process cannot access the file '/dev/hidraw3' because it is being used by another process.
   at Microsoft.Win32.SafeHandles.SafeFileHandle.Init(String path, FileMode mode, FileAccess access, FileShare share, FileOptions options, Int64 preallocationSize, Int64& fileLength, UnixFileMode& filePermissions)
   at Microsoft.Win32.SafeHandles.SafeFileHandle.Open(String fullPath, FileMode mode, FileAccess access, FileShare share, FileOptions options, Int64 preallocationSize, UnixFileMode openPermissions, Int64& fileLength, UnixFileMode& filePermissions, Boolean failForSymlink, Boolean& wasSymlink, Func`4 createOpenException)
   at System.IO.Strategies.OSFileStreamStrategy..ctor(String path, FileMode mode, FileAccess access, FileShare share, FileOptions options, Int64 preallocationSize, Nullable`1 unixCreateMode)
   at System.IO.File.Open(String path, FileMode mode)
   at LDOFLinx.DLOutput.WriteUSB(Byte TheOutput, Byte[]& Snd, Int16 BytesToWrite, Boolean GetReply) in K:\DOFLinx\LDOFLinx\DLOutput.vb:line 36
22-Nov-25 15:37:57.864 * USB write to /dev/hidraw3 with data 0,0,
22-Nov-25 15:37:57.864 - Writing USB device /dev/hidraw3 failed with System.IO.IOException: The process cannot access the file '/dev/hidraw3' because it is being used by another process.
   at Microsoft.Win32.SafeHandles.SafeFileHandle.Init(String path, FileMode mode, FileAccess access, FileShare share, FileOptions options, Int64 preallocationSize, Int64& fileLength, UnixFileMode& filePermissions)
   at Microsoft.Win32.SafeHandles.SafeFileHandle.Open(String fullPath, FileMode mode, FileAccess access, FileShare share, FileOptions options, Int64 preallocationSize, UnixFileMode openPermissions, Int64& fileLength, UnixFileMode& filePermissions, Boolean failForSymlink, Boolean& wasSymlink, Func`4 createOpenException)
   at System.IO.Strategies.OSFileStreamStrategy..ctor(String path, FileMode mode, FileAccess access, FileShare share, FileOptions options, Int64 preallocationSize, Nullable`1 unixCreateMode)
   at System.IO.File.Open(String path, FileMode mode)
   at LDOFLinx.DLOutput.WriteUSB(Byte TheOutput, Byte[]& Snd, Int16 BytesToWrite, Boolean GetReply) in K:\DOFLinx\LDOFLinx\DLOutput.vb:line 36
22-Nov-25 15:37:57.864 * USB write to /dev/hidraw3 with data 0,0,
22-Nov-25 15:37:57.865 - Writing USB device /dev/hidraw3 failed with System.IO.IOException: The process cannot access the file '/dev/hidraw3' because it is being used by another process.
   at Microsoft.Win32.SafeHandles.SafeFileHandle.Init(String path, FileMode mode, FileAccess access, FileShare share, FileOptions options, Int64 preallocationSize, Int64& fileLength, UnixFileMode& filePermissions)
   at Microsoft.Win32.SafeHandles.SafeFileHandle.Open(String fullPath, FileMode mode, FileAccess access, FileShare share, FileOptions options, Int64 preallocationSize, UnixFileMode openPermissions, Int64& fileLength, UnixFileMode& filePermissions, Boolean failForSymlink, Boolean& wasSymlink, Func`4 createOpenException)
   at System.IO.Strategies.OSFileStreamStrategy..ctor(String path, FileMode mode, FileAccess access, FileShare share, FileOptions options, Int64 preallocationSize, Nullable`1 unixCreateMode)
   at System.IO.File.Open(String path, FileMode mode)
   at LDOFLinx.DLOutput.WriteUSB(Byte TheOutput, Byte[]& Snd, Int16 BytesToWrite, Boolean GetReply) in K:\DOFLinx\LDOFLinx\DLOutput.vb:line 36
22-Nov-25 15:37:57.865 * USB write to /dev/hidraw3 with data 0,0,
22-Nov-25 15:37:57.865 - Writing USB device /dev/hidraw3 failed with System.IO.IOException: The process cannot access the file '/dev/hidraw3' because it is being used by another process.
   at Microsoft.Win32.SafeHandles.SafeFileHandle.Init(String path, FileMode mode, FileAccess access, FileShare share, FileOptions options, Int64 preallocationSize, Int64& fileLength, UnixFileMode& filePermissions)
   at Microsoft.Win32.SafeHandles.SafeFileHandle.Open(String fullPath, FileMode mode, FileAccess access, FileShare share, FileOptions options, Int64 preallocationSize, UnixFileMode openPermissions, Int64& fileLength, UnixFileMode& filePermissions, Boolean failForSymlink, Boolean& wasSymlink, Func`4 createOpenException)
   at System.IO.Strategies.OSFileStreamStrategy..ctor(String path, FileMode mode, FileAccess access, FileShare share, FileOptions options, Int64 preallocationSize, Nullable`1 unixCreateMode)
   at System.IO.File.Open(String path, FileMode mode)
   at LDOFLinx.DLOutput.WriteUSB(Byte TheOutput, Byte[]& Snd, Int16 BytesToWrite, Boolean GetReply) in K:\DOFLinx\LDOFLinx\DLOutput.vb:line 36
22-Nov-25 15:37:57.865 * USB write to /dev/hidraw3 with data 0,0,
22-Nov-25 15:37:57.865 - Writing USB device /dev/hidraw3 failed with System.IO.IOException: The process cannot access the file '/dev/hidraw3' because it is being used by another process.
   at Microsoft.Win32.SafeHandles.SafeFileHandle.Init(String path, FileMode mode, FileAccess access, FileShare share, FileOptions options, Int64 preallocationSize, Int64& fileLength, UnixFileMode& filePermissions)
   at Microsoft.Win32.SafeHandles.SafeFileHandle.Open(String fullPath, FileMode mode, FileAccess access, FileShare share, FileOptions options, Int64 preallocationSize, UnixFileMode openPermissions, Int64& fileLength, UnixFileMode& filePermissions, Boolean failForSymlink, Boolean& wasSymlink, Func`4 createOpenException)
   at System.IO.Strategies.OSFileStreamStrategy..ctor(String path, FileMode mode, FileAccess access, FileShare share, FileOptions options, Int64 preallocationSize, Nullable`1 unixCreateMode)
   at System.IO.File.Open(String path, FileMode mode)
   at LDOFLinx.DLOutput.WriteUSB(Byte TheOutput, Byte[]& Snd, Int16 BytesToWrite, Boolean GetReply) in K:\DOFLinx\LDOFLinx\DLOutput.vb:line 36
22-Nov-25 15:37:57.865 * USB write to /dev/hidraw3 with data 0,0,
22-Nov-25 15:37:57.865 - Writing USB device /dev/hidraw3 failed with System.IO.IOException: The process cannot access the file '/dev/hidraw3' because it is being used by another process.
   at Microsoft.Win32.SafeHandles.SafeFileHandle.Init(String path, FileMode mode, FileAccess access, FileShare share, FileOptions options, Int64 preallocationSize, Int64& fileLength, UnixFileMode& filePermissions)
   at Microsoft.Win32.SafeHandles.SafeFileHandle.Open(String fullPath, FileMode mode, FileAccess access, FileShare share, FileOptions options, Int64 preallocationSize, UnixFileMode openPermissions, Int64& fileLength, UnixFileMode& filePermissions, Boolean failForSymlink, Boolean& wasSymlink, Func`4 createOpenException)
   at System.IO.Strategies.OSFileStreamStrategy..ctor(String path, FileMode mode, FileAccess access, FileShare share, FileOptions options, Int64 preallocationSize, Nullable`1 unixCreateMode)
   at System.IO.File.Open(String path, FileMode mode)
   at LDOFLinx.DLOutput.WriteUSB(Byte TheOutput, Byte[]& Snd, Int16 BytesToWrite, Boolean GetReply) in K:\DOFLinx\LDOFLinx\DLOutput.vb:line 36
22-Nov-25 15:37:57.866 * USB write to /dev/hidraw3 with data 0,0,
22-Nov-25 15:37:57.866 - Writing USB device /dev/hidraw3 failed with System.IO.IOException: The process cannot access the file '/dev/hidraw3' because it is being used by another process.
   at Microsoft.Win32.SafeHandles.SafeFileHandle.Init(String path, FileMode mode, FileAccess access, FileShare share, FileOptions options, Int64 preallocationSize, Int64& fileLength, UnixFileMode& filePermissions)
   at Microsoft.Win32.SafeHandles.SafeFileHandle.Open(String fullPath, FileMode mode, FileAccess access, FileShare share, FileOptions options, Int64 preallocationSize, UnixFileMode openPermissions, Int64& fileLength, UnixFileMode& filePermissions, Boolean failForSymlink, Boolean& wasSymlink, Func`4 createOpenException)
   at System.IO.Strategies.OSFileStreamStrategy..ctor(String path, FileMode mode, FileAccess access, FileShare share, FileOptions options, Int64 preallocationSize, Nullable`1 unixCreateMode)
   at System.IO.File.Open(String path, FileMode mode)
   at LDOFLinx.DLOutput.WriteUSB(Byte TheOutput, Byte[]& Snd, Int16 BytesToWrite, Boolean GetReply) in K:\DOFLinx\LDOFLinx\DLOutput.vb:line 36
22-Nov-25 15:37:57.866 * USB write to /dev/hidraw3 with data 0,0,
22-Nov-25 15:37:57.866 - Writing USB device /dev/hidraw3 failed with System.IO.IOException: The process cannot access the file '/dev/hidraw3' because it is being used by another process.
   at Microsoft.Win32.SafeHandles.SafeFileHandle.Init(String path, FileMode mode, FileAccess access, FileShare share, FileOptions options, Int64 preallocationSize, Int64& fileLength, UnixFileMode& filePermissions)
   at Microsoft.Win32.SafeHandles.SafeFileHandle.Open(String fullPath, FileMode mode, FileAccess access, FileShare share, FileOptions options, Int64 preallocationSize, UnixFileMode openPermissions, Int64& fileLength, UnixFileMode& filePermissions, Boolean failForSymlink, Boolean& wasSymlink, Func`4 createOpenException)
   at System.IO.Strategies.OSFileStreamStrategy..ctor(String path, FileMode mode, FileAccess access, FileShare share, FileOptions options, Int64 preallocationSize, Nullable`1 unixCreateMode)
   at System.IO.File.Open(String path, FileMode mode)
   at LDOFLinx.DLOutput.WriteUSB(Byte TheOutput, Byte[]& Snd, Int16 BytesToWrite, Boolean GetReply) in K:\DOFLinx\LDOFLinx\DLOutput.vb:line 36
22-Nov-25 15:37:57.867 * USB write to /dev/hidraw3 with data 0,0,
22-Nov-25 15:37:57.867 - Writing USB device /dev/hidraw3 failed with System.IO.IOException: The process cannot access the file '/dev/hidraw3' because it is being used by another process.
   at Microsoft.Win32.SafeHandles.SafeFileHandle.Init(String path, FileMode mode, FileAccess access, FileShare share, FileOptions options, Int64 preallocationSize, Int64& fileLength, UnixFileMode& filePermissions)
   at Microsoft.Win32.SafeHandles.SafeFileHandle.Open(String fullPath, FileMode mode, FileAccess access, FileShare share, FileOptions options, Int64 preallocationSize, UnixFileMode openPermissions, Int64& fileLength, UnixFileMode& filePermissions, Boolean failForSymlink, Boolean& wasSymlink, Func`4 createOpenException)
   at System.IO.Strategies.OSFileStreamStrategy..ctor(String path, FileMode mode, FileAccess access, FileShare share, FileOptions options, Int64 preallocationSize, Nullable`1 unixCreateMode)
   at System.IO.File.Open(String path, FileMode mode)
   at LDOFLinx.DLOutput.WriteUSB(Byte TheOutput, Byte[]& Snd, Int16 BytesToWrite, Boolean GetReply) in K:\DOFLinx\LDOFLinx\DLOutput.vb:line 36
22-Nov-25 15:37:57.868 * USB write to /dev/hidraw3 with data 0,0,
22-Nov-25 15:37:57.868 - Writing USB device /dev/hidraw3 failed with System.IO.IOException: The process cannot access the file '/dev/hidraw3' because it is being used by another process.
   at Microsoft.Win32.SafeHandles.SafeFileHandle.Init(String path, FileMode mode, FileAccess access, FileShare share, FileOptions options, Int64 preallocationSize, Int64& fileLength, UnixFileMode& filePermissions)
   at Microsoft.Win32.SafeHandles.SafeFileHandle.Open(String fullPath, FileMode mode, FileAccess access, FileShare share, FileOptions options, Int64 preallocationSize, UnixFileMode openPermissions, Int64& fileLength, UnixFileMode& filePermissions, Boolean failForSymlink, Boolean& wasSymlink, Func`4 createOpenException)
   at System.IO.Strategies.OSFileStreamStrategy..ctor(String path, FileMode mode, FileAccess access, FileShare share, FileOptions options, Int64 preallocationSize, Nullable`1 unixCreateMode)
   at System.IO.File.Open(String path, FileMode mode)
   at LDOFLinx.DLOutput.WriteUSB(Byte TheOutput, Byte[]& Snd, Int16 BytesToWrite, Boolean GetReply) in K:\DOFLinx\LDOFLinx\DLOutput.vb:line 36
22-Nov-25 15:38:24.985 - Processing incoming message - QUIT
22-Nov-25 15:38:24.985 - Processing parameter 'QUIT' with data '' in real-time
22-Nov-25 15:38:24.987 - Shutting down
22-Nov-25 15:38:24.989 * USB write to /dev/hidraw3 with data 129,0,
22-Nov-25 15:38:24.989 - Writing USB device /dev/hidraw3 failed with System.IO.IOException: The process cannot access the file '/dev/hidraw3' because it is being used by another process.
   at Microsoft.Win32.SafeHandles.SafeFileHandle.Init(String path, FileMode mode, FileAccess access, FileShare share, FileOptions options, Int64 preallocationSize, Int64& fileLength, UnixFileMode& filePermissions)
   at Microsoft.Win32.SafeHandles.SafeFileHandle.Open(String fullPath, FileMode mode, FileAccess access, FileShare share, FileOptions options, Int64 preallocationSize, UnixFileMode openPermissions, Int64& fileLength, UnixFileMode& filePermissions, Boolean failForSymlink, Boolean& wasSymlink, Func`4 createOpenException)
   at System.IO.Strategies.OSFileStreamStrategy..ctor(String path, FileMode mode, FileAccess access, FileShare share, FileOptions options, Int64 preallocationSize, Nullable`1 unixCreateMode)
   at System.IO.File.Open(String path, FileMode mode)
   at LDOFLinx.DLOutput.WriteUSB(Byte TheOutput, Byte[]& Snd, Int16 BytesToWrite, Boolean GetReply) in K:\DOFLinx\LDOFLinx\DLOutput.vb:line 36
22-Nov-25 15:38:24.989 * USB write to /dev/hidraw3 with data 130,0,
22-Nov-25 15:38:24.989 - Writing USB device /dev/hidraw3 failed with System.IO.IOException: The process cannot access the file '/dev/hidraw3' because it is being used by another process.
   at Microsoft.Win32.SafeHandles.SafeFileHandle.Init(String path, FileMode mode, FileAccess access, FileShare share, FileOptions options, Int64 preallocationSize, Int64& fileLength, UnixFileMode& filePermissions)
   at Microsoft.Win32.SafeHandles.SafeFileHandle.Open(String fullPath, FileMode mode, FileAccess access, FileShare share, FileOptions options, Int64 preallocationSize, UnixFileMode openPermissions, Int64& fileLength, UnixFileMode& filePermissions, Boolean failForSymlink, Boolean& wasSymlink, Func`4 createOpenException)
   at System.IO.Strategies.OSFileStreamStrategy..ctor(String path, FileMode mode, FileAccess access, FileShare share, FileOptions options, Int64 preallocationSize, Nullable`1 unixCreateMode)
   at System.IO.File.Open(String path, FileMode mode)
   at LDOFLinx.DLOutput.WriteUSB(Byte TheOutput, Byte[]& Snd, Int16 BytesToWrite, Boolean GetReply) in K:\DOFLinx\LDOFLinx\DLOutput.vb:line 36
22-Nov-25 15:38:24.989 * USB write to /dev/hidraw3 with data 131,0,
22-Nov-25 15:38:24.990 - Writing USB device /dev/hidraw3 failed with System.IO.IOException: The process cannot access the file '/dev/hidraw3' because it is being used by another process.
   at Microsoft.Win32.SafeHandles.SafeFileHandle.Init(String path, FileMode mode, FileAccess access, FileShare share, FileOptions options, Int64 preallocationSize, Int64& fileLength, UnixFileMode& filePermissions)
   at Microsoft.Win32.SafeHandles.SafeFileHandle.Open(String fullPath, FileMode mode, FileAccess access, FileShare share, FileOptions options, Int64 preallocationSize, UnixFileMode openPermissions, Int64& fileLength, UnixFileMode& filePermissions, Boolean failForSymlink, Boolean& wasSymlink, Func`4 createOpenException)
   at System.IO.Strategies.OSFileStreamStrategy..ctor(String path, FileMode mode, FileAccess access, FileShare share, FileOptions options, Int64 preallocationSize, Nullable`1 unixCreateMode)
   at System.IO.File.Open(String path, FileMode mode)
   at LDOFLinx.DLOutput.WriteUSB(Byte TheOutput, Byte[]& Snd, Int16 BytesToWrite, Boolean GetReply) in K:\DOFLinx\LDOFLinx\DLOutput.vb:line 36
22-Nov-25 15:38:24.990 * USB write to /dev/hidraw3 with data 132,0,
22-Nov-25 15:38:24.990 - Writing USB device /dev/hidraw3 failed with System.IO.IOException: The process cannot access the file '/dev/hidraw3' because it is being used by another process.
   at Microsoft.Win32.SafeHandles.SafeFileHandle.Init(String path, FileMode mode, FileAccess access, FileShare share, FileOptions options, Int64 preallocationSize, Int64& fileLength, UnixFileMode& filePermissions)
   at Microsoft.Win32.SafeHandles.SafeFileHandle.Open(String fullPath, FileMode mode, FileAccess access, FileShare share, FileOptions options, Int64 preallocationSize, UnixFileMode openPermissions, Int64& fileLength, UnixFileMode& filePermissions, Boolean failForSymlink, Boolean& wasSymlink, Func`4 createOpenException)
   at System.IO.Strategies.OSFileStreamStrategy..ctor(String path, FileMode mode, FileAccess access, FileShare share, FileOptions options, Int64 preallocationSize, Nullable`1 unixCreateMode)
   at System.IO.File.Open(String path, FileMode mode)
   at LDOFLinx.DLOutput.WriteUSB(Byte TheOutput, Byte[]& Snd, Int16 BytesToWrite, Boolean GetReply) in K:\DOFLinx\LDOFLinx\DLOutput.vb:line 36
22-Nov-25 15:38:24.990 * USB write to /dev/hidraw3 with data 133,0,
22-Nov-25 15:38:24.990 - Writing USB device /dev/hidraw3 failed with System.IO.IOException: The process cannot access the file '/dev/hidraw3' because it is being used by another process.
   at Microsoft.Win32.SafeHandles.SafeFileHandle.Init(String path, FileMode mode, FileAccess access, FileShare share, FileOptions options, Int64 preallocationSize, Int64& fileLength, UnixFileMode& filePermissions)
   at Microsoft.Win32.SafeHandles.SafeFileHandle.Open(String fullPath, FileMode mode, FileAccess access, FileShare share, FileOptions options, Int64 preallocationSize, UnixFileMode openPermissions, Int64& fileLength, UnixFileMode& filePermissions, Boolean failForSymlink, Boolean& wasSymlink, Func`4 createOpenException)
   at System.IO.Strategies.OSFileStreamStrategy..ctor(String path, FileMode mode, FileAccess access, FileShare share, FileOptions options, Int64 preallocationSize, Nullable`1 unixCreateMode)
   at System.IO.File.Open(String path, FileMode mode)
   at LDOFLinx.DLOutput.WriteUSB(Byte TheOutput, Byte[]& Snd, Int16 BytesToWrite, Boolean GetReply) in K:\DOFLinx\LDOFLinx\DLOutput.vb:line 36
22-Nov-25 15:38:24.991 * USB write to /dev/hidraw3 with data 134,0,
22-Nov-25 15:38:24.991 - Writing USB device /dev/hidraw3 failed with System.IO.IOException: The process cannot access the file '/dev/hidraw3' because it is being used by another process.
   at Microsoft.Win32.SafeHandles.SafeFileHandle.Init(String path, FileMode mode, FileAccess access, FileShare share, FileOptions options, Int64 preallocationSize, Int64& fileLength, UnixFileMode& filePermissions)
   at Microsoft.Win32.SafeHandles.SafeFileHandle.Open(String fullPath, FileMode mode, FileAccess access, FileShare share, FileOptions options, Int64 preallocationSize, UnixFileMode openPermissions, Int64& fileLength, UnixFileMode& filePermissions, Boolean failForSymlink, Boolean& wasSymlink, Func`4 createOpenException)
   at System.IO.Strategies.OSFileStreamStrategy..ctor(String path, FileMode mode, FileAccess access, FileShare share, FileOptions options, Int64 preallocationSize, Nullable`1 unixCreateMode)
   at System.IO.File.Open(String path, FileMode mode)
   at LDOFLinx.DLOutput.WriteUSB(Byte TheOutput, Byte[]& Snd, Int16 BytesToWrite, Boolean GetReply) in K:\DOFLinx\LDOFLinx\DLOutput.vb:line 36
22-Nov-25 15:38:24.991 * USB write to /dev/hidraw3 with data 135,0,
22-Nov-25 15:38:24.991 - Writing USB device /dev/hidraw3 failed with System.IO.IOException: The process cannot access the file '/dev/hidraw3' because it is being used by another process.
   at Microsoft.Win32.SafeHandles.SafeFileHandle.Init(String path, FileMode mode, FileAccess access, FileShare share, FileOptions options, Int64 preallocationSize, Int64& fileLength, UnixFileMode& filePermissions)
   at Microsoft.Win32.SafeHandles.SafeFileHandle.Open(String fullPath, FileMode mode, FileAccess access, FileShare share, FileOptions options, Int64 preallocationSize, UnixFileMode openPermissions, Int64& fileLength, UnixFileMode& filePermissions, Boolean failForSymlink, Boolean& wasSymlink, Func`4 createOpenException)
   at System.IO.Strategies.OSFileStreamStrategy..ctor(String path, FileMode mode, FileAccess access, FileShare share, FileOptions options, Int64 preallocationSize, Nullable`1 unixCreateMode)
   at System.IO.File.Open(String path, FileMode mode)
   at LDOFLinx.DLOutput.WriteUSB(Byte TheOutput, Byte[]& Snd, Int16 BytesToWrite, Boolean GetReply) in K:\DOFLinx\LDOFLinx\DLOutput.vb:line 36
22-Nov-25 15:38:24.991 * USB write to /dev/hidraw3 with data 136,0,
22-Nov-25 15:38:24.991 - Writing USB device /dev/hidraw3 failed with System.IO.IOException: The process cannot access the file '/dev/hidraw3' because it is being used by another process.
   at Microsoft.Win32.SafeHandles.SafeFileHandle.Init(String path, FileMode mode, FileAccess access, FileShare share, FileOptions options, Int64 preallocationSize, Int64& fileLength, UnixFileMode& filePermissions)
   at Microsoft.Win32.SafeHandles.SafeFileHandle.Open(String fullPath, FileMode mode, FileAccess access, FileShare share, FileOptions options, Int64 preallocationSize, UnixFileMode openPermissions, Int64& fileLength, UnixFileMode& filePermissions, Boolean failForSymlink, Boolean& wasSymlink, Func`4 createOpenException)
   at System.IO.Strategies.OSFileStreamStrategy..ctor(String path, FileMode mode, FileAccess access, FileShare share, FileOptions options, Int64 preallocationSize, Nullable`1 unixCreateMode)
   at System.IO.File.Open(String path, FileMode mode)
   at LDOFLinx.DLOutput.WriteUSB(Byte TheOutput, Byte[]& Snd, Int16 BytesToWrite, Boolean GetReply) in K:\DOFLinx\LDOFLinx\DLOutput.vb:line 36
22-Nov-25 15:38:24.994 - Program close
22-Nov-25 15:42:26.660 - DEBUG enabled with showing of window True
22-Nov-25 15:42:26.672 * BETA logging flag enabled
22-Nov-25 15:42:26.672 - ***************************************************************
22-Nov-25 15:42:26.672 - Linux DOFLinx for Pinball and MAME Emulators - DOFLinx by DDH69
22-Nov-25 15:42:26.672 - Starting up - version 1.04 Beta 1
22-Nov-25 15:42:26.672 - ***************************************************************
22-Nov-25 15:42:26.674 - Linux OS on Arm64 processor with 64 bit operating system and 64 bit application
22-Nov-25 15:42:26.674 - If you like it, please make a donation here https://www.paypal.com/donate?hosted_button_id=YEPCTUYFX5KDE
22-Nov-25 15:42:26.674 - The guide can be found here https://doflinx.github.io/docs/
22-Nov-25 15:42:26.674 - For support come and visit the community here https://www.vpforums.org/index.php?showforum=104
22-Nov-25 15:42:26.675 - Pre-Reading DOFLinx.ini startup config file details
22-Nov-25 15:42:26.704 * Processing parameter 'DEBUG' with data '69' not in real-time
22-Nov-25 15:42:26.704 - DEBUG enabled with showing of window True
22-Nov-25 15:42:26.704 * Special logging flag enabled with window turned on
22-Nov-25 15:42:26.704 - DEBUG enabled with showing of window True
22-Nov-25 15:42:26.711 * PacLED64 board found - not fully implemented
22-Nov-25 15:42:26.723 * Probable ID=1
22-Nov-25 15:42:26.723 * /dev/hidraw3
22-Nov-25 15:42:26.723 - Opening device #1 PacLED64 ID#1 named  with 64 outputs
22-Nov-25 15:42:26.724 * Starting monitoring of keyboard = /dev/input/by-path/platform-xhci-hcd.0-usb-0:1:1.0-event-kbd
22-Nov-25 15:42:26.725 - Reading DOFLinx.ini startup config file details
22-Nov-25 15:42:26.726 * Processing parameter 'DEBUG' with data '69' not in real-time
22-Nov-25 15:42:26.726 - DEBUG enabled with showing of window True
22-Nov-25 15:42:26.726 * Special logging flag enabled with window turned on
22-Nov-25 15:42:26.726 * Processing parameter 'COLOUR_FILE' with data './config/colours.ini' not in real-time
22-Nov-25 15:42:26.727 - Reading colour file named ./config/colours.ini
22-Nov-25 15:42:26.732 * Processing parameter 'PATH_MAME' with data './mame/' not in real-time
22-Nov-25 15:42:26.733 * Processing parameter 'PATH_PIXELCADE' with data './pixelcade/' not in real-time
22-Nov-25 15:42:26.734 - The path './pixelcade/' does not exist
22-Nov-25 15:42:26.734 * Processing parameter 'MAME_FOLDER' with data '/usr/games/' not in real-time
22-Nov-25 15:42:26.734 * Processing parameter 'PROCESSES' with data 'retroarch' not in real-time
22-Nov-25 15:42:26.734 * Processing parameter 'MAME_PROCESS' with data 'retroarch' not in real-time
22-Nov-25 15:42:26.734 * Processing parameter 'MAME_RETROARCH_NCI' with data '1' not in real-time
22-Nov-25 15:42:26.734 * Processing parameter 'PIXELCADE_LCD_USE_NETWORK_ADDRESS' with data '1' not in real-time
22-Nov-25 15:42:26.734 * Processing parameter 'PIXELCADE_MENU_HIGHSCORE' with data '1' not in real-time
22-Nov-25 15:42:26.734 * Processing parameter 'PIXELCADE_GAME_START_HIGHSCORE' with data '1' not in real-time
22-Nov-25 15:42:26.734 * Processing parameter 'RGB_STYLE' with data 'RANDOM' not in real-time
22-Nov-25 15:42:26.734 * Processing parameter 'RGB_TRIGGER' with data 'TIME' not in real-time
22-Nov-25 15:42:26.734 * Processing parameter 'RGB_MIN_TIME' with data '1000' not in real-time
22-Nov-25 15:42:26.734 * Processing parameter 'LINK_BUT_CN' with data '0000,Orange,6' not in real-time
22-Nov-25 15:42:26.737 * Processing parameter 'LINK_BUT_EX' with data '0000,Amber,1' not in real-time
22-Nov-25 15:42:26.737 * Processing parameter 'LINK_BUT_J1' with data '0000,Random,0' not in real-time
22-Nov-25 15:42:26.737 * Processing parameter 'LINK_BUT_ST' with data '0000,White,6' not in real-time
22-Nov-25 15:42:26.737 * Processing parameter 'LINK_BUT_RE' with data '0000,Orange_Red,61' not in real-time
22-Nov-25 15:42:26.737 * Processing parameter 'LINK_BUT_PS' with data '0000,Deep_Pink,25' not in real-time
22-Nov-25 15:42:26.737 * Processing parameter 'LINK_BUT_P1' with data '0000,Cyan,2' not in real-time
22-Nov-25 15:42:26.737 * Processing parameter 'LINK_BUT_P2' with data '0000,Orchid,3' not in real-time
22-Nov-25 15:42:26.737 * Processing parameter 'LINK_BUT_B1' with data '0000,Green,29' not in real-time
22-Nov-25 15:42:26.737 * Processing parameter 'LINK_BUT_B2' with data '0000,Red,56' not in real-time
22-Nov-25 15:42:26.738 * Processing parameter 'LINK_BUT_B3' with data '0000,Yellow,57' not in real-time
22-Nov-25 15:42:26.738 * Processing parameter 'LINK_BUT_B4' with data '0000,Blue,00' not in real-time
22-Nov-25 15:42:26.738 * Processing parameter 'LINK_BUT_B5' with data '0000,Blue,44' not in real-time
22-Nov-25 15:42:26.738 * Processing parameter 'LINK_BUT_B6' with data '0000,Blue,45' not in real-time
22-Nov-25 15:42:26.738 * Processing parameter 'LINK_BUT_CH' with data '0000,Deep_Pink,64' not in real-time
22-Nov-25 15:42:26.738 * Processing parameter 'LINK_BUT_MN' with data '0000,Yellow,15' not in real-time
22-Nov-25 15:42:26.738 - DEBUG enabled with showing of window True
22-Nov-25 15:42:26.782 - No pixelcade.ini or settings.ini file could be found in the PATH_PIXELCADE= location
22-Nov-25 15:42:26.798 * 
22-Nov-25 15:42:26.799 - /usr/games/retroarch for game names was not found
22-Nov-25 15:42:26.801 - Trigger thread starting
22-Nov-25 15:42:26.810 * No menu.ini found
22-Nov-25 15:42:34.555 - Processing incoming message - QUIT
22-Nov-25 15:42:34.555 - Processing parameter 'QUIT' with data '' in real-time
22-Nov-25 15:42:34.559 - Shutting down
22-Nov-25 15:42:34.566 * USB write to /dev/hidraw3 with data 129,0,
22-Nov-25 15:42:34.567 * USB write to /dev/hidraw3 with data 130,0,
22-Nov-25 15:42:34.569 * USB write to /dev/hidraw3 with data 131,0,
22-Nov-25 15:42:34.569 * USB write to /dev/hidraw3 with data 132,0,
22-Nov-25 15:42:34.569 * USB write to /dev/hidraw3 with data 133,0,
22-Nov-25 15:42:34.569 * USB write to /dev/hidraw3 with data 134,0,
22-Nov-25 15:42:34.569 * USB write to /dev/hidraw3 with data 135,0,
22-Nov-25 15:42:34.569 * USB write to /dev/hidraw3 with data 136,0,
22-Nov-25 15:42:34.572 - Program close
22-Nov-25 15:46:35.044 - DEBUG enabled with showing of window True
22-Nov-25 15:46:35.056 * BETA logging flag enabled
22-Nov-25 15:46:35.056 - ***************************************************************
22-Nov-25 15:46:35.056 - Linux DOFLinx for Pinball and MAME Emulators - DOFLinx by DDH69
22-Nov-25 15:46:35.056 - Starting up - version 1.04 Beta 1
22-Nov-25 15:46:35.056 - ***************************************************************
22-Nov-25 15:46:35.057 - Linux OS on Arm64 processor with 64 bit operating system and 64 bit application
22-Nov-25 15:46:35.057 - If you like it, please make a donation here https://www.paypal.com/donate?hosted_button_id=YEPCTUYFX5KDE
22-Nov-25 15:46:35.057 - The guide can be found here https://doflinx.github.io/docs/
22-Nov-25 15:46:35.057 - For support come and visit the community here https://www.vpforums.org/index.php?showforum=104
22-Nov-25 15:46:35.058 - Pre-Reading DOFLinx.ini startup config file details
22-Nov-25 15:46:35.085 * Processing parameter 'DEBUG' with data '69' not in real-time
22-Nov-25 15:46:35.085 - DEBUG enabled with showing of window True
22-Nov-25 15:46:35.085 * Special logging flag enabled with window turned on
22-Nov-25 15:46:35.085 - DEBUG enabled with showing of window True
22-Nov-25 15:46:35.093 * PacLED64 board found - not fully implemented
22-Nov-25 15:46:35.104 * Probable ID=1
22-Nov-25 15:46:35.104 * /dev/hidraw3
22-Nov-25 15:46:35.104 - Opening device #1 PacLED64 ID#1 named  with 64 outputs
22-Nov-25 15:46:35.105 * Starting monitoring of keyboard = /dev/input/by-path/platform-xhci-hcd.0-usb-0:1:1.0-event-kbd
22-Nov-25 15:46:35.106 - Reading DOFLinx.ini startup config file details
22-Nov-25 15:46:35.107 * Processing parameter 'DEBUG' with data '69' not in real-time
22-Nov-25 15:46:35.107 - DEBUG enabled with showing of window True
22-Nov-25 15:46:35.107 * Special logging flag enabled with window turned on
22-Nov-25 15:46:35.107 * Processing parameter 'COLOUR_FILE' with data './config/colours.ini' not in real-time
22-Nov-25 15:46:35.107 - Reading colour file named ./config/colours.ini
22-Nov-25 15:46:35.109 * Processing parameter 'PATH_MAME' with data './mame/' not in real-time
22-Nov-25 15:46:35.110 * Processing parameter 'PATH_PIXELCADE' with data './pixelcade/' not in real-time
22-Nov-25 15:46:35.110 - The path './pixelcade/' does not exist
22-Nov-25 15:46:35.110 * Processing parameter 'MAME_FOLDER' with data '/usr/games/' not in real-time
22-Nov-25 15:46:35.111 * Processing parameter 'PROCESSES' with data 'retroarch' not in real-time
22-Nov-25 15:46:35.111 * Processing parameter 'MAME_PROCESS' with data 'retroarch' not in real-time
22-Nov-25 15:46:35.111 * Processing parameter 'MAME_RETROARCH_NCI' with data '1' not in real-time
22-Nov-25 15:46:35.111 * Processing parameter 'PIXELCADE_LCD_USE_NETWORK_ADDRESS' with data '1' not in real-time
22-Nov-25 15:46:35.111 * Processing parameter 'PIXELCADE_MENU_HIGHSCORE' with data '1' not in real-time
22-Nov-25 15:46:35.111 * Processing parameter 'PIXELCADE_GAME_START_HIGHSCORE' with data '1' not in real-time
22-Nov-25 15:46:35.111 * Processing parameter 'RGB_STYLE' with data 'RANDOM' not in real-time
22-Nov-25 15:46:35.111 * Processing parameter 'RGB_TRIGGER' with data 'TIME' not in real-time
22-Nov-25 15:46:35.111 * Processing parameter 'RGB_MIN_TIME' with data '1000' not in real-time
22-Nov-25 15:46:35.111 * Processing parameter 'LINK_BUT_CN' with data '0000,Orange,6' not in real-time
22-Nov-25 15:46:35.116 * Processing parameter 'LINK_BUT_EX' with data '0000,Amber,1' not in real-time
22-Nov-25 15:46:35.116 * Processing parameter 'LINK_BUT_J1' with data '0000,Random,0' not in real-time
22-Nov-25 15:46:35.116 * Processing parameter 'LINK_BUT_ST' with data '0000,White,6' not in real-time
22-Nov-25 15:46:35.116 * Processing parameter 'LINK_BUT_RE' with data '0000,Orange_Red,61' not in real-time
22-Nov-25 15:46:35.116 * Processing parameter 'LINK_BUT_PS' with data '0000,Deep_Pink,25' not in real-time
22-Nov-25 15:46:35.116 * Processing parameter 'LINK_BUT_P1' with data '0000,Cyan,2' not in real-time
22-Nov-25 15:46:35.116 * Processing parameter 'LINK_BUT_P2' with data '0000,Orchid,3' not in real-time
22-Nov-25 15:46:35.116 * Processing parameter 'LINK_BUT_B1' with data '0000,Green,29' not in real-time
22-Nov-25 15:46:35.116 * Processing parameter 'LINK_BUT_B2' with data '0000,Red,56' not in real-time
22-Nov-25 15:46:35.116 * Processing parameter 'LINK_BUT_B3' with data '0000,Yellow,57' not in real-time
22-Nov-25 15:46:35.116 * Processing parameter 'LINK_BUT_B4' with data '0000,Blue,00' not in real-time
22-Nov-25 15:46:35.116 * Processing parameter 'LINK_BUT_B5' with data '0000,Blue,44' not in real-time
22-Nov-25 15:46:35.116 * Processing parameter 'LINK_BUT_B6' with data '0000,Blue,45' not in real-time
22-Nov-25 15:46:35.116 * Processing parameter 'LINK_BUT_CH' with data '0000,Deep_Pink,64' not in real-time
22-Nov-25 15:46:35.116 * Processing parameter 'LINK_BUT_MN' with data '0000,Yellow,15' not in real-time
22-Nov-25 15:46:35.116 - DEBUG enabled with showing of window True
22-Nov-25 15:46:35.157 - No pixelcade.ini or settings.ini file could be found in the PATH_PIXELCADE= location
22-Nov-25 15:46:35.168 * 
22-Nov-25 15:46:35.170 - /usr/games/retroarch for game names was not found
22-Nov-25 15:46:35.171 - Trigger thread starting
22-Nov-25 15:46:35.180 * No menu.ini found
22-Nov-25 15:49:26.047 - Processing incoming message - QUIT
22-Nov-25 15:49:26.047 - Processing parameter 'QUIT' with data '' in real-time
22-Nov-25 15:49:26.050 - Shutting down
22-Nov-25 15:49:26.052 * USB write to /dev/hidraw3 with data 129,0,
22-Nov-25 15:49:26.053 * USB write to /dev/hidraw3 with data 130,0,
22-Nov-25 15:49:26.057 * USB write to /dev/hidraw3 with data 131,0,
22-Nov-25 15:49:26.057 * USB write to /dev/hidraw3 with data 132,0,
22-Nov-25 15:49:26.057 * USB write to /dev/hidraw3 with data 133,0,
22-Nov-25 15:49:26.057 * USB write to /dev/hidraw3 with data 134,0,
22-Nov-25 15:49:26.057 * USB write to /dev/hidraw3 with data 135,0,
22-Nov-25 15:49:26.057 * USB write to /dev/hidraw3 with data 136,0,
22-Nov-25 15:49:26.060 - Program close
22-Nov-25 15:49:54.603 - DEBUG enabled with showing of window True
22-Nov-25 15:49:54.618 * BETA logging flag enabled
22-Nov-25 15:49:54.618 - ***************************************************************
22-Nov-25 15:49:54.618 - Linux DOFLinx for Pinball and MAME Emulators - DOFLinx by DDH69
22-Nov-25 15:49:54.618 - Starting up - version 1.04 Beta 1
22-Nov-25 15:49:54.618 - ***************************************************************
22-Nov-25 15:49:54.620 - Linux OS on Arm64 processor with 64 bit operating system and 64 bit application
22-Nov-25 15:49:54.620 - If you like it, please make a donation here https://www.paypal.com/donate?hosted_button_id=YEPCTUYFX5KDE
22-Nov-25 15:49:54.620 - The guide can be found here https://doflinx.github.io/docs/
22-Nov-25 15:49:54.620 - For support come and visit the community here https://www.vpforums.org/index.php?showforum=104
22-Nov-25 15:49:54.621 - Pre-Reading DOFLinx.ini startup config file details
22-Nov-25 15:49:54.651 * Processing parameter 'DEBUG' with data '69' not in real-time
22-Nov-25 15:49:54.652 - DEBUG enabled with showing of window True
22-Nov-25 15:49:54.652 * Special logging flag enabled with window turned on
22-Nov-25 15:49:54.652 - DEBUG enabled with showing of window True
22-Nov-25 15:49:54.659 * PacLED64 board found - not fully implemented
22-Nov-25 15:49:54.671 * Probable ID=1
22-Nov-25 15:49:54.671 * /dev/hidraw3
22-Nov-25 15:49:54.671 - Opening device #1 PacLED64 ID#1 named  with 64 outputs
22-Nov-25 15:49:54.672 * Starting monitoring of keyboard = /dev/input/by-path/platform-xhci-hcd.0-usb-0:1:1.0-event-kbd
22-Nov-25 15:49:54.674 - Reading DOFLinx.ini startup config file details
22-Nov-25 15:49:54.674 * Processing parameter 'DEBUG' with data '69' not in real-time
22-Nov-25 15:49:54.674 - DEBUG enabled with showing of window True
22-Nov-25 15:49:54.674 * Special logging flag enabled with window turned on
22-Nov-25 15:49:54.674 * Processing parameter 'COLOUR_FILE' with data './config/colours.ini' not in real-time
22-Nov-25 15:49:54.676 - Reading colour file named ./config/colours.ini
22-Nov-25 15:49:54.679 * Processing parameter 'PATH_MAME' with data './mame/' not in real-time
22-Nov-25 15:49:54.680 * Processing parameter 'PATH_PIXELCADE' with data './pixelcade/' not in real-time
22-Nov-25 15:49:54.681 - The path './pixelcade/' does not exist
22-Nov-25 15:49:54.681 * Processing parameter 'MAME_FOLDER' with data '/usr/games/' not in real-time
22-Nov-25 15:49:54.681 * Processing parameter 'PROCESSES' with data 'retroarch' not in real-time
22-Nov-25 15:49:54.681 * Processing parameter 'MAME_PROCESS' with data 'retroarch' not in real-time
22-Nov-25 15:49:54.681 * Processing parameter 'MAME_RETROARCH_NCI' with data '1' not in real-time
22-Nov-25 15:49:54.681 * Processing parameter 'PIXELCADE_LCD_USE_NETWORK_ADDRESS' with data '1' not in real-time
22-Nov-25 15:49:54.681 * Processing parameter 'PIXELCADE_MENU_HIGHSCORE' with data '1' not in real-time
22-Nov-25 15:49:54.681 * Processing parameter 'PIXELCADE_GAME_START_HIGHSCORE' with data '1' not in real-time
22-Nov-25 15:49:54.681 * Processing parameter 'RGB_STYLE' with data 'RANDOM' not in real-time
22-Nov-25 15:49:54.681 * Processing parameter 'RGB_TRIGGER' with data 'TIME' not in real-time
22-Nov-25 15:49:54.681 * Processing parameter 'RGB_MIN_TIME' with data '1000' not in real-time
22-Nov-25 15:49:54.681 * Processing parameter 'LINK_BUT_CN' with data '0000,Orange,6' not in real-time
22-Nov-25 15:49:54.684 * Processing parameter 'LINK_BUT_EX' with data '0000,Amber,1' not in real-time
22-Nov-25 15:49:54.685 * Processing parameter 'LINK_BUT_J1' with data '0000,Random,0' not in real-time
22-Nov-25 15:49:54.685 * Processing parameter 'LINK_BUT_ST' with data '0000,White,6' not in real-time
22-Nov-25 15:49:54.685 * Processing parameter 'LINK_BUT_RE' with data '0000,Orange_Red,61' not in real-time
22-Nov-25 15:49:54.685 * Processing parameter 'LINK_BUT_PS' with data '0000,Deep_Pink,25' not in real-time
22-Nov-25 15:49:54.685 * Processing parameter 'LINK_BUT_P1' with data '0000,Cyan,2' not in real-time
22-Nov-25 15:49:54.685 * Processing parameter 'LINK_BUT_P2' with data '0000,Orchid,3' not in real-time
22-Nov-25 15:49:54.685 * Processing parameter 'LINK_BUT_B1' with data '0000,Green,29' not in real-time
22-Nov-25 15:49:54.685 * Processing parameter 'LINK_BUT_B2' with data '0000,Red,56' not in real-time
22-Nov-25 15:49:54.685 * Processing parameter 'LINK_BUT_B3' with data '0000,Yellow,57' not in real-time
22-Nov-25 15:49:54.685 * Processing parameter 'LINK_BUT_B4' with data '0000,Blue,00' not in real-time
22-Nov-25 15:49:54.685 * Processing parameter 'LINK_BUT_B5' with data '0000,Blue,44' not in real-time
22-Nov-25 15:49:54.685 * Processing parameter 'LINK_BUT_B6' with data '0000,Blue,45' not in real-time
22-Nov-25 15:49:54.685 * Processing parameter 'LINK_BUT_CH' with data '0000,Deep_Pink,64' not in real-time
22-Nov-25 15:49:54.685 * Processing parameter 'LINK_BUT_MN' with data '0000,Yellow,15' not in real-time
22-Nov-25 15:49:54.685 - DEBUG enabled with showing of window True
22-Nov-25 15:49:54.726 - No pixelcade.ini or settings.ini file could be found in the PATH_PIXELCADE= location
22-Nov-25 15:49:54.739 * 
22-Nov-25 15:49:54.740 - /usr/games/retroarch for game names was not found
22-Nov-25 15:49:54.744 - Trigger thread starting
22-Nov-25 15:49:54.851 * No menu.ini found
22-Nov-25 15:50:19.006 - Processing incoming message - QUIT
22-Nov-25 15:50:19.006 - Processing parameter 'QUIT' with data '' in real-time
22-Nov-25 15:50:19.009 - Shutting down
22-Nov-25 15:50:19.011 * USB write to /dev/hidraw3 with data 129,0,
22-Nov-25 15:50:19.013 * USB write to /dev/hidraw3 with data 130,0,
22-Nov-25 15:50:19.014 * USB write to /dev/hidraw3 with data 131,0,
22-Nov-25 15:50:19.014 * USB write to /dev/hidraw3 with data 132,0,
22-Nov-25 15:50:19.014 * USB write to /dev/hidraw3 with data 133,0,
22-Nov-25 15:50:19.014 * USB write to /dev/hidraw3 with data 134,0,
22-Nov-25 15:50:19.014 * USB write to /dev/hidraw3 with data 135,0,
22-Nov-25 15:50:19.014 * USB write to /dev/hidraw3 with data 136,0,
22-Nov-25 15:50:19.017 - Program close
